timestep,0,1,2,3,4
0,19.6,21.904727066198586,19.74404515829909,129.36293462637056,91
1,20.3,21.904727066198586,20.608397387990205,127.56605612450431,90
2,21.2,21.904727066198586,21.040573502835763,126.948536336315,83
3,20.5,21.904727066198586,21.18463220778428,128.1997231985712,79
4,20.5,34.80523813220465,22.625219257269464,128.99781882591822,77
5,21.5,34.80523813220465,22.337101847372427,127.86933357679372,75
6,21.1,133.84188663953668,22.19304314242391,131.66588444715785,77
7,21.5,81.27054168065742,47.72559114958122,135.06670279878998,77
8,23.1,142.97609432066915,22.337101847372427,136.5545218502761,87
9,24.6,142.97609432066915,21.904925732526877,140.0279230704372,84
10,26.1,142.97609432066915,21.76086702757836,136.54527178897487,102
11,26.6,142.97609432066915,59.77157162841728,136.18761318219873,111
12,26.6,221.6194071046838,21.61680832262984,136.20440138200829,117
13,26.9,169.04806214580455,21.47274961768132,134.53909350979805,134
14,27.7,142.97609432066915,21.3286909127328,134.42714052468057,99
15,28.7,55.19857385552203,21.47274961768132,132.95687248743693,101
16,28.1,55.19857385552203,21.3286909127328,132.71735455453506,103
17,27.9,55.19857385552203,21.47274961768132,131.09057026094513,109
18,28.2,55.19857385552203,84.43976740588349,130.95617816023014,93
19,27.2,55.19857385552203,21.18463220778428,130.8004172278995,91
20,26.4,81.27054168065742,21.040573502835763,129.6742751504453,111
21,26.1,81.27054168065742,21.040573502835763,126.4876586918079,99
22,25.3,55.19857385552203,21.18463220778428,126.1362440727315,91
23,25.0,21.904727066198586,21.040573502835763,125.942509986639,94
24,25.5,21.904727066198586,21.040573502835763,127.63063209937772,81
25,25.2,21.904727066198586,20.89651479788724,126.581729997003,78
26,24.2,21.904727066198586,21.040573502835763,127.19018396399406,78
27,23.4,21.904727066198586,21.47274961768132,128.39977835117372,80
28,22.5,34.80523813220465,21.76086702757836,130.0862752849844,80
29,22.5,34.80523813220465,21.3286909127328,133.23365355502835,87
30,22.9,133.84188663953668,21.040573502835763,133.62603761560024,99
31,22.5,81.27054168065742,46.28500410009604,135.24349090305685,111
32,22.0,142.97609432066915,21.040573502835763,138.60108229806937,98
33,22.0,142.97609432066915,21.18463220778428,139.36876115295345,98
34,21.7,142.97609432066915,20.89651479788724,140.62108559213397,120
35,21.4,142.97609432066915,58.475043283880616,143.61385935362804,100
36,21.1,221.6194071046838,20.32027997809317,142.60191509103126,113
37,20.5,169.04806214580455,20.608397387990205,142.99070290560627,95
38,20.1,142.97609432066915,21.040573502835763,143.96612063148584,80
39,19.9,55.19857385552203,21.47274961768132,144.60514601181316,100
40,20.1,55.19857385552203,21.47274961768132,142.64098704068593,97
41,20.7,55.19857385552203,21.040573502835763,140.58061607558673,96
42,20.9,55.19857385552203,84.00759129103794,139.91715357125332,114
43,21.4,55.19857385552203,21.040573502835763,138.47193675142125,116
44,21.5,81.27054168065742,21.47274961768132,136.47178644597426,124
45,21.2,81.27054168065742,21.47274961768132,135.4624104300064,94
46,20.6,55.19857385552203,22.048984437475397,133.70940028194448,91
47,20.0,21.904727066198586,22.19304314242391,133.15132637846943,82
48,19.1,21.904727066198586,22.337101847372427,131.90582123936267,80
49,19.0,21.904727066198586,22.337101847372427,131.4912470591619,74
50,19.3,21.904727066198586,22.19304314242391,131.1676807242932,76
51,19.6,21.904727066198586,22.048984437475397,131.25863915703368,76
52,20.0,34.80523813220465,22.337101847372427,130.39219745864708,77
53,22.1,34.80523813220465,22.625219257269464,131.73169682413868,85
54,23.8,133.84188663953668,22.625219257269464,135.83556272334397,116
55,25.7,81.27054168065742,48.15776726442678,138.72545850272067,119
56,26.7,142.97609432066915,23.05739537211502,140.47379136843065,108
57,25.3,142.97609432066915,22.913336667166504,141.01414439432895,97
58,23.6,142.97609432066915,22.769277962217984,141.73566608967036,101
59,23.7,142.97609432066915,60.49186515315988,142.87475160822123,92
60,24.0,221.6194071046838,23.20145407706354,142.57785248789028,92
61,23.6,169.04806214580455,23.63363019190909,142.9248490897039,86
62,23.0,142.97609432066915,24.06580630675465,143.95636859141223,96
63,23.2,55.19857385552203,24.49798242160021,145.99001266026164,99
64,23.8,55.19857385552203,24.786099831497243,144.89632184926,105
65,23.9,55.19857385552203,24.64204112654873,144.66748053971574,102
66,23.9,55.19857385552203,87.89717632464794,143.51212861348955,102
67,23.7,55.19857385552203,24.93015853644576,143.4742014895502,123
68,23.4,81.27054168065742,24.64204112654873,142.12315395440405,130
69,23.1,81.27054168065742,24.64204112654873,140.35280155727864,97
70,22.7,55.19857385552203,24.353923716651693,138.36604943374647,99
71,22.8,21.904727066198586,24.20986501170317,136.1220359076706,94
72,22.0,21.904727066198586,24.20986501170317,134.80131501835342,82
73,21.3,21.904727066198586,23.63363019190909,138.08697484870265,72
74,20.4,21.904727066198586,23.20145407706354,139.0103647400731,77
75,19.6,21.904727066198586,22.769277962217984,137.80015879656474,77
76,20.6,34.80523813220465,22.625219257269464,140.02802286212577,79
77,23.2,34.80523813220465,22.769277962217984,144.0619893952069,86
78,26.1,133.84188663953668,22.625219257269464,152.67138213601714,98
79,28.1,81.27054168065742,47.72559114958122,160.8096896057363,121
80,30.8,142.97609432066915,22.337101847372427,162.9897550230471,105
81,33.2,142.97609432066915,22.19304314242391,163.34508809687753,110
82,32.4,142.97609432066915,21.904925732526877,163.98089561809485,98
83,33.0,142.97609432066915,59.915630333365804,163.37119969158996,107
84,32.7,221.6194071046838,22.481160552320947,162.30289680433893,124
85,32.1,169.04806214580455,22.481160552320947,163.99119820384013,108
86,30.1,142.97609432066915,22.337101847372427,166.65706188401953,95
87,30.6,55.19857385552203,22.19304314242391,167.52476281820503,94
88,31.1,55.19857385552203,22.19304314242391,163.2233458612263,99
89,30.7,55.19857385552203,22.337101847372427,161.29707088373237,100
90,30.1,55.19857385552203,85.44817834052313,157.6406368467255,124
91,29.9,55.19857385552203,22.337101847372427,154.24311512439823,109
92,30.9,81.27054168065742,22.337101847372427,151.56223871493606,141
93,31.0,81.27054168065742,22.337101847372427,151.0789250959742,118
94,29.1,55.19857385552203,22.19304314242391,150.14763208947176,104
95,27.9,21.904727066198586,22.048984437475397,147.24691845612742,89
96,28.3,21.904727066198586,22.048984437475397,143.19641682685358,80
97,26.7,21.904727066198586,22.048984437475397,145.379176257316,78
98,26.2,21.904727066198586,22.048984437475397,144.21836671639355,74
99,26.2,21.904727066198586,22.625219257269464,144.50376877104608,75
100,27.4,34.80523813220465,22.913336667166504,145.70144445454113,76
101,28.8,34.80523813220465,23.34551278201205,148.87891559690635,73
102,27.9,113.44855091621928,23.63363019190909,156.72774163406012,93
103,28.8,60.87720595734003,48.87806078916937,165.30101703240155,107
104,30.2,34.80523813220465,23.63363019190909,162.16966789294293,97
105,29.0,34.80523813220465,23.63363019190909,158.98494518093776,93
106,28.7,34.80523813220465,23.48957148696057,174.6726096294663,144
107,29.0,34.80523813220465,60.92404126800543,173.28051811109114,122
108,29.1,113.44855091621928,22.913336667166504,168.28850739180817,109
109,28.2,60.87720595734003,23.34551278201205,168.64637935466422,113
110,27.8,34.80523813220465,23.921747601806132,169.78512442166743,121
111,28.2,34.80523813220465,24.06580630675465,170.4701207884235,104
112,29.2,34.80523813220465,24.20986501170317,165.08359377671454,125
113,30.7,34.80523813220465,24.20986501170317,160.86606901025797,111
114,31.2,34.80523813220465,87.17688279990534,158.16631783651508,127
115,30.6,34.80523813220465,24.20986501170317,154.82197529832402,127
116,30.6,60.87720595734003,24.353923716651693,153.06522610308377,103
117,30.2,60.87720595734003,24.353923716651693,151.44677622768654,101
118,30.6,34.80523813220465,24.64204112654873,148.86839929264167,118
119,31.9,21.904727066198586,24.64204112654873,146.6378151182816,99
120,31.7,21.904727066198586,24.49798242160021,143.54189492777914,95
121,32.1,21.904727066198586,24.353923716651693,143.1842444154862,96
122,31.4,21.904727066198586,24.49798242160021,142.39173953896236,93
123,31.2,21.904727066198586,24.49798242160021,135.71896000128012,98
124,30.5,21.904727066198586,24.64204112654873,142.9999980302245,101
125,31.2,21.904727066198586,24.786099831497243,148.1897765461299,105
126,32.1,100.54803985021324,25.074217241394283,152.4693367070497,107
127,35.2,47.97669489133397,50.75082395350012,155.2165203442874,105
128,36.2,21.904727066198586,25.650452061188357,157.64454841512818,123
129,37.3,21.904727066198586,26.08262817603391,158.2751519085188,156
130,37.1,21.904727066198586,25.93856947108539,159.40699987175887,156
131,36.5,21.904727066198586,63.51709795707876,158.29011135918822,185
132,35.8,100.54803985021324,25.36233465129132,156.921301628357,178
133,34.3,47.97669489133397,25.074217241394283,156.4662855978277,157
134,33.8,21.904727066198586,25.074217241394283,157.413549140522,146
135,34.0,21.904727066198586,25.074217241394283,160.06468363995745,140
136,35.6,21.904727066198586,24.93015853644576,158.327985083701,150
137,35.5,21.904727066198586,24.786099831497243,149.4366234364391,137
138,36.2,21.904727066198586,88.04123502959645,151.61482506878687,163
139,35.7,21.904727066198586,24.64204112654873,149.30722768569046,162
140,35.6,47.97669489133397,24.786099831497243,148.1299511872101,149
141,35.9,47.97669489133397,24.64204112654873,146.61004318800508,146
142,35.8,21.904727066198586,24.353923716651693,144.31047480737664,127
143,35.1,21.904727066198586,24.353923716651693,142.64834770462946,149
144,34.5,21.904727066198586,24.06580630675465,141.670549959059,128
145,35.0,21.904727066198586,24.06580630675465,140.4981657903951,122
146,34.4,21.904727066198586,24.06580630675465,144.12014729058487,120
147,34.8,21.904727066198586,23.921747601806132,144.3873705856998,121
148,34.8,34.80523813220465,23.921747601806132,144.41097035353943,119
149,34.5,34.80523813220465,23.921747601806132,149.57374120335948,123
150,35.4,133.84188663953668,23.77768889685761,157.74623952854284,120
151,37.2,81.27054168065742,49.02211949411789,164.51964811095434,123
152,37.4,142.97609432066915,23.63363019190909,167.60146964471113,141
153,36.4,142.97609432066915,23.48957148696057,167.42859757893467,156
154,36.7,142.97609432066915,23.48957148696057,165.06917411934356,174
155,36.3,142.97609432066915,61.21215867790247,164.52293519601778,153
156,34.7,221.6194071046838,23.05739537211502,162.49138771913366,166
157,33.4,169.04806214580455,22.913336667166504,162.52785252031472,157
158,32.8,142.97609432066915,22.769277962217984,165.0802669441141,141
159,32.9,55.19857385552203,22.769277962217984,163.49971882188797,173
160,32.9,55.19857385552203,22.913336667166504,157.27925163652876,149
161,33.1,55.19857385552203,23.05739537211502,154.332547324207,152
162,32.1,55.19857385552203,86.45658927516274,150.80201197957456,163
163,30.9,55.19857385552203,23.05739537211502,151.70540994716777,138
164,30.1,81.27054168065742,23.05739537211502,149.89397708123226,131
165,29.9,81.27054168065742,23.05739537211502,147.87196828834183,133
166,28.5,55.19857385552203,23.05739537211502,146.74870808853774,111
167,28.2,21.904727066198586,23.20145407706354,143.98814922388993,105
168,27.5,21.904727066198586,23.05739537211502,141.87784266697236,93
169,26.9,21.904727066198586,23.05739537211502,141.65099235867206,98
170,26.5,21.904727066198586,22.913336667166504,141.08681908087644,98
171,26.4,21.904727066198586,22.913336667166504,140.99533498997982,100
172,26.7,34.80523813220465,23.05739537211502,143.62842555738908,107
173,26.9,34.80523813220465,22.913336667166504,147.835750187679,126
174,28.8,133.84188663953668,22.769277962217984,148.65857941458137,170
175,28.9,81.27054168065742,47.86964985452974,155.4238595652759,193
176,30.4,142.97609432066915,22.481160552320947,157.44600958877643,126
177,30.7,142.97609432066915,22.048984437475397,157.98284453480676,119
178,31.2,142.97609432066915,21.904925732526877,150.0729712342076,113
179,30.3,142.97609432066915,59.48345421852025,151.15761688306512,125
180,29.6,221.6194071046838,21.61680832262984,150.69407132105374,121
181,29.3,169.04806214580455,21.61680832262984,154.52137929461531,108
182,29.3,142.97609432066915,21.904925732526877,157.29733700747647,98
183,30.6,55.19857385552203,22.337101847372427,152.48207971907703,108
184,30.6,55.19857385552203,22.337101847372427,143.71177010175597,112
185,29.7,55.19857385552203,22.481160552320947,138.4702592603853,145
186,28.5,55.19857385552203,85.73629575042015,136.60211874051194,143
187,29.1,55.19857385552203,22.913336667166504,139.32722497681982,176
188,28.3,81.27054168065742,23.34551278201205,140.39999275684838,154
189,27.8,81.27054168065742,23.48957148696057,142.12604887987783,143
190,27.4,55.19857385552203,23.34551278201205,138.9046140621075,145
191,27.1,21.904727066198586,23.34551278201205,137.1115229326925,106
192,27.3,21.904727066198586,23.34551278201205,136.3513820955036,95
193,28.4,21.904727066198586,23.48957148696057,130.76254072468348,93
194,27.5,21.904727066198586,23.48957148696057,130.19166859755683,91
195,27.1,21.904727066198586,23.63363019190909,130.7533708833353,92
196,27.0,34.80523813220465,23.63363019190909,131.38691895641762,91
197,27.0,34.80523813220465,23.63363019190909,134.73753822268085,106
198,27.5,133.84188663953668,24.06580630675465,135.5202292027817,154
199,28.6,81.27054168065742,49.45429560896345,137.09608192067856,170
200,29.5,142.97609432066915,24.20986501170317,140.65986783177752,124
201,30.5,142.97609432066915,24.06580630675465,143.0954491427744,105
202,29.8,142.97609432066915,23.921747601806132,143.90139376094777,131
203,27.8,142.97609432066915,61.21215867790247,143.684992705596,105
204,29.1,221.6194071046838,22.481160552320947,144.69701537594807,115
205,28.5,169.04806214580455,22.769277962217984,143.15198149678483,105
206,27.3,142.97609432066915,23.77768889685761,144.71537740908315,104
207,28.2,55.19857385552203,25.93856947108539,145.24736726325136,112
208,29.0,55.19857385552203,27.955391340364653,145.2943239644343,130
209,29.4,55.19857385552203,28.81974357005576,144.4950917266684,134
210,28.5,55.19857385552203,91.78676135825792,143.00865344904253,142
211,29.0,55.19857385552203,27.23509781562206,137.72388242742713,153
212,30.9,81.27054168065742,26.226686880982435,135.31439603892352,137
213,31.9,81.27054168065742,25.650452061188357,133.50758089444113,154
214,29.5,55.19857385552203,25.79451076613688,131.6880639352266,149
215,28.4,21.904727066198586,25.79451076613688,130.04298345168593,121
216,28.4,21.904727066198586,25.36233465129132,130.14760162688086,110
217,27.7,21.904727066198586,24.786099831497243,131.016427090167,107
218,27.5,21.904727066198586,24.93015853644576,129.03927768161515,111
219,27.5,21.904727066198586,24.93015853644576,129.1765840379131,114
220,27.3,34.80523813220465,24.49798242160021,128.09465813541502,115
221,27.6,34.80523813220465,23.921747601806132,129.1925842941478,136
222,28.4,133.84188663953668,23.48957148696057,131.6020838512883,201
223,30.4,81.27054168065742,48.73400208422085,133.83046995060997,204
224,32.2,142.97609432066915,23.63363019190909,136.52794488318554,162
225,33.5,142.97609432066915,23.48957148696057,137.33889865752255,130
226,33.0,142.97609432066915,23.48957148696057,137.63854905645357,143
227,31.4,142.97609432066915,61.644334792748026,139.3670779836979,135
228,31.0,221.6194071046838,23.77768889685761,139.8905897727996,122
229,31.5,169.04806214580455,23.20145407706354,140.62660409667413,122
230,30.1,142.97609432066915,22.913336667166504,141.7035260379754,133
231,32.4,55.19857385552203,22.913336667166504,144.55225387979803,136
232,34.4,55.19857385552203,22.913336667166504,145.7658522574648,131
233,34.6,55.19857385552203,23.20145407706354,145.69315062957764,136
234,32.5,55.19857385552203,87.89717632464794,144.98320609905448,150
235,33.6,55.19857385552203,26.370745585930948,144.0030344952654,151
236,33.4,81.27054168065742,26.658862995827985,142.72507700238748,133
237,32.3,81.27054168065742,28.24350875026169,142.10018181104635,134
238,31.4,55.19857385552203,28.675684865107243,140.5301487849531,132
239,31.5,21.904727066198586,29.1078609799528,139.48237737315137,102
240,31.4,21.904727066198586,28.96380227500428,139.52914161893494,99
241,31.2,21.904727066198586,29.39597838984984,139.0380732434289,95
242,33.4,21.904727066198586,29.1078609799528,138.89321171396392,95
243,34.4,21.904727066198586,28.96380227500428,138.86142081236574,97
244,35.1,34.80523813220465,28.96380227500428,142.836353312871,99
245,37.6,34.80523813220465,28.675684865107243,146.10752800510446,113
246,39.7,133.84188663953668,27.523215225519092,155.80953112462723,171
247,40.5,81.27054168065742,51.61517618319122,165.79207562203982,178
248,38.5,142.97609432066915,25.79451076613688,163.4861782012313,113
249,40.0,142.97609432066915,25.50639335623984,163.53812448684238,105
250,40.6,142.97609432066915,24.93015853644576,164.14074873453572,110
251,38.8,142.97609432066915,62.22056961254211,165.14967133863047,108
252,35.0,221.6194071046838,23.20145407706354,165.5809810440933,106
253,33.8,169.04806214580455,22.19304314242391,165.47350225436836,97
254,32.9,142.97609432066915,22.048984437475397,166.97547638235628,96
255,34.1,55.19857385552203,22.048984437475397,166.56539017025082,101
256,36.9,55.19857385552203,22.048984437475397,160.84357093782748,105
257,37.7,55.19857385552203,22.048984437475397,156.99035663115018,115
258,36.3,55.19857385552203,85.01600222567757,152.4352879278879,132
259,35.9,55.19857385552203,21.904925732526877,150.01253878904683,130
260,34.4,81.27054168065742,21.76086702757836,146.9598384271862,138
261,34.0,81.27054168065742,21.47274961768132,145.3881361253534,129
262,33.4,55.19857385552203,21.040573502835763,142.12510182534197,121
263,32.2,21.904727066198586,20.75245609293872,142.29757472436415,101
264,30.0,21.904727066198586,20.464338683041685,141.0238943805784,92
265,30.7,21.904727066198586,20.32027997809317,137.87112301007753,89
266,30.5,21.904727066198586,20.464338683041685,137.97342906259,91
267,29.2,21.904727066198586,20.176221273144648,136.7035882825503,91
268,28.3,34.80523813220465,20.464338683041685,138.11162750342586,94
269,28.5,34.80523813220465,21.47274961768132,140.08868581883831,103
270,30.3,113.44855091621928,22.048984437475397,149.64846319009388,159
271,33.0,60.87720595734003,48.01370855947826,158.19231973285798,175
272,37.1,34.80523813220465,24.93015853644576,161.76587290649152,120
273,34.7,34.80523813220465,26.946980405725025,161.56205792684327,113
274,33.9,34.80523813220465,26.946980405725025,161.9483359683696,126
275,32.6,34.80523813220465,65.53391982635803,161.99740955813243,113
276,31.5,113.44855091621928,28.099450045313173,163.1609119040747,108
277,30.9,60.87720595734003,28.531626160158723,163.54278316396423,108
278,31.2,34.80523813220465,29.39597838984984,164.622694627461,110
279,29.5,34.80523813220465,30.83656543933502,165.3493733543012,109
280,29.3,34.80523813220465,31.268741554180583,161.39654652501034,116
281,29.8,34.80523813220465,31.268741554180583,156.23130891163456,125
282,28.6,34.80523813220465,94.23575934238276,153.63727845418808,127
283,28.0,34.80523813220465,30.692506734386505,152.30045449661804,150
284,27.8,60.87720595734003,30.692506734386505,150.34099141307283,136
285,26.6,60.87720595734003,30.260330619540948,147.66063292972308,139
286,24.5,34.80523813220465,29.97221320964391,145.60665491497736,111
287,23.2,21.904727066198586,29.97221320964391,142.081277447536,108
288,20.9,21.904727066198586,29.828154504695394,139.00441396596673,101
289,22.5,21.904727066198586,29.540037094798357,136.75521332590972,98
290,22.5,21.904727066198586,29.97221320964391,136.62965327288526,96
291,21.9,21.904727066198586,28.81974357005576,136.75162481195645,96
292,21.5,21.904727066198586,27.955391340364653,138.4929677893793,98
293,21.7,21.904727066198586,28.24350875026169,142.24357594359935,99
294,22.1,100.54803985021324,29.39597838984984,151.74585771734218,102
295,23.8,47.97669489133397,56.080996036595295,162.53198517684095,106
296,25.0,21.904727066198586,30.11627191459243,167.37271024650445,113
297,25.1,21.904727066198586,26.802921700776505,167.73695703773666,142
298,25.0,21.904727066198586,23.77768889685761,168.24181901670306,164
299,23.7,21.904727066198586,60.49186515315988,169.2198324138039,180
300,22.7,100.54803985021324,22.481160552320947,169.32070199757908,180
301,22.4,47.97669489133397,22.913336667166504,171.21884248443652,157
302,21.8,21.904727066198586,23.63363019190909,173.50891579463007,126
303,22.0,21.904727066198586,23.921747601806132,164.70304179677552,123
304,23.1,21.904727066198586,24.06580630675465,166.38232328408773,164
305,23.3,21.904727066198586,24.353923716651693,161.6065516096791,129
306,23.7,21.904727066198586,87.46500020980238,160.16174410490854,140
307,23.5,21.904727066198586,24.06580630675465,158.84141730819198,148
308,22.9,47.97669489133397,24.49798242160021,157.78341616099388,125
309,22.9,47.97669489133397,24.64204112654873,153.89285185494896,117
310,22.3,21.904727066198586,24.786099831497243,151.37656540517844,110
311,21.1,21.904727066198586,24.93015853644576,148.7400009755259,109
312,19.8,21.904727066198586,25.074217241394283,143.99932299349263,97
313,19.2,21.904727066198586,25.074217241394283,142.02435341718862,99
314,19.3,21.904727066198586,25.50639335623984,141.56530754215123,95
315,19.4,21.904727066198586,25.93856947108539,140.5137365557668,96
316,17.8,34.80523813220465,26.226686880982435,142.71154133507122,95
317,17.3,34.80523813220465,26.370745585930948,143.42412309655035,97
318,17.3,133.84188663953668,26.370745585930948,147.3747430314405,96
319,19.0,81.27054168065742,51.61517618319122,153.2527037577187,102
320,22.4,142.97609432066915,26.658862995827985,157.3819433247191,124
321,24.2,142.97609432066915,26.514804290879468,160.02578288258212,136
322,23.7,142.97609432066915,26.946980405725025,159.91442139880508,212
323,23.6,142.97609432066915,65.24580241646099,162.91964242165616,135
324,23.6,221.6194071046838,28.099450045313173,163.34038290668047,121
325,23.9,169.04806214580455,30.980624144283546,163.94341514049037,142
326,24.6,142.97609432066915,31.844976373974653,165.49721413684117,140
327,25.2,55.19857385552203,32.133093783871686,164.1983523390334,130
328,26.5,55.19857385552203,32.70932860366576,158.98798508223027,159
329,27.2,55.19857385552203,33.86179824325391,156.58494721814398,156
330,26.5,55.19857385552203,98.12534437599275,153.34592538380286,151
331,26.0,55.19857385552203,35.73456140758466,150.74966169468192,168
332,26.1,81.27054168065742,35.73456140758466,155.25244160696138,143
333,25.9,81.27054168065742,36.02267881748169,154.72724725267005,157
334,25.8,55.19857385552203,36.74297234222428,152.38645922644554,142
335,24.8,21.904727066198586,37.75138327686391,152.2644206360582,126
336,24.3,21.904727066198586,39.19197032634909,153.9664500374618,105
337,25.1,21.904727066198586,39.62414644119465,151.31941025921338,109
338,24.2,21.904727066198586,39.04791162140057,146.4425947884207,108
339,24.3,21.904727066198586,38.4716768016065,149.7220418008712,105
340,25.5,34.80523813220465,38.183559391709466,153.87301880050643,108
341,26.8,34.80523813220465,37.89544198181243,159.85421716974562,126
342,27.2,133.84188663953668,38.4716768016065,170.25251425913893,208
343,27.3,81.27054168065742,64.72451833350641,177.10529806881354,165
344,28.9,142.97609432066915,40.7766160807828,182.0485349358389,127
345,30.3,142.97609432066915,41.64096831047392,182.0973613418308,139
346,29.8,142.97609432066915,40.7766160807828,180.5662044272237,140
347,28.4,142.97609432066915,76.48238140244544,178.60561282774282,124
348,27.4,221.6194071046838,36.02267881748169,176.2735540371907,131
349,26.9,169.04806214580455,34.29397435809947,173.5204457214941,142
350,27.1,142.97609432066915,33.285563423459834,171.51679497490375,125
351,27.3,55.19857385552203,32.56526989871724,170.98179034858498,121
352,28.2,55.19857385552203,32.42121119376873,164.9911376229533,151
353,29.2,55.19857385552203,32.85338730861428,158.85348642428852,156
354,29.1,55.19857385552203,96.82881603145609,155.2557846285282,155
355,28.3,55.19857385552203,34.29397435809947,150.40048151541177,178
356,27.9,81.27054168065742,34.5820917679965,148.4469173771177,183
357,27.5,81.27054168065742,34.43803306304798,146.84210126934073,161
358,27.6,55.19857385552203,34.29397435809947,142.12276541920983,140
359,26.9,21.904727066198586,34.00585694820243,139.58634013683243,115
360,27.4,21.904727066198586,32.70932860366576,136.87996767582152,104
361,26.3,21.904727066198586,31.70091766902613,136.57641694411382,102
362,24.4,21.904727066198586,31.556858964077616,135.53659165693696,101
363,23.4,21.904727066198586,31.12468284923205,136.14066385061992,102
364,23.0,34.80523813220465,30.83656543933502,135.5196299693976,103
365,22.9,34.80523813220465,30.404389324489465,138.88070779122438,126
366,23.4,133.84188663953668,29.540037094798357,141.8361232172412,185
367,23.7,81.27054168065742,54.06417416731604,147.2510227215558,176
368,23.8,142.97609432066915,29.25191968490132,150.20619120542807,125
369,23.5,142.97609432066915,27.955391340364653,151.01037762935974,112
370,24.8,142.97609432066915,26.802921700776505,152.19120506889362,139
371,24.9,142.97609432066915,63.8052153669758,153.69669763918907,114
372,24.9,221.6194071046838,25.650452061188357,152.7049261577034,120
373,25.1,169.04806214580455,25.2182759463428,151.88145601686904,116
374,24.8,142.97609432066915,25.36233465129132,152.8100330222207,127
375,25.0,55.19857385552203,25.50639335623984,154.56694374468566,125
376,24.6,55.19857385552203,25.650452061188357,154.84213648136964,120
377,24.1,55.19857385552203,25.650452061188357,149.1157814388308,127
378,23.1,55.19857385552203,89.04964596423608,143.40075734384476,136
379,23.1,55.19857385552203,26.08262817603391,140.51107045046024,148
380,24.4,81.27054168065742,26.08262817603391,136.13514715827748,158
381,25.0,81.27054168065742,26.226686880982435,135.47660706624288,146
382,25.2,55.19857385552203,26.370745585930948,133.95262138050956,135
383,24.3,21.904727066198586,26.370745585930948,131.82598124378734,126
384,23.2,21.904727066198586,26.226686880982435,129.10270218604822,109
385,24.3,21.904727066198586,26.514804290879468,132.4488541432703,115
386,23.0,21.904727066198586,26.514804290879468,130.6951406208611,114
387,24.3,21.904727066198586,26.658862995827985,131.59675780214752,112
388,28.0,34.80523813220465,26.946980405725025,130.7860506075155,113
389,28.5,34.80523813220465,27.23509781562206,131.87313934054512,139
390,29.2,133.84188663953668,27.37915652057058,132.61434585255446,197
391,31.4,81.27054168065742,52.47952841288233,132.18870349347236,177
392,33.2,142.97609432066915,27.09103911067354,133.96316680075122,153
393,33.0,142.97609432066915,26.658862995827985,135.30647975515464,135
394,31.2,142.97609432066915,26.226686880982435,138.6672878011453,129
395,29.8,142.97609432066915,63.66115666202729,142.2139309257448,121
396,29.2,221.6194071046838,25.650452061188357,141.3625431539361,118
397,28.6,169.04806214580455,25.650452061188357,141.8297146819872,125
398,29.5,142.97609432066915,25.79451076613688,141.94277262446982,121
399,30.1,55.19857385552203,26.08262817603391,143.93711302398097,132
400,31.9,55.19857385552203,26.226686880982435,144.77819313589077,140
401,33.7,55.19857385552203,26.226686880982435,146.0477356281834,145
402,33.3,55.19857385552203,89.48182207908164,142.32593586053062,175
403,32.5,55.19857385552203,26.226686880982435,142.28177876322067,178
404,31.1,81.27054168065742,26.08262817603391,141.7357919770063,200
405,30.8,81.27054168065742,26.08262817603391,139.59453755287646,163
406,30.1,55.19857385552203,26.08262817603391,139.88139661450725,140
407,29.9,21.904727066198586,26.08262817603391,137.52905244495818,124
408,29.5,21.904727066198586,25.93856947108539,133.83594109638267,116
409,29.0,21.904727066198586,25.93856947108539,134.30666694825646,116
410,29.6,21.904727066198586,25.93856947108539,133.46320210494167,124
411,29.4,21.904727066198586,25.79451076613688,127.88564492697282,130
412,29.5,34.80523813220465,25.50639335623984,135.25879430885618,128
413,30.9,34.80523813220465,25.2182759463428,139.5847666659464,138
414,32.6,133.84188663953668,24.93015853644576,150.77780633362573,218
415,35.6,81.27054168065742,50.03053042875752,163.31012741981587,207
416,35.7,142.97609432066915,24.64204112654873,166.11423097975268,152
417,36.6,142.97609432066915,24.20986501170317,166.45190491154253,139
418,35.8,142.97609432066915,23.921747601806132,163.87111026309384,126
419,32.3,142.97609432066915,61.644334792748026,165.63601543545664,126
420,30.6,221.6194071046838,23.77768889685761,165.06692143674678,116
421,28.7,169.04806214580455,23.63363019190909,166.66408559999772,113
422,28.7,142.97609432066915,23.48957148696057,165.42720954243524,113
423,28.6,55.19857385552203,23.63363019190909,169.79720368607127,121
424,30.5,55.19857385552203,23.63363019190909,163.35801559063418,121
425,31.8,55.19857385552203,23.63363019190909,160.24490223453518,138
426,29.4,55.19857385552203,86.8887653900083,154.31757410083483,136
427,27.9,55.19857385552203,23.77768889685761,154.68384765401296,157
428,28.0,81.27054168065742,23.921747601806132,151.655724680263,135
429,28.4,81.27054168065742,24.06580630675465,148.24110994646728,157
430,29.5,55.19857385552203,24.353923716651693,146.20650468793966,153
431,27.6,21.904727066198586,24.64204112654873,144.83926226652213,141
432,27.7,21.904727066198586,24.786099831497243,138.62812173802172,130
433,26.2,21.904727066198586,24.93015853644576,138.83167092866896,129
434,25.1,21.904727066198586,25.074217241394283,138.82916828359802,128
435,23.8,21.904727066198586,25.2182759463428,142.12032330154324,128
436,22.5,34.80523813220465,25.2182759463428,144.5900690099174,125
437,23.6,34.80523813220465,25.36233465129132,145.881083870723,143
438,23.7,113.44855091621928,25.50639335623984,151.52814813441316,202
439,24.9,60.87720595734003,50.75082395350012,158.54112732427396,207
440,27.4,34.80523813220465,25.650452061188357,166.03710915996547,167
441,28.4,34.80523813220465,25.074217241394283,166.1335188043036,141
442,28.3,34.80523813220465,24.20986501170317,165.31159724683968,135
443,28.1,34.80523813220465,61.356217382850986,163.48584983100187,131
444,27.8,113.44855091621928,23.20145407706354,162.8901174921048,127
445,27.3,60.87720595734003,22.913336667166504,165.62715995000875,113
446,26.2,34.80523813220465,22.625219257269464,163.89779632448804,116
447,26.2,34.80523813220465,22.337101847372427,163.5319642226779,123
448,27.2,34.80523813220465,22.19304314242391,158.09149219207026,151
449,27.6,34.80523813220465,22.769277962217984,154.40031071326848,168
450,27.5,34.80523813220465,86.60064798011126,154.43311765372965,161
451,27.6,34.80523813220465,24.06580630675465,151.1444045118247,172
452,27.7,60.87720595734003,24.06580630675465,149.24820295572962,157
453,28.1,60.87720595734003,23.34551278201205,144.39311259462718,164
454,27.7,34.80523813220465,23.05739537211502,138.94928872309035,157
455,26.4,21.904727066198586,22.913336667166504,137.35267039379696,145
456,24.7,21.904727066198586,22.481160552320947,136.337557201429,135
457,25.8,21.904727066198586,22.337101847372427,137.0124262823673,135
458,28.8,21.904727066198586,22.337101847372427,135.83106726483138,136
459,30.2,21.904727066198586,22.19304314242391,132.7129159990313,133
460,30.3,21.904727066198586,22.048984437475397,133.28199815804928,132
461,31.4,21.904727066198586,21.904925732526877,136.85211455908652,133
462,32.6,100.54803985021324,21.76086702757836,145.05562756117197,150
463,35.4,47.97669489133397,46.86123891989011,155.46530537314916,151
464,37.6,21.904727066198586,21.61680832262984,159.3547133762265,167
465,37.8,21.904727066198586,21.61680832262984,165.20430583836043,192
466,36.5,21.904727066198586,21.47274961768132,164.60769083835368,187
467,35.3,21.904727066198586,59.19533680862321,163.52489810127275,191
468,34.7,100.54803985021324,21.3286909127328,161.78715559830823,152
469,33.9,47.97669489133397,21.47274961768132,160.77717648293444,154
470,33.3,21.904727066198586,21.47274961768132,159.0882148393921,139
471,35.1,21.904727066198586,21.47274961768132,160.4594056772329,169
472,36.2,21.904727066198586,21.76086702757836,153.07923922409634,176
473,36.8,21.904727066198586,21.904925732526877,150.0528192329638,197
474,36.0,21.904727066198586,85.16006093062609,146.15832620304434,175
475,34.7,21.904727066198586,22.048984437475397,145.74072601506705,193
476,34.0,47.97669489133397,22.048984437475397,141.7634452687378,183
477,32.7,47.97669489133397,22.048984437475397,140.34988476461888,165
478,31.6,21.904727066198586,21.904925732526877,136.73089302825093,155
479,31.4,21.904727066198586,21.76086702757836,134.47754644221757,167
480,30.7,21.904727066198586,21.47274961768132,131.1887966939184,155
481,29.4,21.904727066198586,21.3286909127328,130.10353574352348,156
482,28.9,21.904727066198586,21.040573502835763,126.83192817765791,155
483,29.0,21.904727066198586,20.75245609293872,120.66950882686764,155
484,29.6,34.80523813220465,20.032162568196128,126.1786188131633,157
485,30.0,34.80523813220465,19.599986453350574,133.5181432285283,164
486,32.2,133.84188663953668,18.879692928607984,142.49074497533496,164
487,35.4,81.27054168065742,43.83600611597122,152.7202797009734,171
488,35.6,142.97609432066915,18.159399403865383,158.15733368502802,177
489,36.0,142.97609432066915,17.727223289019836,157.65275477134767,221
490,35.4,142.97609432066915,17.439105879122796,158.78663638288506,240
491,34.6,142.97609432066915,55.305751775013206,159.48668184369177,185
492,32.0,221.6194071046838,17.583164584071316,160.77280159597774,193
493,31.2,169.04806214580455,17.583164584071316,159.89975177895997,158
494,30.1,142.97609432066915,17.15098846922576,159.94212941890814,156
495,29.4,55.19857385552203,16.86287105932872,159.4530710123157,167
496,29.9,55.19857385552203,17.15098846922576,152.77413640543585,180
497,32.3,55.19857385552203,17.29504717417428,147.6658086872651,202
498,32.5,55.19857385552203,80.83829978217054,144.59501788030315,211
499,32.4,55.19857385552203,18.30345810881391,142.56381496261488,205
500,32.1,81.27054168065742,18.879692928607984,138.94011900255535,189
501,32.3,81.27054168065742,19.599986453350574,135.40936087841476,168
502,32.2,55.19857385552203,19.74404515829909,131.73968209223463,164
503,31.4,21.904727066198586,19.0237516335565,130.59344250028187,146
504,31.8,21.904727066198586,18.879692928607984,123.47352890489547,132
505,31.3,21.904727066198586,19.0237516335565,122.9845962648258,134
506,31.4,21.904727066198586,19.0237516335565,124.12737008901848,139
507,31.8,21.904727066198586,19.311869043453537,125.86596178784126,143
508,31.9,34.80523813220465,19.599986453350574,123.86111680294408,147
509,32.6,34.80523813220465,19.88810386324761,126.34623598876334,169
510,33.7,133.84188663953668,20.032162568196128,136.57149634401273,228
511,34.4,81.27054168065742,45.564710575353445,145.76211248540733,251
512,35.0,142.97609432066915,19.455927748402058,149.22081823170234,176
513,36.4,142.97609432066915,18.30345810881391,150.5605616398221,155
514,36.2,142.97609432066915,18.159399403865383,151.52746590237282,153
515,34.8,142.97609432066915,56.314162709652834,151.50090983596277,140
516,34.0,221.6194071046838,17.727223289019836,149.02083363399825,137
517,34.6,169.04806214580455,16.574753649431685,146.5101051946785,148
518,32.7,142.97609432066915,15.710401419740574,144.31865096030057,147
519,31.6,55.19857385552203,15.854460124689094,144.05365654758555,139
520,32.2,55.19857385552203,18.879692928607984,139.7944507499898,150
521,32.2,55.19857385552203,18.591575518710947,136.51752788735666,178
522,31.6,55.19857385552203,81.70265201186164,134.7778348555642,164
523,31.8,55.19857385552203,19.0237516335565,133.8431328634974,187
524,31.0,81.27054168065742,18.447516813762427,132.1776577858429,201
525,30.6,81.27054168065742,17.583164584071316,130.2849118492006,208
526,29.0,55.19857385552203,17.439105879122796,126.947899409218,165
527,27.7,21.904727066198586,17.29504717417428,123.68462529503972,149
528,28.6,21.904727066198586,17.15098846922576,121.03696731573756,129
529,29.2,21.904727066198586,17.006929764277242,118.0261095122408,132
530,28.2,21.904727066198586,17.006929764277242,119.32656483592288,129
531,27.4,21.904727066198586,16.430694944483168,119.31571532890143,126
532,27.7,34.80523813220465,16.28663623953465,120.40394610894312,128
533,27.2,34.80523813220465,16.430694944483168,120.53320352859804,147
534,28.4,133.84188663953668,16.430694944483168,122.7200822053235,193
535,28.7,81.27054168065742,42.107301656589,125.93531072910696,202
536,29.8,142.97609432066915,16.28663623953465,127.51834409930576,158
537,31.5,142.97609432066915,16.28663623953465,129.40181726176857,138
538,32.1,142.97609432066915,16.28663623953465,132.18653538010318,127
539,30.1,142.97609432066915,54.00922343047654,131.30752935238584,121
540,27.8,221.6194071046838,15.99851882963761,130.01585062314365,121
541,27.2,169.04806214580455,15.99851882963761,130.34012262781005,119
542,26.6,142.97609432066915,16.718812354380205,130.76139493246276,119
543,26.5,55.19857385552203,17.87128199396835,131.6312793232916,126
544,26.5,55.19857385552203,19.16781033850502,133.5098358724884,133
545,28.4,55.19857385552203,20.176221273144648,130.57313030075844,135
546,30.6,55.19857385552203,83.43135647124386,131.03251070749752,152
547,30.5,55.19857385552203,20.32027997809317,128.1518014416882,161
548,29.7,81.27054168065742,20.464338683041685,126.6634061113226,182
549,27.8,81.27054168065742,20.75245609293872,124.0831435241287,176
550,26.6,55.19857385552203,21.47274961768132,123.1872933600984,142
551,25.4,21.904727066198586,22.337101847372427,121.6045812321513,135
552,21.9,21.904727066198586,22.481160552320947,120.09257501913328,106
553,21.6,21.904727066198586,23.20145407706354,121.2648937070524,105
554,21.6,21.904727066198586,23.77768889685761,121.02200871076045,103
555,22.6,21.904727066198586,24.49798242160021,121.80221166418548,107
556,22.0,34.80523813220465,24.93015853644576,124.6181684470621,108
557,22.1,34.80523813220465,24.786099831497243,125.04402283327912,129
558,22.3,133.84188663953668,25.50639335623984,130.33965592648693,195
559,23.5,81.27054168065742,51.47111747824271,132.7822056210245,160
560,25.2,142.97609432066915,26.802921700776505,132.09993685348476,140
561,25.2,142.97609432066915,25.50639335623984,133.28470401089282,110
562,24.5,142.97609432066915,24.06580630675465,135.57874228891563,98
563,24.6,142.97609432066915,60.49186515315988,137.28294366971025,108
564,24.4,221.6194071046838,21.904925732526877,138.78316769793966,93
565,25.0,169.04806214580455,21.76086702757836,139.5236896824582,93
566,25.3,142.97609432066915,22.481160552320947,140.95231571122056,90
567,24.8,55.19857385552203,23.05739537211502,138.8804200142242,97
568,24.5,55.19857385552203,23.48957148696057,142.03296111479966,115
569,25.2,55.19857385552203,23.63363019190909,140.2886015530285,123
570,24.5,55.19857385552203,86.60064798011126,139.23035213474083,137
571,23.2,55.19857385552203,24.06580630675465,140.6790052439165,124
572,23.4,81.27054168065742,25.2182759463428,137.97353622388266,140
573,24.7,81.27054168065742,24.93015853644576,138.04355640318914,125
574,24.5,55.19857385552203,23.63363019190909,134.8595937269137,124
575,23.4,21.904727066198586,23.05739537211502,133.47596915879225,90
576,22.5,21.904727066198586,23.05739537211502,133.13057574790744,76
577,22.4,21.904727066198586,23.20145407706354,126.53485484471813,77
578,22.1,21.904727066198586,22.913336667166504,126.97651823990228,81
579,21.5,21.904727066198586,22.913336667166504,122.54646629278372,81
580,21.3,34.80523813220465,23.05739537211502,125.10598996829437,82
581,21.8,34.80523813220465,22.913336667166504,131.71268662828064,97
582,23.4,133.84188663953668,22.337101847372427,140.4995365367612,141
583,26.4,81.27054168065742,47.29341503473567,148.6728173689262,169
584,30.2,142.97609432066915,22.048984437475397,155.1310438096928,107
585,29.9,142.97609432066915,21.904925732526877,153.69421831106231,86
586,30.3,142.97609432066915,22.481160552320947,153.47774972114166,80
587,27.8,142.97609432066915,61.21215867790247,154.37325834630562,80
588,26.8,221.6194071046838,23.63363019190909,157.83355302757397,74
589,26.2,169.04806214580455,23.921747601806132,156.54224398666955,80
590,25.1,142.97609432066915,24.20986501170317,156.31053855901297,73
591,26.2,55.19857385552203,24.20986501170317,158.59840690781678,91
592,28.9,55.19857385552203,24.353923716651693,151.17037064746566,95
593,32.8,55.19857385552203,24.93015853644576,147.17608435841194,110
594,33.8,55.19857385552203,88.47341114444201,142.69751734087222,130
595,34.8,55.19857385552203,25.50639335623984,140.0738383619889,135
596,34.4,81.27054168065742,25.650452061188357,138.1208334679156,120
597,33.9,81.27054168065742,26.370745585930948,136.31688751569916,128
598,33.5,55.19857385552203,26.946980405725025,133.98978834790606,113
599,33.4,21.904727066198586,27.66727393046762,132.90388032210683,91
600,32.1,21.904727066198586,27.81133263541613,130.75492031239804,83
601,32.5,21.904727066198586,27.66727393046762,129.1737874543697,80
602,31.2,21.904727066198586,27.523215225519092,131.03788689410896,79
603,29.3,21.904727066198586,27.523215225519092,131.21840667595006,82
604,27.9,34.80523813220465,27.523215225519092,132.74218057617486,85
605,28.7,34.80523813220465,27.523215225519092,139.01044846360844,107
606,28.7,113.44855091621928,27.523215225519092,150.27237435806535,177
607,30.2,60.87720595734003,52.76764582277937,162.7504956303553,175
608,30.2,34.80523813220465,27.66727393046762,165.2967392792434,121
609,30.3,34.80523813220465,27.523215225519092,159.78731614517926,115
610,27.6,34.80523813220465,27.23509781562206,159.14663683238652,106
611,26.7,34.80523813220465,64.95768500656395,159.8818884626413,88
612,25.5,113.44855091621928,26.514804290879468,157.7435774100713,92
613,24.2,60.87720595734003,26.226686880982435,160.75503106418304,83
614,23.9,34.80523813220465,26.226686880982435,160.43392943904604,89
615,24.9,34.80523813220465,26.370745585930948,158.81431854896712,108
616,24.7,34.80523813220465,26.658862995827985,152.7818721943104,107
617,26.4,34.80523813220465,26.946980405725025,151.10133183363882,121
618,28.1,34.80523813220465,90.20211560382424,148.14517521874868,159
619,27.5,34.80523813220465,27.23509781562206,148.27540760078463,114
620,26.8,60.87720595734003,27.09103911067354,146.54945948474014,106
621,27.5,60.87720595734003,27.09103911067354,143.90212830509603,98
622,28.1,34.80523813220465,27.37915652057058,144.33149980467556,105
623,27.2,21.904727066198586,27.523215225519092,140.62189552370796,104
624,26.1,21.904727066198586,27.955391340364653,137.12999128142803,89
625,24.7,21.904727066198586,28.531626160158723,137.00679675051262,89
626,23.6,21.904727066198586,28.81974357005576,132.91691099032116,86
627,22.8,21.904727066198586,29.1078609799528,133.82920962749242,86
628,22.4,21.904727066198586,29.1078609799528,135.56981564450334,92
629,23.4,21.904727066198586,29.1078609799528,140.2074496471068,94
630,23.7,100.54803985021324,29.684095799746878,150.73779409497342,100
631,24.8,47.97669489133397,55.36070251185271,162.23896742161708,114
632,26.5,21.904727066198586,30.692506734386505,165.7576659739025,117
633,26.7,21.904727066198586,31.41280025912909,162.84990156242714,139
634,25.9,21.904727066198586,30.980624144283546,163.20309841756853,160
635,23.7,21.904727066198586,68.27103522037987,162.67888651607552,160
636,21.8,100.54803985021324,29.39597838984984,157.50488958454488,139
637,21.8,47.97669489133397,29.25191968490132,154.21648874471612,145
638,21.9,21.904727066198586,30.11627191459243,156.15511687009817,128
639,22.4,21.904727066198586,31.98903507892317,157.45873749915594,142
640,24.1,21.904727066198586,34.14991565315095,151.74467096945267,148
641,25.0,21.904727066198586,35.73456140758466,149.81428290716798,130
642,25.1,21.904727066198586,99.56593142547794,146.14678564462028,150
643,24.8,21.904727066198586,37.17514845706984,147.952288033064,141
644,24.4,47.97669489133397,37.75138327686391,144.278783697467,122
645,23.6,47.97669489133397,38.183559391709466,142.97107209243086,139
646,23.2,21.904727066198586,38.61573550655503,143.8006407618935,134
647,22.9,21.904727066198586,36.74297234222428,144.5598701844353,124
648,24.2,21.904727066198586,35.44644399768761,139.63980782284796,105
649,25.1,21.904727066198586,34.29397435809947,133.55645997498047,102
650,24.4,21.904727066198586,33.573680833356875,133.9968130303897,96
651,23.4,21.904727066198586,32.85338730861428,132.2981927353636,92
652,23.4,34.80523813220465,32.27715248882021,135.5814305030345,95
653,23.4,34.80523813220465,31.70091766902613,142.956876543513,93
654,25.2,133.84188663953668,31.12468284923205,153.72203494221625,93
655,26.8,81.27054168065742,55.64881992174974,164.1086514507072,106
656,28.1,142.97609432066915,29.39597838984984,172.54209259772472,122
657,29.9,142.97609432066915,28.24350875026169,174.2593381778101,121
658,29.7,142.97609432066915,27.23509781562206,175.10862863277438,166
659,28.9,142.97609432066915,64.09333277687284,175.6670559148076,149
660,28.7,221.6194071046838,25.650452061188357,176.18776073043225,127
661,27.8,169.04806214580455,25.36233465129132,176.81078367988758,119
662,26.6,142.97609432066915,25.36233465129132,175.5810624206061,130
663,27.1,55.19857385552203,25.2182759463428,174.67102540620706,101
664,27.4,55.19857385552203,25.2182759463428,170.84332551468216,126
665,29.3,55.19857385552203,25.36233465129132,164.20781913918364,140
666,30.7,55.19857385552203,88.47341114444201,162.04509391711224,127
667,30.3,55.19857385552203,25.50639335623984,159.91229436191784,130
668,31.5,81.27054168065742,25.650452061188357,157.7610443383389,133
669,31.3,81.27054168065742,25.93856947108539,154.34067346047348,117
670,30.2,55.19857385552203,26.08262817603391,149.54329579817232,131
671,28.5,21.904727066198586,26.226686880982435,145.7493598083255,104
672,27.2,21.904727066198586,26.802921700776505,144.4033252953648,91
673,27.0,21.904727066198586,27.523215225519092,141.14477835938274,93
674,27.1,21.904727066198586,27.66727393046762,141.42515579378428,91
675,26.0,21.904727066198586,27.955391340364653,144.50097436213994,94
676,25.2,34.80523813220465,28.38756745521021,146.1991319426779,96
677,25.2,34.80523813220465,28.96380227500428,150.71813247443654,109
678,25.9,133.84188663953668,29.540037094798357,162.29248149989462,167
679,27.0,81.27054168065742,55.21664380690419,172.73751420234728,170
680,26.2,142.97609432066915,30.692506734386505,172.10759970653518,121
681,25.6,142.97609432066915,31.12468284923205,171.944277318752,104
682,25.7,142.97609432066915,31.268741554180583,173.71765379064306,111
683,26.4,142.97609432066915,69.135387450071,171.31456977592114,110
684,24.9,221.6194071046838,30.83656543933502,170.85385897441876,102
685,23.6,169.04806214580455,29.97221320964391,164.40725754049063,102
686,22.7,142.97609432066915,29.25191968490132,163.337972683694,102
687,21.8,55.19857385552203,28.96380227500428,162.7708601419867,94
688,21.2,55.19857385552203,28.96380227500428,161.56429103770452,111
689,20.9,55.19857385552203,29.1078609799528,159.77370122441548,132
690,20.7,55.19857385552203,92.65111358794906,155.73150538061017,132
691,20.4,55.19857385552203,29.684095799746878,153.18156557322342,153
692,20.8,81.27054168065742,30.260330619540948,151.89531002692058,132
693,20.9,81.27054168065742,30.548448029437985,149.57559387350972,141
694,20.1,55.19857385552203,31.41280025912909,144.26539590548586,138
695,20.5,21.904727066198586,32.133093783871686,142.494398970033,105
696,22.0,21.904727066198586,32.42121119376873,142.06452198809882,95
697,22.4,21.904727066198586,32.42121119376873,141.4919628256948,96
698,22.3,21.904727066198586,33.429622128408354,137.33479475453368,96
699,22.5,21.904727066198586,34.5820917679965,137.68586215652422,95
700,22.8,34.80523813220465,35.59050270263613,141.0945629642342,99
701,23.3,34.80523813220465,37.31920716201835,139.56834851691417,126
702,25.4,133.84188663953668,39.04791162140057,140.94065011115285,179
703,27.7,81.27054168065742,64.86857703845493,143.07748543070127,173
704,27.0,142.97609432066915,40.05632255604021,143.38005081009433,124
705,26.6,142.97609432066915,40.20038126098873,146.09984803192012,102
706,25.3,142.97609432066915,39.33602903129761,147.54609973747162,106
707,22.5,142.97609432066915,75.32991176285728,146.46466071209812,113
708,25.9,221.6194071046838,36.8870310471728,145.34725946838188,111
709,26.3,169.04806214580455,36.31079622737872,144.8716813966682,114
710,25.0,142.97609432066915,36.59891363727576,145.3653432687582,113
711,25.1,55.19857385552203,37.75138327686391,143.35354741823176,109
712,25.8,55.19857385552203,39.48008773624613,145.72313029994714,114
713,26.4,55.19857385552203,39.76820514614317,145.89738458934204,138
714,25.2,55.19857385552203,103.31145775413944,146.5194950368316,136
715,26.5,55.19857385552203,41.06473349067984,140.26824308205622,142
716,27.8,81.27054168065742,41.78502701542242,140.0245715919476,129
717,28.0,81.27054168065742,42.21720313026799,138.72348042848722,163
718,28.0,55.19857385552203,40.48849867088576,138.20564359699668,134
719,27.7,21.904727066198586,38.03950068676095,137.4229163729411,119
720,28.7,21.904727066198586,37.89544198181243,135.3676913245279,105
721,28.5,21.904727066198586,39.76820514614317,134.70895007854483,103
722,28.6,21.904727066198586,41.35285090057687,135.80155900749915,103
723,29.1,21.904727066198586,42.50532054016502,136.07962552735003,105
724,29.9,34.80523813220465,43.51373147480464,137.6442422568553,108
725,30.8,34.80523813220465,44.08996629459872,136.8369494843809,126
726,32.3,133.84188663953668,44.37808370449576,140.47989327982802,189
727,36.7,81.27054168065742,69.62251430175604,142.22597793302893,175
728,37.1,142.97609432066915,43.51373147480464,143.2503201652044,116
729,36.4,142.97609432066915,40.632557375834274,145.10540863293022,109
730,34.7,142.97609432066915,37.60732457191539,146.81509734846398,104
731,33.9,142.97609432066915,72.3046789589384,146.51925836380752,110
732,31.7,221.6194071046838,32.56526989871724,145.07149564778527,95
733,31.6,169.04806214580455,31.41280025912909,144.5135186364824,99
734,31.6,142.97609432066915,31.844976373974653,144.36413289496744,101
735,31.4,55.19857385552203,33.86179824325391,145.6696392969874,129
736,32.5,55.19857385552203,36.02267881748169,145.78225917087107,113
737,34.2,55.19857385552203,36.74297234222428,145.37777011268747,133
738,34.9,55.19857385552203,100.57434236011756,145.156664108765,142
739,35.4,55.19857385552203,38.75979421150354,144.71300149704047,151
740,35.8,81.27054168065742,39.33602903129761,143.38721877701215,130
741,38.0,81.27054168065742,38.90385291645206,142.499730455767,135
742,39.6,55.19857385552203,36.74297234222428,140.36562104405033,133
743,37.6,21.904727066198586,35.014267882842056,138.1766355062391,114
744,36.6,21.904727066198586,35.44644399768761,137.3663488622946,97
745,36.4,21.904727066198586,36.31079622737872,138.21636407553947,92
746,36.8,21.904727066198586,37.46326586696687,140.09193774726572,89
747,37.0,21.904727066198586,36.31079622737872,141.52591108828898,87
748,36.8,34.80523813220465,36.74297234222428,141.27249565258998,91
749,38.5,34.80523813220465,38.4716768016065,144.38093909594116,113
750,37.6,133.84188663953668,39.76820514614317,149.79167561962075,166
751,38.4,81.27054168065742,65.58887056319753,158.78820743750742,179
752,40.0,142.97609432066915,39.91226385109169,161.46648684680332,111
753,40.6,142.97609432066915,38.183559391709466,160.8435027991927,104
754,38.5,142.97609432066915,36.02267881748169,161.39782617823707,91
755,36.8,142.97609432066915,71.44032672924729,157.49693983552456,96
756,36.8,221.6194071046838,32.56526989871724,158.33535408375414,94
757,35.8,169.04806214580455,32.133093783871686,158.0782003257559,105
758,34.9,142.97609432066915,32.9974460135628,157.69523437762172,101
759,35.2,55.19857385552203,34.726150472945015,158.7613792998109,107
760,35.4,55.19857385552203,36.02267881748169,153.42804222461135,101
761,36.1,55.19857385552203,35.59050270263613,150.99688654210777,143
762,35.9,55.19857385552203,98.12534437599275,147.3348820508924,128
763,34.4,55.19857385552203,35.302385292739096,146.51622836919594,162
764,33.9,81.27054168065742,36.1667375224302,148.1538986553884,114
765,34.5,81.27054168065742,37.31920716201835,146.14939822968705,135
766,34.4,55.19857385552203,38.4716768016065,148.13612969416508,112
767,33.5,21.904727066198586,39.62414644119465,143.89992334370626,106
768,33.7,21.904727066198586,40.7766160807828,142.2994369387558,96
769,33.0,21.904727066198586,41.78502701542242,143.93255486342676,100
770,31.4,21.904727066198586,42.07314442531947,142.52034601719117,99
771,30.8,21.904727066198586,41.35285090057687,142.23371807117806,102
772,30.5,34.80523813220465,40.48849867088576,145.41415517716823,106
773,31.2,34.80523813220465,38.61573550655503,151.8173310376051,124
774,30.4,113.44855091621928,36.8870310471728,157.5929770128217,174
775,33.3,60.87720595734003,60.11463977515382,165.03892672696216,175
776,36.6,34.80523813220465,31.41280025912909,167.3765971690179,126
777,35.6,34.80523813220465,28.38756745521021,165.87058389390688,119
778,36.1,34.80523813220465,26.658862995827985,168.78640050398116,120
779,36.1,34.80523813220465,63.66115666202729,165.31275669095,137
780,36.9,113.44855091621928,25.50639335623984,162.89213060216113,123
781,37.1,60.87720595734003,25.650452061188357,166.67678173651026,109
782,35.2,34.80523813220465,25.93856947108539,171.9580919437061,105
783,34.8,34.80523813220465,26.226686880982435,173.265499824402,107
784,35.4,34.80523813220465,26.370745585930948,162.6822000592259,135
785,38.7,34.80523813220465,26.514804290879468,157.166908062393,128
786,40.3,34.80523813220465,89.62588078403016,153.999595013207,145
787,38.3,34.80523813220465,26.946980405725025,153.52390120246469,166
788,37.6,60.87720595734003,27.523215225519092,150.3987360065542,119
789,37.8,60.87720595734003,28.24350875026169,147.9851349626885,124
790,37.5,34.80523813220465,28.675684865107243,147.414867384726,124
791,34.5,21.904727066198586,28.675684865107243,148.19711377231613,123
792,34.4,21.904727066198586,29.1078609799528,144.89395995154644,115
793,35.8,21.904727066198586,29.39597838984984,141.08031643215344,114
794,36.2,21.904727066198586,30.260330619540948,141.05144594761043,114
795,33.9,21.904727066198586,31.98903507892317,146.14794605523608,114
796,33.5,21.904727066198586,32.9974460135628,147.72568696235874,112
797,32.9,21.904727066198586,33.573680833356875,152.70788873855926,114
798,34.6,100.54803985021324,34.14991565315095,160.6636856668197,112
799,36.7,47.97669489133397,59.68246366030826,168.9290458364304,128
800,38.8,21.904727066198586,34.43803306304798,172.67833652289767,147
801,37.9,21.904727066198586,34.14991565315095,173.3043770232068,163
802,36.4,21.904727066198586,32.85338730861428,173.2312121975788,162
803,34.9,21.904727066198586,70.14379838471062,171.1981264064447,154
804,33.3,100.54803985021324,32.27715248882021,169.46847850750606,169
805,31.3,47.97669489133397,32.42121119376873,168.4533818665441,160
806,31.7,21.904727066198586,32.70932860366576,168.51135842133547,150
807,32.4,21.904727066198586,33.573680833356875,168.4702557228999,139
808,33.0,21.904727066198586,34.29397435809947,164.28903145169647,146
809,33.0,21.904727066198586,34.00585694820243,161.2361214789646,159
810,32.1,21.904727066198586,96.9728747364046,157.4137136880763,150
811,30.6,21.904727066198586,34.29397435809947,155.23094000165835,155
812,30.5,47.97669489133397,34.726150472945015,151.54307339495196,131
813,30.1,47.97669489133397,35.302385292739096,147.84665357737973,135
814,28.4,21.904727066198586,35.73456140758466,144.5375898173593,125
815,27.4,21.904727066198586,36.31079622737872,141.25452904100044,130
816,26.6,21.904727066198586,37.03108975212131,138.41983654981593,119
817,24.5,21.904727066198586,37.46326586696687,136.43115032804866,129
818,24.4,21.904727066198586,36.1667375224302,133.908616991062,119
819,24.4,21.904727066198586,35.014267882842056,134.21525474120332,120
820,24.4,34.80523813220465,36.31079622737872,137.3768904165144,123
821,24.6,34.80523813220465,36.74297234222428,142.39677189125703,128
822,25.3,133.84188663953668,36.8870310471728,153.0845388151502,133
823,27.4,81.27054168065742,61.69928552958753,162.23125809082947,131
824,28.3,142.97609432066915,35.87862011253317,165.47445462468428,159
825,27.5,142.97609432066915,35.302385292739096,166.17660477193948,184
826,27.6,142.97609432066915,35.014267882842056,167.66075883472797,169
827,27.2,142.97609432066915,72.01656154904136,165.77673681797805,197
828,26.9,221.6194071046838,33.429622128408354,160.62052129142853,161
829,26.8,169.04806214580455,33.14150471851132,159.10339864014097,134
830,24.9,142.97609432066915,33.717739538305395,160.30335322269335,131
831,24.4,55.19857385552203,34.5820917679965,160.1490825209661,144
832,23.9,55.19857385552203,34.870209177893535,156.8880622975164,136
833,24.2,55.19857385552203,34.43803306304798,150.25603558329385,186
834,23.9,55.19857385552203,98.12534437599275,148.32265087083593,179
835,24.0,55.19857385552203,36.02267881748169,146.5923198941647,201
836,23.8,81.27054168065742,36.45485493232725,143.4641946544752,183
837,23.4,81.27054168065742,36.59891363727576,141.87715064906428,164
838,22.5,55.19857385552203,36.59891363727576,137.712755412526,143
839,22.5,21.904727066198586,36.1667375224302,135.75798966632098,142
840,25.8,21.904727066198586,36.02267881748169,132.53344354666737,138
841,25.0,21.904727066198586,35.44644399768761,129.76927538819896,137
842,24.9,21.904727066198586,35.44644399768761,131.21789273667267,134
843,24.3,21.904727066198586,36.02267881748169,132.10950441182902,131
844,24.0,34.80523813220465,36.31079622737872,132.14238673971596,131
845,24.5,34.80523813220465,35.59050270263613,137.55916754690497,145
846,25.8,133.84188663953668,35.87862011253317,147.08426005759404,221
847,26.8,81.27054168065742,61.84334423453604,154.63004024132886,200
848,27.1,142.97609432066915,36.8870310471728,158.0640137170135,148
849,27.9,142.97609432066915,34.29397435809947,158.4746933634703,142
850,27.2,142.97609432066915,31.98903507892317,158.5917157905294,137
851,25.7,142.97609432066915,68.70321133522543,156.14649854092707,148
852,24.2,221.6194071046838,30.11627191459243,153.6714745046191,141
853,23.8,169.04806214580455,29.97221320964391,152.33677782556265,151
854,23.3,142.97609432066915,31.12468284923205,151.22004890720578,130
855,23.8,55.19857385552203,32.9974460135628,150.95573950523428,142
856,24.5,55.19857385552203,35.302385292739096,147.77937162884962,148
857,24.8,55.19857385552203,35.15832658779058,144.39796964699437,174
858,26.0,55.19857385552203,98.12534437599275,143.14164037163445,187
859,26.7,55.19857385552203,35.44644399768761,141.84080835245,214
860,26.5,81.27054168065742,35.87862011253317,139.94232825973717,175
861,26.3,81.27054168065742,34.29397435809947,137.98540164895388,194
862,25.1,55.19857385552203,35.73456140758466,136.22877616641225,187
863,24.6,21.904727066198586,35.15832658779058,134.16225170268686,161
864,24.1,21.904727066198586,36.1667375224302,138.27073749798254,142
865,23.6,21.904727066198586,37.89544198181243,136.65548893028935,143
866,22.9,21.904727066198586,38.183559391709466,136.09231115311573,144
867,22.6,21.904727066198586,39.62414644119465,137.45074798492965,147
868,23.0,34.80523813220465,40.632557375834274,137.6261222125243,148
869,23.9,34.80523813220465,40.34443996593725,137.6550911598108,162
870,23.5,133.84188663953668,37.31920716201835,140.9113826344929,229
871,23.6,81.27054168065742,60.97899200484493,142.84668392727454,219
872,23.5,142.97609432066915,36.1667375224302,142.3840583576462,169
873,23.9,142.97609432066915,35.014267882842056,140.40647208862725,151
874,24.9,142.97609432066915,34.726150472945015,140.24070734155106,145
875,25.2,142.97609432066915,70.57597449955617,141.07771556596532,142
876,24.8,221.6194071046838,31.70091766902613,141.7939252264951,144
877,24.3,169.04806214580455,30.83656543933502,141.60314526433572,137
878,23.1,142.97609432066915,31.41280025912909,140.6641788085608,138
879,23.1,55.19857385552203,32.133093783871686,139.22828296736793,151
880,23.5,55.19857385552203,32.42121119376873,140.62909006952592,147
881,24.1,55.19857385552203,32.56526989871724,141.19629189217488,154
882,26.3,55.19857385552203,95.10011157207389,138.13124925561263,183
883,27.0,55.19857385552203,32.27715248882021,139.1138092152022,205
884,27.3,81.27054168065742,32.9974460135628,137.03258782785247,199
885,29.4,81.27054168065742,32.27715248882021,134.77026989652944,212
886,31.6,55.19857385552203,32.42121119376873,134.5988416690944,164
887,32.0,21.904727066198586,34.726150472945015,134.52481073376262,149
888,31.5,21.904727066198586,35.87862011253317,139.79387169240712,140
889,30.6,21.904727066198586,36.74297234222428,140.30291308260135,139
890,29.2,21.904727066198586,38.03950068676095,140.51383405200488,139
891,29.6,21.904727066198586,39.91226385109169,140.1322504483024,140
892,30.0,34.80523813220465,41.20879219562836,141.14384314453872,143
893,31.2,34.80523813220465,40.632557375834274,143.96859790578847,166
894,33.4,133.84188663953668,37.46326586696687,146.35930944251314,240
895,33.9,81.27054168065742,62.131461644433074,148.64599382213058,226
896,35.9,142.97609432066915,35.014267882842056,151.4376304281616,173
897,33.9,142.97609432066915,33.573680833356875,153.24742591303763,183
898,32.1,142.97609432066915,32.133093783871686,154.41451375260365,175
899,29.6,142.97609432066915,69.135387450071,152.84092724838,139
900,27.7,221.6194071046838,31.41280025912909,152.06535131902305,141
901,25.9,169.04806214580455,31.556858964077616,152.20425132200845,135
902,24.5,142.97609432066915,31.70091766902613,152.75214151990963,139
903,24.7,55.19857385552203,32.85338730861428,153.01872849199344,135
904,26.3,55.19857385552203,35.44644399768761,154.74286114834783,157
905,28.8,55.19857385552203,36.59891363727576,155.6867668094539,159
906,30.3,55.19857385552203,100.142166245272,152.4838704120648,173
907,29.9,55.19857385552203,35.87862011253317,152.63849678780068,190
908,30.1,81.27054168065742,35.73456140758466,150.80119250375915,165
909,31.8,81.27054168065742,34.726150472945015,148.50189003294486,172
910,31.8,55.19857385552203,36.59891363727576,147.2031918161859,163
911,30.4,21.904727066198586,36.1667375224302,145.0930420747789,140
912,31.6,21.904727066198586,35.302385292739096,141.99582483395147,136
913,32.6,21.904727066198586,35.15832658779058,140.86255912801738,143
914,32.1,21.904727066198586,36.74297234222428,142.2400253649853,134
915,30.1,21.904727066198586,36.74297234222428,141.30774531478366,135
916,29.2,34.80523813220465,36.31079622737872,143.8390659985834,144
917,28.1,34.80523813220465,36.8870310471728,148.94777488234428,159
918,27.7,133.84188663953668,36.31079622737872,159.64407508292825,207
919,29.2,81.27054168065742,60.40275718505086,170.3285870580644,218
920,31.7,142.97609432066915,35.15832658779058,175.9173196970205,146
921,30.7,142.97609432066915,33.573680833356875,169.632877099117,139
922,29.0,142.97609432066915,31.70091766902613,168.93824914303008,130
923,26.7,142.97609432066915,67.98291781048285,168.32853581942692,133
924,23.4,221.6194071046838,28.675684865107243,165.81972516856268,122
925,22.2,169.04806214580455,27.955391340364653,162.26232060975173,110
926,21.9,142.97609432066915,28.38756745521021,161.26047620838034,117
927,22.6,55.19857385552203,30.404389324489465,160.7113237543507,123
928,23.5,55.19857385552203,32.9974460135628,153.37917292993978,126
929,24.0,55.19857385552203,35.59050270263613,151.3997812287248,155
930,24.8,55.19857385552203,100.142166245272,148.2982573603887,145
931,26.5,55.19857385552203,38.4716768016065,145.23775282939238,165
932,26.8,81.27054168065742,40.20038126098873,142.87896291412915,160
933,26.9,81.27054168065742,40.48849867088576,142.82279928195106,155
934,26.7,55.19857385552203,41.06473349067984,144.86135597723148,149
935,25.8,21.904727066198586,41.64096831047392,143.04850101932743,118
936,26.5,21.904727066198586,42.649379245113536,137.1238501057464,111
937,26.8,21.904727066198586,43.22561406490762,139.82841193959447,111
938,26.2,21.904727066198586,43.51373147480464,134.93694424605496,108
939,25.2,21.904727066198586,43.51373147480464,136.37890213029505,111
940,25.3,34.80523813220465,43.94590758965021,140.47356641428524,112
941,26.5,34.80523813220465,44.234024999547245,141.41898719351025,135
942,27.9,113.44855091621928,44.522142409444285,148.5572639093504,217
943,29.9,60.87720595734003,69.76657300670456,162.86689067455887,200
944,32.0,34.80523813220465,43.51373147480464,163.78562285531288,165
945,31.6,34.80523813220465,39.91226385109169,166.77323318220948,134
946,27.7,34.80523813220465,35.73456140758466,167.60409298215114,123
947,25.3,34.80523813220465,70.72003320450469,161.64272851304676,111
948,22.9,113.44855091621928,31.41280025912909,159.97285945995276,110
949,23.0,60.87720595734003,30.404389324489465,160.9191410331015,108
950,23.0,34.80523813220465,31.41280025912909,163.45799828483823,102
951,22.8,34.80523813220465,33.573680833356875,158.6202616500516,106
952,22.6,34.80523813220465,36.74297234222428,156.49690908164553,121
953,23.6,34.80523813220465,39.19197032634909,150.60993279245292,161
954,25.7,34.80523813220465,104.89610350857312,145.7032787610877,164
955,26.4,34.80523813220465,42.79343795006206,145.06956565719835,155
956,26.4,60.87720595734003,44.08996629459872,141.12403473598536,142
957,26.9,60.87720595734003,45.53055334408391,142.31645758312808,143
958,26.4,34.80523813220465,46.68302298367205,142.67511144889986,166
959,26.4,21.904727066198586,47.69143391831169,135.36869129523762,157
960,26.4,21.904727066198586,48.5557861480028,131.55288292443134,141
961,26.0,21.904727066198586,49.2760796727454,131.52049822604224,140
962,26.0,21.904727066198586,50.14043190243651,128.69526794410703,141
963,25.6,21.904727066198586,50.8607254271791,131.21340803053326,145
964,25.0,21.904727066198586,51.14884283707613,136.77350166300363,147
965,24.8,21.904727066198586,49.85231449253947,139.78128138824223,149
966,26.9,100.54803985021324,47.40331650841465,149.76524785681028,157
967,30.1,47.97669489133397,70.48686653144716,160.04769960197945,168
968,31.9,21.904727066198586,43.0815553599591,158.54855805986324,170
969,31.5,21.904727066198586,40.48849867088576,160.84863905082412,192
970,28.1,21.904727066198586,37.17514845706984,160.70804234750682,173
971,26.4,21.904727066198586,72.44873766388692,157.51941374531853,175
972,24.2,100.54803985021324,32.56526989871724,158.49031378305995,173
973,25.0,47.97669489133397,31.844976373974653,157.4024337236864,141
974,24.5,21.904727066198586,31.98903507892317,158.19291171745115,134
975,24.8,21.904727066198586,31.98903507892317,158.81430248081386,168
976,26.2,21.904727066198586,32.85338730861428,154.96678403242834,149
977,29.2,21.904727066198586,33.429622128408354,153.49703295479165,179
978,30.9,21.904727066198586,95.82040509681646,150.09583754521762,156
979,29.5,21.904727066198586,31.556858964077616,148.23588078949868,156
980,29.5,47.97669489133397,31.844976373974653,145.86808086872742,152
981,28.9,47.97669489133397,31.70091766902613,145.7498946482834,138
982,28.1,21.904727066198586,32.27715248882021,142.55906591723266,135
983,27.0,21.904727066198586,35.87862011253317,141.5904542019768,132
984,26.5,21.904727066198586,39.19197032634909,139.75168626623196,126
985,24.7,21.904727066198586,39.91226385109169,137.03816033588512,122
986,24.6,21.904727066198586,40.34443996593725,138.009692347383,121
987,24.4,21.904727066198586,40.7766160807828,139.05661685877698,121
988,24.4,34.80523813220465,40.632557375834274,140.13507530213045,120
989,27.0,34.80523813220465,41.06473349067984,143.28757170182848,119
990,29.9,133.84188663953668,41.06473349067984,150.5534761883078,119
991,32.6,81.27054168065742,65.44481185824901,157.9167022170251,127
992,32.9,142.97609432066915,38.90385291645206,159.07119733616256,134
993,32.0,142.97609432066915,38.183559391709466,159.69187397280484,157
994,29.3,142.97609432066915,36.74297234222428,159.45039548358093,169
995,28.6,142.97609432066915,73.74526600842358,157.0846631596112,188
996,28.8,221.6194071046838,36.31079622737872,156.27483862608895,169
997,28.5,169.04806214580455,34.43803306304798,155.35544849674423,150
998,27.3,142.97609432066915,34.29397435809947,156.8055552301291,160
999,26.3,55.19857385552203,35.44644399768761,154.92143692527293,152
1000,26.7,55.19857385552203,36.1667375224302,150.7118425777275,162
1001,28.4,55.19857385552203,35.87862011253317,150.78286200286462,179
1002,30.5,55.19857385552203,100.43028365516903,147.90623380635267,170
1003,31.1,55.19857385552203,38.75979421150354,145.91258880751874,186
1004,31.7,81.27054168065742,39.48008773624613,144.4493789180102,149
1005,30.9,81.27054168065742,40.05632255604021,144.67269181633338,144
1006,30.7,55.19857385552203,41.78502701542242,141.75084674927652,146
1007,30.8,21.904727066198586,42.07314442531947,141.46469927728936,126
1008,30.3,21.904727066198586,43.0815553599591,141.39384742003608,110
1009,29.9,21.904727066198586,43.80184888470169,135.35880672310307,111
1010,28.8,21.904727066198586,43.65779017975317,132.4746064395786,109
1011,28.5,21.904727066198586,42.50532054016502,132.9706001268998,110
1012,27.8,34.80523813220465,41.49690960552539,134.78873051322128,107
1013,27.8,34.80523813220465,39.91226385109169,140.94682487289916,120
1014,27.6,133.84188663953668,38.32761809665799,148.11004963169322,186
1015,28.3,81.27054168065742,60.97899200484493,156.72086808886752,189
1016,29.7,142.97609432066915,34.43803306304798,157.1206171626576,123
1017,29.4,142.97609432066915,32.56526989871724,161.4667111968828,110
1018,27.4,142.97609432066915,29.540037094798357,153.98702295183264,118
1019,26.8,142.97609432066915,65.67797853130654,149.94934733324234,116
1020,27.1,221.6194071046838,25.93856947108539,148.42995846828157,100
1021,27.2,169.04806214580455,24.20986501170317,148.03467549540085,124
1022,27.4,142.97609432066915,24.64204112654873,145.87929788944933,121
1023,27.4,55.19857385552203,25.50639335623984,143.9070878070418,108
1024,27.1,55.19857385552203,26.946980405725025,143.641687945287,116
1025,27.2,55.19857385552203,27.66727393046762,141.0429481899953,134
1026,28.3,55.19857385552203,90.34617430877276,142.93654114785855,152
1027,27.7,55.19857385552203,27.23509781562206,140.93663838862207,139
1028,27.3,81.27054168065742,27.81133263541613,136.79464735267163,139
1029,27.1,81.27054168065742,28.675684865107243,136.72536050938163,132
1030,26.5,55.19857385552203,29.97221320964391,135.3921111722489,127
1031,25.8,21.904727066198586,31.556858964077616,133.28394373353672,114
1032,25.8,21.904727066198586,32.42121119376873,131.68195054657693,100
1033,25.6,21.904727066198586,32.9974460135628,130.14437192807895,102
1034,25.7,21.904727066198586,34.29397435809947,128.16179160454408,103
1035,25.9,21.904727066198586,35.73456140758466,127.38509706593244,101
1036,25.4,34.80523813220465,36.1667375224302,125.9138968341743,105
1037,26.0,34.80523813220465,36.1667375224302,128.76346771038288,118
1038,26.6,133.84188663953668,36.45485493232725,134.02838538094113,188
1039,26.4,81.27054168065742,62.131461644433074,134.920976971819,161
1040,26.7,142.97609432066915,34.43803306304798,133.93519021294392,118
1041,26.6,142.97609432066915,31.268741554180583,135.9794224699015,109
1042,26.4,142.97609432066915,28.099450045313173,139.2003852705687,117
1043,26.1,142.97609432066915,63.66115666202729,138.5476489229976,116
1044,25.7,221.6194071046838,23.921747601806132,134.25412155007447,112
1045,25.4,169.04806214580455,23.05739537211502,133.53760454080896,102
1046,24.9,142.97609432066915,23.20145407706354,132.26548401601963,105
1047,24.8,55.19857385552203,24.20986501170317,132.37781091793627,110
1048,25.4,55.19857385552203,25.650452061188357,135.01312348139402,118
1049,25.5,55.19857385552203,26.802921700776505,133.4844036102999,140
1050,24.7,55.19857385552203,90.49023301372128,132.87508377523142,167
1051,25.8,55.19857385552203,27.81133263541613,129.97215732764045,162
1052,27.0,81.27054168065742,28.531626160158723,128.26855228071355,138
1053,27.6,81.27054168065742,28.531626160158723,127.3894299099017,151
1054,28.9,55.19857385552203,28.38756745521021,126.63491546342472,136
1055,27.9,21.904727066198586,27.66727393046762,122.59311479953868,132
1056,27.0,21.904727066198586,27.37915652057058,121.73240943185986,117
1057,25.8,21.904727066198586,26.802921700776505,120.7028584601436,119
1058,24.5,21.904727066198586,26.08262817603391,119.80182480652762,120
1059,25.9,21.904727066198586,25.50639335623984,119.53193141927112,118
1060,26.2,34.80523813220465,25.50639335623984,118.44617416832344,117
1061,27.4,34.80523813220465,25.2182759463428,119.31394203301194,136
1062,28.6,133.84188663953668,25.650452061188357,122.41127863726344,197
1063,29.1,81.27054168065742,50.89488265844863,123.44141615697968,184
1064,30.1,142.97609432066915,24.93015853644576,125.47685949655276,144
1065,29.5,142.97609432066915,24.06580630675465,127.55140305606515,114
1066,27.9,142.97609432066915,22.913336667166504,126.3978612737491,123
1067,26.6,142.97609432066915,60.6359238581084,127.15754302084534,114
1068,24.8,221.6194071046838,22.769277962217984,126.0870774568183,96
1069,23.6,169.04806214580455,22.481160552320947,124.88831276329816,113
1070,23.1,142.97609432066915,22.769277962217984,126.79008694823904,107
1071,22.9,55.19857385552203,23.77768889685761,129.8873121627365,103
1072,23.1,55.19857385552203,25.50639335623984,129.88410517681288,117
1073,25.0,55.19857385552203,26.226686880982435,128.48984941109038,151
1074,25.2,55.19857385552203,89.76993948897868,133.20023771612847,161
1075,24.6,55.19857385552203,27.23509781562206,130.30854834424767,177
1076,23.5,81.27054168065742,29.39597838984984,132.42904682203553,180
1077,23.0,81.27054168065742,31.98903507892317,130.6539684548457,182
1078,22.8,55.19857385552203,33.717739538305395,130.6978694282093,149
1079,21.7,21.904727066198586,35.014267882842056,130.25445013423382,132
1080,21.1,21.904727066198586,34.5820917679965,129.35427280445384,128
1081,21.0,21.904727066198586,33.429622128408354,129.11060083109248,128
1082,23.1,21.904727066198586,32.56526989871724,131.2205622247483,130
1083,23.7,21.904727066198586,31.844976373974653,132.76259232576055,131
1084,23.1,34.80523813220465,31.556858964077616,135.50930575809275,132
1085,23.6,34.80523813220465,31.844976373974653,140.3904233863064,161
1086,23.5,133.84188663953668,33.14150471851132,152.18594631269536,201
1087,25.1,81.27054168065742,60.54681588999937,159.49026902870003,210
1088,26.5,142.97609432066915,34.29397435809947,164.09878814169278,153
1089,27.1,142.97609432066915,32.56526989871724,164.97371394580497,115
1090,24.1,142.97609432066915,30.548448029437985,162.4578128900859,115
1091,22.9,142.97609432066915,66.25421335110062,161.6051332629191,114
1092,22.6,221.6194071046838,27.81133263541613,159.61496925430615,108
1093,22.3,169.04806214580455,26.946980405725025,157.37035939436257,94
1094,21.5,142.97609432066915,27.523215225519092,155.99855603368763,104
1095,22.4,55.19857385552203,29.828154504695394,155.9022472683567,121
1096,23.6,55.19857385552203,32.9974460135628,153.22786867509024,122
1097,25.2,55.19857385552203,36.8870310471728,151.3904662907447,139
1098,26.5,55.19857385552203,101.29463588486016,150.04788896780818,157
1099,26.3,55.19857385552203,40.20038126098873,148.3372914955173,185
1100,27.3,81.27054168065742,40.92067478573132,147.16467415741155,148
1101,27.7,81.27054168065742,41.20879219562836,144.9368845127708,138
1102,26.8,55.19857385552203,41.35285090057687,142.83185797517157,145
1103,24.7,21.904727066198586,41.49690960552539,141.1825126654832,130
1104,24.4,21.904727066198586,41.49690960552539,137.70456307063563,113
1105,24.8,21.904727066198586,42.3612618352165,132.05472735254398,111
1106,24.5,21.904727066198586,42.649379245113536,130.89806158296048,108
1107,23.7,21.904727066198586,41.06473349067984,132.24660961417848,107
1108,22.9,34.80523813220465,40.48849867088576,134.53817992051367,109
1109,23.6,34.80523813220465,38.61573550655503,140.04363820756174,120
1110,25.4,113.44855091621928,39.19197032634909,147.27660442965075,165
1111,27.5,60.87720595734003,65.30075315330049,153.96496850540754,193
1112,29.3,34.80523813220465,38.4716768016065,155.8778805784359,142
1113,29.3,34.80523813220465,35.014267882842056,161.32892968233898,128
1114,27.7,34.80523813220465,32.27715248882021,161.23766402167595,124
1115,25.8,34.80523813220465,67.6948004005858,159.30109636511767,113
1116,25.1,113.44855091621928,28.099450045313173,156.4212109243983,107
1117,25.0,60.87720595734003,26.802921700776505,160.34911786020675,109
1118,25.2,34.80523813220465,26.370745585930948,161.51680771186005,109
1119,25.6,34.80523813220465,26.370745585930948,160.2921964877494,106
1120,26.6,34.80523813220465,26.802921700776505,157.7100208238141,123
1121,29.1,34.80523813220465,27.09103911067354,148.92408728332111,161
1122,29.8,34.80523813220465,90.05805689887572,147.5463202215293,154
1123,28.0,34.80523813220465,26.514804290879468,146.39932035222046,152
1124,27.2,60.87720595734003,26.514804290879468,145.58161988653222,127
1125,26.6,60.87720595734003,26.514804290879468,142.14322452756298,125
1126,25.8,34.80523813220465,26.658862995827985,138.33643679382476,126
1127,25.3,21.904727066198586,26.658862995827985,133.53430005864723,115
1128,24.8,21.904727066198586,26.946980405725025,130.03169587606553,120
1129,24.3,21.904727066198586,27.09103911067354,128.15139128093438,111
1130,24.9,21.904727066198586,27.523215225519092,128.58087549921296,111
1131,24.5,21.904727066198586,27.955391340364653,130.13730689399245,110
1132,24.2,21.904727066198586,28.099450045313173,133.6803439867272,112
1133,24.7,21.904727066198586,28.38756745521021,137.04591847519836,112
1134,27.3,100.54803985021324,30.11627191459243,146.7599727096535,110
1135,32.2,47.97669489133397,55.64881992174974,159.4113712551333,125
1136,32.4,21.904727066198586,29.540037094798357,160.99537680900988,154
1137,31.2,21.904727066198586,28.675684865107243,160.70669020637072,160
1138,31.1,21.904727066198586,28.24350875026169,161.78607081674457,174
1139,29.2,21.904727066198586,66.25421335110062,157.31471235935192,153
1140,28.1,100.54803985021324,28.099450045313173,154.41260514594995,154
1141,28.2,47.97669489133397,28.24350875026169,155.7378690941736,127
1142,27.7,21.904727066198586,28.24350875026169,155.64746628125835,138
1143,27.8,21.904727066198586,28.38756745521021,156.2397618475591,105
1144,27.2,21.904727066198586,28.81974357005576,154.5512211171438,123
1145,28.4,21.904727066198586,29.1078609799528,151.0859030237563,164
1146,29.8,21.904727066198586,92.50705488300054,150.764823749058,156
1147,29.4,21.904727066198586,29.828154504695394,147.2083111539718,167
1148,28.6,47.97669489133397,30.404389324489465,148.26868736752033,140
1149,28.1,47.97669489133397,31.12468284923205,143.2511309424707,127
1150,28.2,21.904727066198586,31.844976373974653,138.10866927184458,120
1151,28.2,21.904727066198586,32.70932860366576,137.81219493066254,115
1152,26.5,21.904727066198586,32.70932860366576,134.06713089337728,108
1153,25.7,21.904727066198586,32.42121119376873,135.81411790023662,111
1154,25.1,21.904727066198586,32.42121119376873,135.77945551092202,108
1155,25.2,21.904727066198586,32.27715248882021,136.3932155928788,108
1156,25.1,34.80523813220465,31.98903507892317,136.49380501088424,109
1157,24.6,34.80523813220465,31.556858964077616,139.27245033379842,110
1158,26.5,133.84188663953668,30.980624144283546,150.67785142645363,111
1159,28.9,81.27054168065742,55.50476121680123,159.9209674194605,122
1160,31.1,142.97609432066915,29.25191968490132,162.61893333680888,149
1161,28.0,142.97609432066915,28.099450045313173,162.12131157104326,138
1162,26.0,142.97609432066915,26.658862995827985,162.5113395329344,169
1163,24.0,142.97609432066915,63.94927407192432,163.70380647688864,168
1164,24.1,221.6194071046838,25.50639335623984,160.6611545098378,129
1165,23.6,169.04806214580455,25.50639335623984,159.57605339528303,127
1166,23.5,142.97609432066915,25.93856947108539,163.64153742973087,151
1167,23.2,55.19857385552203,26.370745585930948,162.23514114732112,119
1168,24.1,55.19857385552203,26.658862995827985,151.45937245169736,135
1169,24.8,55.19857385552203,26.802921700776505,144.6198341160752,169
1170,27.6,55.19857385552203,89.76993948897868,147.08275134257374,161
1171,26.0,55.19857385552203,26.658862995827985,147.17696097886255,167
1172,26.1,81.27054168065742,26.658862995827985,144.65860379114775,145
1173,27.1,81.27054168065742,26.08262817603391,139.16516412028602,118
1174,28.3,55.19857385552203,25.36233465129132,138.50123032372855,140
1175,27.4,21.904727066198586,24.786099831497243,135.00003917212678,123
1176,26.3,21.904727066198586,24.20986501170317,133.66535554089404,107
1177,24.7,21.904727066198586,23.48957148696057,130.06291074041062,108
1178,23.3,21.904727066198586,23.20145407706354,128.36053919607482,106
1179,23.4,21.904727066198586,22.913336667166504,128.2798769459809,106
1180,23.3,34.80523813220465,22.625219257269464,129.3820887107287,109
1181,23.7,34.80523813220465,22.337101847372427,131.62110637009093,128
1182,25.2,133.84188663953668,22.048984437475397,142.11682261877354,198
1183,25.5,81.27054168065742,47.29341503473567,150.15881057078852,198
1184,25.7,142.97609432066915,21.904925732526877,152.36366455765258,139
1185,27.1,142.97609432066915,21.61680832262984,154.20284760749175,133
1186,27.4,142.97609432066915,21.18463220778428,153.87125601536377,121
1187,26.3,142.97609432066915,58.330984578932096,152.71611454570117,132
1188,25.5,221.6194071046838,20.32027997809317,150.55678936901862,127
1189,25.3,169.04806214580455,20.032162568196128,152.54724779935677,136
1190,25.1,142.97609432066915,20.032162568196128,149.29779338428625,124
1191,24.8,55.19857385552203,20.32027997809317,144.4921594699213,129
1192,24.5,55.19857385552203,20.464338683041685,142.15833016218292,136
1193,25.2,55.19857385552203,20.608397387990205,143.90591736893188,153
1194,27.3,55.19857385552203,83.7194738811409,138.95852199135922,173
1195,29.0,55.19857385552203,20.75245609293872,136.0957543288107,163
1196,29.9,81.27054168065742,20.75245609293872,132.0289922117075,185
1197,28.1,81.27054168065742,20.89651479788724,129.68065191183237,190
1198,26.0,55.19857385552203,20.89651479788724,125.86402950180388,163
1199,24.6,21.904727066198586,20.89651479788724,126.20746428937754,142
1200,24.9,21.904727066198586,20.89651479788724,125.45866044040056,130
1201,24.1,21.904727066198586,20.75245609293872,124.43050329036824,130
1202,23.9,21.904727066198586,20.75245609293872,123.42695856426948,131
1203,23.9,21.904727066198586,20.75245609293872,122.92530091333666,133
1204,24.3,34.80523813220465,20.464338683041685,121.69455866185169,136
1205,24.8,34.80523813220465,20.176221273144648,124.4036056850919,157
1206,25.7,133.84188663953668,19.88810386324761,126.7027108679795,214
1207,26.1,81.27054168065742,44.98847575555937,129.83180672077543,187
1208,26.4,142.97609432066915,19.599986453350574,127.9011893550708,147
1209,26.5,142.97609432066915,19.311869043453537,131.26584469685122,146
1210,25.9,142.97609432066915,18.735634223659464,131.69016415158734,143
1211,26.0,142.97609432066915,56.0260452997558,132.398090135461,130
1212,24.5,221.6194071046838,17.727223289019836,131.79995409748932,126
1213,23.7,169.04806214580455,17.583164584071316,133.12523930883302,123
1214,23.1,142.97609432066915,17.583164584071316,133.0159991837236,130
1215,23.1,55.19857385552203,17.583164584071316,131.00702335449793,133
1216,24.1,55.19857385552203,17.727223289019836,132.05389688272896,137
1217,24.6,55.19857385552203,17.87128199396835,133.83634219614785,166
1218,24.8,55.19857385552203,80.83829978217054,131.0432175341507,197
1219,26.0,55.19857385552203,17.583164584071316,129.29990095258214,200
1220,26.4,81.27054168065742,17.15098846922576,126.26398093767423,182
1221,28.1,81.27054168065742,16.86287105932872,126.06351779895516,200
1222,30.2,55.19857385552203,16.718812354380205,123.66756876915233,180
1223,27.5,21.904727066198586,16.430694944483168,122.39752139857092,153
1224,26.1,21.904727066198586,16.28663623953465,121.76123424901994,141
1225,24.8,21.904727066198586,16.718812354380205,121.75076687409404,139
1226,24.3,21.904727066198586,17.29504717417428,122.3086588329166,141
1227,22.5,21.904727066198586,17.583164584071316,122.32415578143394,140
1228,21.1,34.80523813220465,17.583164584071316,118.16280274163869,141
1229,21.6,34.80523813220465,17.727223289019836,118.16144830505216,166
1230,21.4,133.84188663953668,18.159399403865383,120.95397699562112,228
1231,21.5,81.27054168065742,43.6919474110227,121.36354830194368,231
1232,23.6,142.97609432066915,17.727223289019836,121.09578134750848,150
1233,24.9,142.97609432066915,17.006929764277242,124.36967445715642,151
1234,23.7,142.97609432066915,15.99851882963761,125.33868147314467,158
1235,23.9,142.97609432066915,52.71269508593988,126.84882172656242,147
1236,25.6,221.6194071046838,14.413873075203906,128.71720000677848,135
1237,25.7,169.04806214580455,13.693579550461315,132.60286413015018,120
1238,27.3,142.97609432066915,14.125755665306873,132.20754660469933,113
1239,27.9,55.19857385552203,14.701990485100946,132.92285342831795,124
1240,29.6,55.19857385552203,15.566342714792055,133.6085964205405,136
1241,31.4,55.19857385552203,15.854460124689094,134.01149618131117,152
1242,32.8,55.19857385552203,78.96553661783979,133.84801142061104,178
1243,30.2,55.19857385552203,15.710401419740574,134.87694552021858,192
1244,30.2,81.27054168065742,15.854460124689094,129.86432540098372,215
1245,30.1,81.27054168065742,15.99851882963761,128.42054480826255,182
1246,31.5,55.19857385552203,16.14257753458613,127.17090967051956,182
1247,30.2,21.904727066198586,17.006929764277242,125.0797960998048,156
1248,28.8,21.904727066198586,17.727223289019836,125.60592977658834,157
1249,30.1,21.904727066198586,17.727223289019836,124.5854577947072,156
1250,30.3,21.904727066198586,17.727223289019836,125.69695163624954,147
1251,29.6,21.904727066198586,17.727223289019836,126.51548535045596,145
1252,30.4,34.80523813220465,17.87128199396835,129.03268079860996,147
1253,30.4,34.80523813220465,18.159399403865383,133.01355247515608,165
1254,32.0,133.84188663953668,18.735634223659464,144.3186936073539,231
1255,35.3,81.27054168065742,44.4122409357653,154.0126618045628,218
1256,37.9,142.97609432066915,19.599986453350574,155.67315104299783,156
1257,36.5,142.97609432066915,19.88810386324761,156.811316810792,136
1258,36.6,142.97609432066915,19.88810386324761,147.86447219282095,136
1259,34.3,142.97609432066915,57.46663234924099,153.96566088575517,123
1260,33.8,221.6194071046838,19.16781033850502,155.8358721435728,127
1261,32.8,169.04806214580455,18.735634223659464,156.5108469360456,118
1262,31.5,142.97609432066915,18.879692928607984,157.1570625129163,122
1263,30.5,55.19857385552203,18.879692928607984,157.5897413941739,122
1264,32.6,55.19857385552203,18.879692928607984,152.83058866030643,147
1265,33.7,55.19857385552203,19.0237516335565,150.58225497564544,181
1266,35.0,55.19857385552203,82.56700424155275,146.52394156600542,197
1267,34.1,55.19857385552203,20.032162568196128,143.90161472825815,178
1268,34.1,81.27054168065742,20.464338683041685,140.66192987117265,181
1269,34.0,81.27054168065742,20.75245609293872,137.54643649538275,165
1270,33.1,55.19857385552203,20.75245609293872,134.4990420068615,146
1271,31.1,21.904727066198586,20.32027997809317,134.1385723189601,127
1272,29.3,21.904727066198586,20.176221273144648,131.1919878533151,123
1273,27.9,21.904727066198586,19.74404515829909,131.52713739366123,121
1274,27.0,21.904727066198586,19.599986453350574,128.20269423634983,121
1275,27.4,21.904727066198586,19.74404515829909,128.28813948033016,122
1276,27.3,34.80523813220465,19.88810386324761,131.90363415832385,120
1277,27.8,34.80523813220465,19.88810386324761,135.109941957541,138
1278,29.6,113.44855091621928,20.032162568196128,143.2522059381666,193
1279,32.5,60.87720595734003,45.2765931654564,151.4349913850079,238
1280,33.3,34.80523813220465,19.599986453350574,157.37435202841056,159
1281,33.0,34.80523813220465,18.879692928607984,157.7386360301029,127
1282,33.4,34.80523813220465,17.87128199396835,154.70051395332158,137
1283,31.1,34.80523813220465,54.87357566016765,155.92427900190356,119
1284,30.8,113.44855091621928,16.430694944483168,153.73735139583928,127
1285,29.3,60.87720595734003,16.14257753458613,151.61264451165988,126
1286,30.1,34.80523813220465,15.710401419740574,151.6444107673689,156
1287,27.5,34.80523813220465,15.566342714792055,148.94578798874852,145
1288,27.3,34.80523813220465,15.854460124689094,145.22864170325076,139
1289,27.7,34.80523813220465,15.99851882963761,142.3443493600814,173
1290,29.5,34.80523813220465,79.39771273268535,139.96521583386732,196
1291,29.4,34.80523813220465,18.01534069891687,141.3965202908808,178
1292,29.0,60.87720595734003,19.311869043453537,139.56301014482878,187
1293,27.7,60.87720595734003,20.032162568196128,135.2148683271639,189
1294,26.4,34.80523813220465,20.176221273144648,132.29127944263405,171
1295,25.6,21.904727066198586,20.32027997809317,129.1877777416908,161
1296,25.1,21.904727066198586,20.608397387990205,128.5746183428763,161
1297,23.7,21.904727066198586,21.040573502835763,127.89401039415338,155
1298,22.8,21.904727066198586,20.89651479788724,126.24634692477554,154
1299,22.6,21.904727066198586,20.464338683041685,126.85100929085397,159
1300,22.2,21.904727066198586,20.32027997809317,129.01435754650635,159
1301,23.4,21.904727066198586,19.599986453350574,132.5174495727181,160
1302,24.0,100.54803985021324,18.735634223659464,143.80074212415343,163
1303,24.8,47.97669489133397,42.68353647638308,152.30330713747804,170
1304,27.4,21.904727066198586,16.14257753458613,155.8847700709686,215
1305,27.2,21.904727066198586,14.846049190049468,154.39213516441046,233
1306,24.3,21.904727066198586,13.11734473066724,154.8691683100915,219
1307,23.4,21.904727066198586,49.8315209869695,153.36071569601702,197
1308,23.2,100.54803985021324,10.956464156439464,153.0456308089839,171
1309,22.1,47.97669489133397,9.948053221799832,152.15757792773795,158
1310,21.1,21.904727066198586,9.659935811902796,151.02433723013257,158
1311,22.3,21.904727066198586,9.37181840200576,150.74297335609774,162
1312,22.6,21.904727066198586,9.803994516851317,146.42652228590296,183
1313,23.4,21.904727066198586,10.236170631696872,140.0128560960356,177
1314,23.9,21.904727066198586,73.6353645347446,138.49755277045998,177
1315,24.6,21.904727066198586,10.812405451490944,138.5375486993327,174
1316,24.6,47.97669489133397,10.956464156439464,134.5157502283444,161
1317,24.1,47.97669489133397,10.956464156439464,133.2273680075939,168
1318,23.6,21.904727066198586,10.956464156439464,131.44192604400178,162
1319,22.8,21.904727066198586,11.2445815663365,125.73964218233982,162
1320,22.4,21.904727066198586,11.2445815663365,125.07596003964106,157
1321,21.3,21.904727066198586,11.2445815663365,118.25223240437062,157
1322,21.8,21.904727066198586,10.956464156439464,114.39765604987628,161
1323,25.9,21.904727066198586,10.668346746542426,115.05329300114067,166
1324,26.9,34.80523813220465,10.524288041593906,115.28179700028004,169
1325,26.1,34.80523813220465,10.668346746542426,119.07987869447685,165
1326,25.5,133.84188663953668,10.668346746542426,129.05706222773898,164
1327,27.4,81.27054168065742,35.62465993390566,137.04399742478697,181
1328,29.4,142.97609432066915,10.236170631696872,137.3920738548238,198
1329,29.2,142.97609432066915,9.37181840200576,136.4046748440312,197
1330,27.5,142.97609432066915,8.507466172314647,130.023148826672,191
1331,25.1,142.97609432066915,46.08599465830802,136.6087173149017,183
1332,24.2,221.6194071046838,7.931231352520573,135.45250858158678,149
1333,23.4,169.04806214580455,8.075290057469092,134.70906726733165,165
1334,22.6,142.97609432066915,8.795583582211684,133.1235900880817,167
1335,22.7,55.19857385552203,8.795583582211684,134.24866284805952,146
1336,23.2,55.19857385552203,9.37181840200576,131.56810019043172,156
1337,23.2,55.19857385552203,10.236170631696872,129.80020585831298,159
1338,24.3,55.19857385552203,73.92348194464164,129.9311117738401,188
1339,25.0,55.19857385552203,11.532698976233537,128.43103888290173,154
1340,26.2,81.27054168065742,11.964875091079092,126.25282045752164,140
1341,26.9,81.27054168065742,12.541109910873166,124.11629405728029,140
1342,25.6,55.19857385552203,13.405462140564278,121.09507314063396,153
1343,26.1,21.904727066198586,14.125755665306873,119.85396173534032,139
1344,25.8,21.904727066198586,15.566342714792055,117.15502725870964,138
1345,25.3,21.904727066198586,17.006929764277242,120.19355224745384,137
1346,25.1,21.904727066198586,17.87128199396835,123.70692100538984,137
1347,25.2,21.904727066198586,18.30345810881391,123.31099409824758,140
1348,25.6,34.80523813220465,18.159399403865383,124.15164230303073,149
1349,27.2,34.80523813220465,18.735634223659464,128.85949389368048,157
1350,27.9,133.84188663953668,18.447516813762427,139.2485543320358,199
1351,28.9,81.27054168065742,42.82759518133159,146.99365174145578,208
1352,29.9,142.97609432066915,14.990107894997983,149.9078203389106,166
1353,29.5,142.97609432066915,12.685168615821684,148.07438183507566,148
1354,27.9,142.97609432066915,10.236170631696872,146.49054614453334,144
1355,26.0,142.97609432066915,46.51817077315358,146.28457017949367,126
1356,24.3,221.6194071046838,7.499055237675016,144.21058453525703,125
1357,23.5,169.04806214580455,7.066879122829462,143.92887537714725,131
1358,23.5,142.97609432066915,6.922820417880944,140.9608170932312,124
1359,23.7,55.19857385552203,7.787172647572055,135.1556307243759,134
1360,24.9,55.19857385552203,8.651524877263165,131.36546495150844,139
1361,25.3,55.19857385552203,10.380229336645383,132.99553669260138,150
1362,27.2,55.19857385552203,75.65218640402387,131.9704637822995,187
1363,30.5,55.19857385552203,13.405462140564278,125.73795345567792,179
1364,30.8,81.27054168065742,14.846049190049468,126.37220526554704,174
1365,29.9,81.27054168065742,15.854460124689094,121.8806021431998,180
1366,29.7,55.19857385552203,16.86287105932872,119.34174706610038,179
1367,29.9,21.904727066198586,18.01534069891687,119.6449364455799,160
1368,30.2,21.904727066198586,18.591575518710947,122.31858762267586,152
1369,29.5,21.904727066198586,19.599986453350574,121.41932400299346,153
1370,29.9,21.904727066198586,20.464338683041685,121.902028965143,157
1371,30.3,21.904727066198586,21.040573502835763,119.60614079567314,170
1372,30.8,34.80523813220465,21.76086702757836,120.81447884657028,166
1373,30.9,34.80523813220465,21.904925732526877,122.98237269820596,175
1374,31.0,133.84188663953668,22.481160552320947,123.338150243734,217
1375,31.5,81.27054168065742,46.86123891989011,128.134679435056,220
1376,32.1,142.97609432066915,19.0237516335565,128.62907633454702,200
1377,30.0,142.97609432066915,16.574753649431685,129.64735785262025,202
1378,26.7,142.97609432066915,14.125755665306873,128.55955692588108,195
1379,23.7,142.97609432066915,49.68746228202099,129.18776529793303,188
1380,22.2,221.6194071046838,11.964875091079092,129.45779121725047,178
1381,21.7,169.04806214580455,12.685168615821684,130.25172362233616,168
1382,20.7,142.97609432066915,12.973286025718725,128.05400317063294,173
1383,20.5,55.19857385552203,13.261403435615758,129.83424750949703,173
1384,20.3,55.19857385552203,13.981696960358352,129.63467645531588,203
1385,22.1,55.19857385552203,15.42228400984354,132.07440190009137,190
1386,24.9,55.19857385552203,79.54177143763387,130.27801462462426,208
1387,28.8,55.19857385552203,17.15098846922576,126.39060462995548,213
1388,30.5,81.27054168065742,18.01534069891687,121.67179552529932,208
1389,31.6,81.27054168065742,19.0237516335565,115.9297342858114,208
1390,33.6,55.19857385552203,19.88810386324761,113.17754100915737,202
1391,32.7,21.904727066198586,20.32027997809317,111.8360969138706,191
1392,32.2,21.904727066198586,19.311869043453537,110.40730235071896,188
1393,32.0,21.904727066198586,19.16781033850502,109.61492614023425,185
1394,31.9,21.904727066198586,19.455927748402058,109.02739097575488,186
1395,31.4,21.904727066198586,18.591575518710947,109.68827423945976,184
1396,32.4,34.80523813220465,18.447516813762427,110.0223219635835,187
1397,34.0,34.80523813220465,15.99851882963761,110.94907166955312,201
1398,34.8,133.84188663953668,15.134166599946504,113.13512676281496,221
1399,38.9,81.27054168065742,39.946421082361226,114.84120703022042,254
1400,39.8,142.97609432066915,13.693579550461315,115.31800712727286,195
1401,35.6,142.97609432066915,12.252992500976127,115.8852734641612,181
1402,31.7,142.97609432066915,10.956464156439464,116.31019336041328,174
1403,28.0,142.97609432066915,46.6622294781021,117.59984170331406,178
1404,25.5,221.6194071046838,6.490644303035387,118.46348307294862,170
1405,23.8,169.04806214580455,5.48223336839576,116.02456079420897,186
1406,24.1,142.97609432066915,5.48223336839576,113.79302376628029,173
1407,23.8,55.19857385552203,6.202526893138352,116.7479177626024,170
1408,24.0,55.19857385552203,8.795583582211684,118.23586415118268,183
1409,25.3,55.19857385552203,12.973286025718725,117.76475338851012,204
1410,28.3,55.19857385552203,78.2452430930972,119.11590144022392,226
1411,30.5,55.19857385552203,17.583164584071316,118.35274836796124,217
1412,30.8,81.27054168065742,19.74404515829909,116.94882029886544,255
1413,32.1,81.27054168065742,21.47274961768132,115.84598248020708,218
1414,31.3,55.19857385552203,22.625219257269464,113.00585810753408,245
1415,31.0,21.904727066198586,23.34551278201205,111.69133880048967,200
1416,31.4,21.904727066198586,23.48957148696057,109.6140870926833,192
1417,29.9,21.904727066198586,22.913336667166504,108.78510799155018,197
1418,29.8,21.904727066198586,22.337101847372427,108.43872983241666,184
1419,28.9,21.904727066198586,21.76086702757836,108.15565923055576,182
1420,28.8,34.80523813220465,21.76086702757836,109.97884154090748,187
1421,30.0,34.80523813220465,21.76086702757836,117.36216762120014,194
1422,31.3,133.84188663953668,21.61680832262984,128.77829716606817,213
1423,35.3,81.27054168065742,46.14094539514752,135.69806499896532,239
1424,35.1,142.97609432066915,19.599986453350574,137.15570685052896,201
1425,32.1,142.97609432066915,16.574753649431685,137.3079139422897,202
1426,28.8,142.97609432066915,15.134166599946504,137.35587629240192,173
1427,27.0,142.97609432066915,49.68746228202099,138.73828958755786,167
1428,25.4,221.6194071046838,9.659935811902796,138.81989393884714,153
1429,24.0,169.04806214580455,9.22775969705724,138.45086294559667,157
1430,23.3,142.97609432066915,8.21934876241761,137.50024732034683,158
1431,23.9,55.19857385552203,8.939642287160202,136.95651116290514,156
1432,23.8,55.19857385552203,11.388640271285018,134.61305002420957,164
1433,25.3,55.19857385552203,13.693579550461315,132.3510587717314,177
1434,27.6,55.19857385552203,77.5249495683546,130.06239474730913,214
1435,29.1,55.19857385552203,14.26981437025539,131.14266563002317,194
1436,29.2,81.27054168065742,13.837638255409832,128.29518470105478,187
1437,28.9,81.27054168065742,13.837638255409832,125.70945737118684,196
1438,29.3,55.19857385552203,13.837638255409832,121.68458311739089,176
1439,29.3,21.904727066198586,13.837638255409832,118.32535083773664,185
1440,28.7,21.904727066198586,15.27822530489502,114.04823980164798,180
1441,28.2,21.904727066198586,16.14257753458613,112.22475775379104,171
1442,28.2,21.904727066198586,16.28663623953465,110.91181264251176,171
1443,29.1,21.904727066198586,17.006929764277242,108.43558893130376,176
1444,30.2,34.80523813220465,17.15098846922576,108.52127652652776,174
1445,31.9,34.80523813220465,18.01534069891687,112.12079378197816,191
1446,32.7,113.44855091621928,19.311869043453537,120.23647499648048,193
1447,35.4,60.87720595734003,43.11571259122863,129.98533828745354,216
1448,36.7,34.80523813220465,16.574753649431685,131.7250453335751,210
1449,33.1,34.80523813220465,13.981696960358352,131.83879867673494,191
1450,29.2,34.80523813220465,11.676757681182051,130.84435903611862,178
1451,26.4,34.80523813220465,48.2468752325358,129.7109692550463,149
1452,23.5,113.44855091621928,10.092111926748352,128.6352156980309,144
1453,21.5,60.87720595734003,9.659935811902796,127.13099504891852,146
1454,20.2,34.80523813220465,9.37181840200576,126.444234688888,139
1455,19.5,34.80523813220465,10.092111926748352,127.5228586463012,141
1456,19.9,34.80523813220465,12.252992500976127,123.70407657982626,173
1457,20.8,34.80523813220465,17.29504717417428,122.12032872046748,181
1458,23.2,34.80523813220465,83.57541517619238,120.58434254052514,199
1459,26.4,34.80523813220465,22.337101847372427,119.32695639144664,179
1460,28.5,60.87720595734003,23.34551278201205,116.73923866440065,169
1461,29.1,60.87720595734003,23.63363019190909,113.70604987310452,174
1462,28.7,34.80523813220465,23.63363019190909,113.12524956028452,174
1463,28.2,21.904727066198586,22.481160552320947,110.82093273833974,177
1464,28.2,21.904727066198586,22.048984437475397,108.14303280324938,176
1465,27.4,21.904727066198586,21.47274961768132,106.2552758469693,181
1466,26.9,21.904727066198586,21.040573502835763,106.92405908466344,179
1467,26.7,21.904727066198586,20.608397387990205,107.61130148929126,180
1468,26.6,21.904727066198586,21.040573502835763,108.9656367135668,183
1469,28.4,21.904727066198586,22.19304314242391,113.86265577283206,189
1470,29.2,100.54803985021324,22.19304314242391,123.699293706753,194
1471,31.0,47.97669489133397,46.86123891989011,130.1454174453584,194
1472,32.9,21.904727066198586,19.16781033850502,133.44840442312332,205
1473,29.2,21.904727066198586,16.574753649431685,132.9063916657269,187
1474,27.0,21.904727066198586,13.837638255409832,131.73525296015907,217
1475,24.5,21.904727066198586,49.68746228202099,131.50974790664347,198
1476,23.9,100.54803985021324,10.956464156439464,130.88461060568503,154
1477,24.6,47.97669489133397,11.820816386130574,128.9689512408916,149
1478,25.2,21.904727066198586,12.397051205924647,128.39437304858535,148
1479,25.0,21.904727066198586,14.26981437025539,127.97214776955084,169
1480,25.9,21.904727066198586,15.710401419740574,124.49904387063133,156
1481,26.1,21.904727066198586,17.727223289019836,124.53762483551318,183
1482,26.0,21.904727066198586,81.27047589701608,125.32208621198724,182
1483,28.2,21.904727066198586,17.29504717417428,124.0258065543243,170
1484,29.4,47.97669489133397,17.87128199396835,122.62739831871367,157
1485,30.0,47.97669489133397,17.87128199396835,121.6173945574507,163
1486,30.0,21.904727066198586,19.16781033850502,117.75961846582368,165
1487,30.0,21.904727066198586,20.32027997809317,114.62632616714129,161
1488,29.5,21.904727066198586,21.61680832262984,113.7175644566944,163
1489,30.5,21.904727066198586,23.05739537211502,113.91512819985198,159
1490,30.2,21.904727066198586,23.77768889685761,114.6446798641668,159
1491,30.0,21.904727066198586,24.93015853644576,114.11545904813649,163
1492,29.8,34.80523813220465,25.50639335623984,115.46356707774456,162
1493,31.1,34.80523813220465,26.08262817603391,119.83577077367131,160
1494,33.4,133.84188663953668,26.658862995827985,129.45046776376705,166
1495,34.6,81.27054168065742,50.89488265844863,135.65195181542109,164
1496,35.8,142.97609432066915,22.913336667166504,136.28316058285495,178
1497,34.7,142.97609432066915,21.47274961768132,135.45177705776808,188
1498,32.2,142.97609432066915,20.032162568196128,135.0245707720414,178
1499,29.4,142.97609432066915,56.17010400470432,136.42362584142992,182
1500,28.0,221.6194071046838,17.439105879122796,136.80745536219098,156
1501,27.4,169.04806214580455,17.583164584071316,137.18205306444136,145
1502,27.4,142.97609432066915,18.01534069891687,138.93548207180626,144
1503,28.2,55.19857385552203,20.176221273144648,139.3838685997711,151
1504,28.0,55.19857385552203,21.61680832262984,135.98587039025293,174
1505,28.3,55.19857385552203,24.49798242160021,135.10082479074026,205
1506,30.3,55.19857385552203,88.47341114444201,135.46298030578723,218
1507,31.7,55.19857385552203,25.36233465129132,131.78969150090742,194
1508,32.3,81.27054168065742,25.79451076613688,130.57397019400165,191
1509,30.7,81.27054168065742,27.37915652057058,130.9464864059345,198
1510,30.7,55.19857385552203,27.955391340364653,127.04440836199198,183
1511,30.7,21.904727066198586,28.531626160158723,125.2795482529462,159
1512,30.8,21.904727066198586,28.675684865107243,122.23203222636354,154
1513,29.8,21.904727066198586,28.531626160158723,120.20105547095253,150
1514,30.6,21.904727066198586,28.24350875026169,118.7507486709378,146
1515,31.1,21.904727066198586,28.675684865107243,116.09514347969213,145
1516,31.1,34.80523813220465,28.675684865107243,117.57799300173836,147
1517,31.9,34.80523813220465,28.38756745521021,123.21160785872443,177
1518,32.6,133.84188663953668,28.531626160158723,133.01595846968118,258
1519,33.4,81.27054168065742,52.47952841288233,142.03256980090225,231
1520,32.8,142.97609432066915,25.2182759463428,142.39107627459163,163
1521,30.4,142.97609432066915,23.63363019190909,143.52275872377197,139
1522,27.9,142.97609432066915,22.625219257269464,145.02096154746184,148
1523,25.8,142.97609432066915,59.77157162841728,143.2904289335894,134
1524,24.8,221.6194071046838,21.3286909127328,139.8554691390846,141
1525,23.8,169.04806214580455,20.75245609293872,131.76921402895056,133
1526,23.0,142.97609432066915,20.608397387990205,131.72172152130423,132
1527,23.0,55.19857385552203,21.040573502835763,129.63979688042045,128
1528,24.0,55.19857385552203,21.76086702757836,125.4636814362561,127
1529,24.2,55.19857385552203,24.93015853644576,126.4984094944594,155
1530,25.8,55.19857385552203,89.76993948897868,124.44288410447506,159
1531,28.9,55.19857385552203,27.37915652057058,120.0758556828376,190
1532,29.1,81.27054168065742,27.37915652057058,116.19048199435616,167
1533,29.3,81.27054168065742,27.09103911067354,115.7211207273762,181
1534,29.2,55.19857385552203,26.514804290879468,112.4208080702142,154
1535,29.0,21.904727066198586,26.802921700776505,110.41083963988292,129
1536,29.3,21.904727066198586,26.946980405725025,110.41665365346697,124
1537,28.6,21.904727066198586,26.08262817603391,109.7137612300198,124
1538,28.1,21.904727066198586,24.93015853644576,109.0006755567574,126
1539,27.8,21.904727066198586,23.63363019190909,107.70628541726532,125
1540,27.1,34.80523813220465,22.337101847372427,109.48712222397532,129
1541,27.1,34.80523813220465,21.61680832262984,110.78277123682676,153
1542,28.7,133.84188663953668,21.3286909127328,113.62827360830892,211
1543,29.8,81.27054168065742,45.852827985250485,117.99121709462712,195
1544,28.7,142.97609432066915,19.599986453350574,119.70146034266756,146
1545,26.5,142.97609432066915,18.159399403865383,119.73258749664232,126
1546,25.9,142.97609432066915,16.718812354380205,117.90431411878936,124
1547,23.3,142.97609432066915,53.72110602057951,119.1079808071805,120
1548,21.2,221.6194071046838,15.134166599946504,118.54667611758492,116
1549,20.4,169.04806214580455,14.557931780152426,118.86656755707504,127
1550,19.8,142.97609432066915,14.701990485100946,117.830386841168,116
1551,19.4,55.19857385552203,15.134166599946504,117.81727389917656,117
1552,19.7,55.19857385552203,15.27822530489502,117.7984173776864,128
1553,20.3,55.19857385552203,15.566342714792055,117.94317585350689,149
1554,22.5,55.19857385552203,79.10959532278831,117.19689434214952,177
1555,25.0,55.19857385552203,17.15098846922576,117.34896116980562,170
1556,26.1,81.27054168065742,20.032162568196128,116.23896009594354,157
1557,29.4,81.27054168065742,19.88810386324761,112.80235385939066,168
1558,32.8,55.19857385552203,21.3286909127328,110.40601883147042,169
1559,30.1,21.904727066198586,22.337101847372427,108.95761423501072,131
1560,28.0,21.904727066198586,22.481160552320947,110.3554036655017,121
1561,26.5,21.904727066198586,22.625219257269464,109.6878526014536,120
1562,26.5,21.904727066198586,23.05739537211502,109.80693380595196,120
1563,27.5,21.904727066198586,24.06580630675465,110.57326015726038,121
1564,28.0,34.80523813220465,24.353923716651693,110.99886506425598,123
1565,28.9,34.80523813220465,24.353923716651693,111.79994973054576,142
1566,30.0,133.84188663953668,24.49798242160021,114.27539492160716,203
1567,32.5,81.27054168065742,49.74241301886049,114.461548222138,210
1568,32.9,142.97609432066915,24.353923716651693,114.99285705239768,154
1569,28.8,142.97609432066915,23.77768889685761,114.58813470395908,122
1570,27.0,142.97609432066915,23.48957148696057,114.85306907252252,136
1571,24.4,142.97609432066915,60.77998256305692,114.96118044006988,119
1572,22.8,221.6194071046838,22.048984437475397,113.8940313187096,124
1573,23.8,169.04806214580455,21.47274961768132,114.39609864714352,103
1574,23.5,142.97609432066915,20.75245609293872,115.16448099718798,105
1575,23.7,55.19857385552203,20.464338683041685,112.94190214591214,114
1576,24.3,55.19857385552203,20.608397387990205,113.68633243687742,133
1577,24.3,55.19857385552203,20.75245609293872,115.19944179506284,162
1578,26.6,55.19857385552203,84.00759129103794,115.30311992288648,153
1579,30.3,55.19857385552203,22.048984437475397,113.3008826905288,162
1580,31.0,81.27054168065742,23.34551278201205,112.33750472314247,167
1581,30.6,81.27054168065742,23.05739537211502,114.54828616716873,162
1582,30.7,55.19857385552203,22.913336667166504,113.6805518885449,144
1583,30.0,21.904727066198586,23.34551278201205,110.128926911561,118
1584,30.1,21.904727066198586,23.48957148696057,110.92591395714744,118
1585,29.8,21.904727066198586,23.77768889685761,110.40178058422288,117
1586,29.2,21.904727066198586,24.20986501170317,110.8012735340665,114
1587,29.0,21.904727066198586,25.074217241394283,111.76921509860024,119
1588,28.6,34.80523813220465,26.226686880982435,113.65236581067954,121
1589,30.0,34.80523813220465,27.37915652057058,119.44776172086928,130
1590,31.7,133.84188663953668,28.099450045313173,130.1688622098852,205
1591,33.5,81.27054168065742,52.47952841288233,138.1282673446476,208
1592,33.1,142.97609432066915,24.786099831497243,141.5199882220277,129
1593,28.0,142.97609432066915,22.913336667166504,141.55387764860214,131
1594,25.2,142.97609432066915,21.3286909127328,132.37272734085232,120
1595,23.2,142.97609432066915,57.89880846408654,137.6113024218936,115
1596,22.0,221.6194071046838,19.16781033850502,140.28914460828284,117
1597,19.9,169.04806214580455,18.30345810881391,140.06710338951638,113
1598,19.2,142.97609432066915,18.159399403865383,139.55179445305183,112
1599,18.7,55.19857385552203,18.447516813762427,139.4733116727663,122
1600,20.7,55.19857385552203,20.32027997809317,134.9026569816713,124
1601,22.7,55.19857385552203,23.20145407706354,132.6851863533686,138
1602,24.4,55.19857385552203,87.89717632464794,131.94389128529667,134
1603,27.9,55.19857385552203,25.2182759463428,129.25086711035627,157
1604,30.5,81.27054168065742,25.50639335623984,127.8688504448778,136
1605,32.4,81.27054168065742,25.650452061188357,125.72595211577664,142
1606,29.9,55.19857385552203,26.08262817603391,122.49178032663812,143
1607,28.1,21.904727066198586,26.514804290879468,120.13813789863228,113
1608,28.4,21.904727066198586,26.946980405725025,117.7236094927794,111
1609,28.6,21.904727066198586,27.523215225519092,115.65426887377502,106
1610,29.4,21.904727066198586,27.66727393046762,115.90965042320244,105
1611,29.2,21.904727066198586,27.81133263541613,117.47566278658942,105
1612,29.3,34.80523813220465,28.099450045313173,119.23238177853416,104
1613,30.8,34.80523813220465,27.955391340364653,121.31372144198932,123
1614,32.3,113.44855091621928,26.370745585930948,131.73849606922417,196
1615,34.0,60.87720595734003,50.31864783865456,139.9841664688265,194
1616,34.1,34.80523813220465,24.353923716651693,140.52290059808223,140
1617,30.7,34.80523813220465,23.34551278201205,141.67003674466068,120
1618,26.7,34.80523813220465,22.481160552320947,142.57363055042237,110
1619,24.3,34.80523813220465,59.62751292346877,142.16781121828868,113
1620,23.5,113.44855091621928,21.040573502835763,141.8669120943056,108
1621,23.1,60.87720595734003,22.337101847372427,142.109754926797,101
1622,23.1,34.80523813220465,22.769277962217984,142.56903385046297,109
1623,24.1,34.80523813220465,23.77768889685761,141.9201878081745,108
1624,24.2,34.80523813220465,24.64204112654873,137.5821533421523,109
1625,24.4,34.80523813220465,24.93015853644576,135.28818755203886,153
1626,27.0,34.80523813220465,87.89717632464794,133.9704147459957,149
1627,28.9,34.80523813220465,25.074217241394283,131.8733534215041,140
1628,28.0,60.87720595734003,25.50639335623984,130.3230957011523,133
1629,27.8,60.87720595734003,25.93856947108539,127.21437764943782,127
1630,27.2,34.80523813220465,26.370745585930948,122.02037780013036,118
1631,25.3,21.904727066198586,27.23509781562206,119.94301131980082,106
1632,24.3,21.904727066198586,28.24350875026169,116.9629590655876,106
1633,24.0,21.904727066198586,29.25191968490132,116.45933264303638,103
1634,24.2,21.904727066198586,29.97221320964391,115.42857353949732,104
1635,24.4,21.904727066198586,30.404389324489465,115.9383997321236,107
1636,24.3,21.904727066198586,31.268741554180583,119.76003806385395,108
1637,24.6,21.904727066198586,31.41280025912909,125.35587306816988,111
1638,26.3,100.54803985021324,31.41280025912909,135.75774320742912,123
1639,27.6,47.97669489133397,56.65723085638937,145.34955262339474,127
1640,28.9,21.904727066198586,30.980624144283546,147.62864171986865,160
1641,29.6,21.904727066198586,30.260330619540948,146.62035592205766,166
1642,27.9,21.904727066198586,29.97221320964391,144.7416970440955,183
1643,26.9,21.904727066198586,67.55074169563729,146.51736920807625,180
1644,25.6,100.54803985021324,29.684095799746878,144.97912551300982,161
1645,23.9,47.97669489133397,28.96380227500428,143.29311243599415,141
1646,22.9,21.904727066198586,28.531626160158723,143.66589395367535,147
1647,23.4,21.904727066198586,28.531626160158723,142.44196435753915,168
1648,24.9,21.904727066198586,28.531626160158723,139.1689289006722,161
1649,26.0,21.904727066198586,29.25191968490132,137.87053899915438,164
1650,27.7,21.904727066198586,93.0832897027946,136.75892917695708,152
1651,30.0,21.904727066198586,30.980624144283546,134.9368465081905,149
1652,32.4,47.97669489133397,31.12468284923205,131.48762411345172,129
1653,32.1,47.97669489133397,31.556858964077616,129.28735619498696,119
1654,32.6,21.904727066198586,31.556858964077616,126.38269716554892,138
1655,32.4,21.904727066198586,31.844976373974653,124.35672267995017,136
1656,31.4,21.904727066198586,31.70091766902613,120.97615249685488,128
1657,32.3,21.904727066198586,31.556858964077616,119.73146937064034,113
1658,32.5,21.904727066198586,31.41280025912909,117.63423298784764,112
1659,32.2,21.904727066198586,30.980624144283546,117.07108033981592,113
1660,32.7,34.80523813220465,29.39597838984984,118.8808065987385,112
1661,33.2,34.80523813220465,27.955391340364653,123.46237072019332,112
1662,35.7,133.84188663953668,26.658862995827985,134.2479008793189,115
1663,37.7,81.27054168065742,49.59835431391197,142.38756846384416,121
1664,37.5,142.97609432066915,22.625219257269464,142.77695575342963,135
1665,33.6,142.97609432066915,21.18463220778428,144.39761965120528,154
1666,29.5,142.97609432066915,19.74404515829909,143.3527652736897,159
1667,26.4,142.97609432066915,56.89039752944692,142.5371302301657,178
1668,23.7,221.6194071046838,18.735634223659464,141.73428362442553,147
1669,22.3,169.04806214580455,18.879692928607984,142.52810451894396,130
1670,21.5,142.97609432066915,19.311869043453537,143.38463567036186,126
1671,21.4,55.19857385552203,21.76086702757836,142.54491651895043,120
1672,20.8,55.19857385552203,22.19304314242391,137.35311679850548,131
1673,21.7,55.19857385552203,22.481160552320947,136.5703457192647,139
1674,23.7,55.19857385552203,85.59223704547165,135.07944726057545,164
1675,26.9,55.19857385552203,22.481160552320947,131.64389113220295,167
1676,29.6,81.27054168065742,22.19304314242391,130.3159011553344,151
1677,30.5,81.27054168065742,21.904925732526877,127.24624695879132,153
1678,30.3,55.19857385552203,21.904925732526877,124.4258600773337,134
1679,29.1,21.904727066198586,21.76086702757836,118.7616529063308,106
1680,28.9,21.904727066198586,21.61680832262984,114.32348086360489,103
1681,28.4,21.904727066198586,21.61680832262984,114.77938595834252,98
1682,29.0,21.904727066198586,21.61680832262984,114.9349423539556,97
1683,28.7,21.904727066198586,21.47274961768132,115.67850774334894,100
1684,30.5,34.80523813220465,21.3286909127328,116.5600340548618,101
1685,30.2,34.80523813220465,21.18463220778428,120.66509105123122,117
1686,31.4,133.84188663953668,20.89651479788724,129.08784204381467,193
1687,31.8,81.27054168065742,45.708769280301965,136.63101507907592,178
1688,31.2,142.97609432066915,19.88810386324761,138.9280648672934,118
1689,27.6,142.97609432066915,19.455927748402058,140.48879527835112,108
1690,24.7,142.97609432066915,19.599986453350574,131.69676924988894,111
1691,21.7,142.97609432066915,57.46663234924099,137.61710628717032,120
1692,20.5,221.6194071046838,19.455927748402058,139.4646701474642,99
1693,19.8,169.04806214580455,19.0237516335565,139.2380749966049,100
1694,18.7,142.97609432066915,18.447516813762427,135.2805337953151,96
1695,18.4,55.19857385552203,18.30345810881391,132.6213051751065,99
1696,18.6,55.19857385552203,18.447516813762427,127.32693228420304,113
1697,20.1,55.19857385552203,18.879692928607984,125.80998843642526,110
1698,22.4,55.19857385552203,82.85512165144979,124.91525651921016,132
1699,25.4,55.19857385552203,19.88810386324761,122.893773505289,138
1700,28.9,81.27054168065742,19.16781033850502,120.95647420409884,129
1701,29.1,81.27054168065742,18.159399403865383,117.86392385568968,143
1702,28.8,55.19857385552203,17.727223289019836,115.76520098750224,137
1703,28.5,21.904727066198586,17.727223289019836,114.21692556984527,106
1704,28.7,21.904727066198586,17.87128199396835,112.21565484294584,95
1705,28.5,21.904727066198586,18.01534069891687,112.41689577693244,94
1706,29.0,21.904727066198586,18.159399403865383,109.8074905130959,96
1707,29.5,21.904727066198586,18.591575518710947,109.24153983176258,96
1708,30.1,34.80523813220465,19.16781033850502,108.88653669873294,96
1709,31.1,34.80523813220465,19.88810386324761,110.32348192322708,111
1710,30.9,133.84188663953668,19.599986453350574,112.86422096109098,184
1711,30.8,81.27054168065742,44.26818223081678,115.98424169007365,167
1712,31.1,142.97609432066915,18.159399403865383,120.10075830003498,119
1713,27.1,142.97609432066915,17.29504717417428,121.92342944981245,115
1714,24.0,142.97609432066915,16.574753649431685,124.21567945111114,114
1715,22.3,142.97609432066915,53.577047315630985,123.58615639000962,120
1716,22.5,221.6194071046838,14.125755665306873,122.48810603532544,117
1717,20.6,169.04806214580455,13.837638255409832,120.99919990682515,110
1718,19.4,142.97609432066915,14.413873075203906,121.1600428456684,113
1719,19.0,55.19857385552203,14.701990485100946,121.66845866520477,141
1720,18.5,55.19857385552203,15.566342714792055,121.62493740767312,120
1721,19.4,55.19857385552203,17.29504717417428,118.48982807872922,134
1722,22.2,55.19857385552203,81.70265201186164,117.01966079967958,168
1723,25.4,55.19857385552203,19.16781033850502,116.1964314395175,174
1724,29.3,81.27054168065742,19.16781033850502,114.20563666527988,162
1725,30.6,81.27054168065742,19.599986453350574,111.46047181631816,172
1726,31.6,55.19857385552203,20.32027997809317,110.32953200576928,143
1727,30.7,21.904727066198586,21.040573502835763,108.5343198801262,125
1728,30.9,21.904727066198586,21.3286909127328,107.81508276206166,111
1729,31.4,21.904727066198586,21.61680832262984,108.17680745730064,110
1730,30.1,21.904727066198586,21.904925732526877,108.19044605744814,115
1731,29.8,21.904727066198586,22.337101847372427,107.83654474064087,116
1732,31.1,34.80523813220465,22.481160552320947,108.56896257689212,117
1733,32.1,34.80523813220465,22.481160552320947,108.8480046631899,133
1734,33.0,133.84188663953668,22.337101847372427,110.9271615948808,204
1735,34.6,81.27054168065742,46.86123891989011,111.49512574871,190
1736,33.4,142.97609432066915,20.032162568196128,114.48673825389598,134
1737,28.9,142.97609432066915,18.591575518710947,115.58415083579092,132
1738,24.5,142.97609432066915,17.15098846922576,118.97078898177936,136
1739,23.2,142.97609432066915,53.43298861068247,118.10030004178638,119
1740,22.5,221.6194071046838,14.125755665306873,115.76950447386822,117
1741,21.4,169.04806214580455,13.405462140564278,114.7789088670857,107
1742,21.0,142.97609432066915,13.693579550461315,114.5029861771544,107
1743,20.6,55.19857385552203,14.413873075203906,115.44271037320856,119
1744,22.1,55.19857385552203,15.134166599946504,115.62011087949642,122
1745,24.0,55.19857385552203,17.15098846922576,116.5771008498697,139
1746,25.0,55.19857385552203,81.55859330691312,117.64051636064482,166
1747,27.9,55.19857385552203,19.455927748402058,116.63871243168953,151
1748,28.1,81.27054168065742,20.032162568196128,114.96717966026232,157
1749,29.1,81.27054168065742,20.608397387990205,113.31228225996914,166
1750,29.2,55.19857385552203,20.608397387990205,111.00864646193288,180
1751,28.8,21.904727066198586,20.75245609293872,110.66797769216753,146
1752,28.7,21.904727066198586,21.040573502835763,110.01128229661316,145
1753,29.1,21.904727066198586,21.61680832262984,109.71061948321464,144
1754,28.5,21.904727066198586,21.76086702757836,109.92208012510343,145
1755,29.7,21.904727066198586,22.19304314242391,109.7263837913044,149
1756,30.0,34.80523813220465,22.625219257269464,110.73327238466229,149
1757,30.5,34.80523813220465,22.769277962217984,116.30773843654934,170
1758,31.9,133.84188663953668,22.625219257269464,124.7033836627434,244
1759,34.3,81.27054168065742,46.42906280504455,131.98431066437328,240
1760,34.0,142.97609432066915,19.16781033850502,134.5167482660432,147
1761,32.3,142.97609432066915,15.710401419740574,135.06451777157528,131
1762,28.2,142.97609432066915,13.261403435615758,134.13662867648355,122
1763,26.0,142.97609432066915,50.26369710181506,133.2014121410734,114
1764,23.4,221.6194071046838,11.676757681182051,133.01981265182226,110
1765,22.6,169.04806214580455,12.685168615821684,132.48530879614404,113
1766,22.3,142.97609432066915,14.125755665306873,132.55535265483422,121
1767,22.4,55.19857385552203,14.413873075203906,131.91893708087045,134
1768,22.5,55.19857385552203,15.710401419740574,127.76475696133348,136
1769,24.1,55.19857385552203,18.01534069891687,126.07164731799074,152
1770,24.4,55.19857385552203,83.86353258608942,125.80127696029064,167
1771,24.8,55.19857385552203,22.337101847372427,124.84390522026132,176
1772,25.2,81.27054168065742,23.34551278201205,123.24376168312222,195
1773,26.2,81.27054168065742,24.49798242160021,120.84941089090776,181
1774,26.4,55.19857385552203,24.20986501170317,118.15931558994536,162
1775,25.8,21.904727066198586,24.353923716651693,116.48039485079543,150
1776,24.6,21.904727066198586,25.2182759463428,113.10198661959706,149
1777,24.4,21.904727066198586,25.36233465129132,113.52535805329184,148
1778,25.4,21.904727066198586,25.36233465129132,114.80043560153064,150
1779,25.8,21.904727066198586,24.786099831497243,115.92163738633504,155
1780,25.5,34.80523813220465,25.2182759463428,116.868611702271,155
1781,26.8,34.80523813220465,25.50639335623984,122.45942873106094,178
1782,27.8,113.44855091621928,25.074217241394283,130.5647860966979,233
1783,30.1,60.87720595734003,47.72559114958122,139.83519632465857,228
1784,32.6,34.80523813220465,18.879692928607984,140.10029379101812,155
1785,31.8,34.80523813220465,16.574753649431685,140.60741835926223,146
1786,30.0,34.80523813220465,14.846049190049468,138.43287579576617,131
1787,28.7,34.80523813220465,51.56022544635172,137.2863108539136,119
1788,27.8,113.44855091621928,13.981696960358352,137.2122628839231,132
1789,27.5,60.87720595734003,13.981696960358352,136.84372263381903,119
1790,27.1,34.80523813220465,13.981696960358352,136.12071964804966,124
1791,27.4,34.80523813220465,14.557931780152426,133.65643614527272,128
1792,29.4,34.80523813220465,15.710401419740574,129.77622371675142,144
1793,31.1,34.80523813220465,17.439105879122796,127.68794345678748,144
1794,29.3,34.80523813220465,82.99918035639831,128.53831821006273,168
1795,28.9,34.80523813220465,21.47274961768132,130.12926315231627,173
1796,29.0,60.87720595734003,21.76086702757836,126.6187904071727,151
1797,28.4,60.87720595734003,21.61680832262984,123.52012268327884,145
1798,27.8,34.80523813220465,21.3286909127328,120.08901984961834,172
1799,27.3,21.904727066198586,22.481160552320947,116.31616853878243,152
1800,27.1,21.904727066198586,23.63363019190909,113.29193744088644,146
1801,26.7,21.904727066198586,23.63363019190909,111.22400502033474,149
1802,25.8,21.904727066198586,23.34551278201205,112.39647859075356,146
1803,25.7,21.904727066198586,23.63363019190909,113.13241740638917,149
1804,25.9,21.904727066198586,22.769277962217984,117.44929627606238,149
1805,26.3,21.904727066198586,23.48957148696057,123.92165568451844,152
1806,27.7,100.54803985021324,23.77768889685761,130.56966441218518,152
1807,29.7,47.97669489133397,47.5815324446327,133.0020787264218,175
1808,31.5,21.904727066198586,20.464338683041685,141.31117157663311,173
1809,31.0,21.904727066198586,20.89651479788724,139.95362948724716,203
1810,28.6,21.904727066198586,20.176221273144648,139.0207079190476,157
1811,28.0,21.904727066198586,58.04286716903506,139.48119437047046,149
1812,27.1,100.54803985021324,19.88810386324761,138.75341189439695,127
1813,25.6,47.97669489133397,19.455927748402058,136.71638336505916,118
1814,23.6,21.904727066198586,18.879692928607984,135.20306584576065,109
1815,24.1,21.904727066198586,18.159399403865383,135.65580793057305,125
1816,25.1,21.904727066198586,18.735634223659464,134.01660814949298,123
1817,25.3,21.904727066198586,21.3286909127328,131.02639357363918,133
1818,26.5,21.904727066198586,87.75311761969942,129.18295306725648,155
1819,26.7,21.904727066198586,25.93856947108539,128.34330314179851,139
1820,25.2,47.97669489133397,26.946980405725025,125.26338175777262,140
1821,23.7,47.97669489133397,27.37915652057058,121.61909923145264,140
1822,23.0,21.904727066198586,26.946980405725025,117.1422151415421,142
1823,23.0,21.904727066198586,25.074217241394283,117.2760638245632,146
1824,22.3,21.904727066198586,26.226686880982435,114.8338160421681,137
1825,20.8,21.904727066198586,26.802921700776505,112.76696429553188,137
1826,20.9,21.904727066198586,27.09103911067354,111.45639461304256,134
1827,20.7,21.904727066198586,27.523215225519092,111.6516351187049,136
1828,20.7,34.80523813220465,27.81133263541613,113.42919112263692,139
1829,22.3,34.80523813220465,27.23509781562206,118.51553410358872,141
1830,23.2,133.84188663953668,25.50639335623984,127.70998799653162,145
1831,25.4,81.27054168065742,48.73400208422085,135.11564168185458,154
1832,26.7,142.97609432066915,20.89651479788724,134.65956116637625,160
1833,25.3,142.97609432066915,18.735634223659464,138.68055465913102,175
1834,21.1,142.97609432066915,18.735634223659464,138.6847324997874,178
1835,20.1,142.97609432066915,55.88198659480728,136.77834288884392,148
1836,20.3,221.6194071046838,19.599986453350574,132.39267081854345,108
1837,19.5,169.04806214580455,19.455927748402058,132.82368429008335,125
1838,17.9,142.97609432066915,20.608397387990205,134.2629660415228,108
1839,17.2,55.19857385552203,20.75245609293872,136.70858825691212,106
1840,16.2,55.19857385552203,22.625219257269464,131.94647849959517,139
1841,16.6,55.19857385552203,23.77768889685761,130.68048501534517,131
1842,17.7,55.19857385552203,87.89717632464794,130.80466091174023,162
1843,19.3,55.19857385552203,25.650452061188357,129.43290382251408,169
1844,20.2,81.27054168065742,26.370745585930948,127.19086994124304,133
1845,20.0,81.27054168065742,27.23509781562206,123.9065452173712,139
1846,20.7,55.19857385552203,27.955391340364653,121.64825290209488,113
1847,20.6,21.904727066198586,28.675684865107243,121.20393608698828,115
1848,21.5,21.904727066198586,28.38756745521021,118.51435158416058,106
1849,21.6,21.904727066198586,28.81974357005576,118.0573333167614,102
1850,22.1,21.904727066198586,29.540037094798357,118.64557789624712,105
1851,22.5,21.904727066198586,29.828154504695394,116.842898066181,106
1852,22.9,34.80523813220465,29.97221320964391,122.6356729343812,104
1853,23.5,34.80523813220465,29.1078609799528,125.80426177077202,119
1854,24.1,133.84188663953668,28.38756745521021,134.46820854973285,203
1855,24.6,81.27054168065742,51.90329359308826,137.86137290301482,181
1856,23.0,142.97609432066915,25.36233465129132,138.89764881970953,121
1857,19.9,142.97609432066915,24.353923716651693,139.7689797067698,105
1858,18.0,142.97609432066915,23.48957148696057,140.52855731290293,94
1859,18.5,142.97609432066915,60.20374774326284,138.8792998343981,92
1860,18.5,221.6194071046838,21.76086702757836,136.9276105958798,90
1861,17.7,169.04806214580455,21.3286909127328,136.32314769236532,82
1862,17.1,142.97609432066915,21.3286909127328,135.86851306905254,93
1863,16.7,55.19857385552203,21.47274961768132,132.95201821377293,96
1864,16.5,55.19857385552203,22.048984437475397,129.00558940898924,105
1865,16.3,55.19857385552203,23.63363019190909,126.10337418860234,127
1866,17.5,55.19857385552203,87.46500020980238,125.23176059869552,142
1867,20.5,55.19857385552203,24.49798242160021,123.17743681662212,152
1868,23.2,81.27054168065742,25.50639335623984,120.9431041716555,135
1869,24.4,81.27054168065742,24.93015853644576,118.30371887500996,157
1870,24.2,55.19857385552203,24.93015853644576,114.41664981514154,133
1871,24.7,21.904727066198586,25.2182759463428,109.30896313171594,121
1872,25.8,21.904727066198586,24.786099831497243,108.93537349465852,106
1873,25.9,21.904727066198586,24.06580630675465,109.46099806469194,103
1874,25.5,21.904727066198586,23.63363019190909,107.82485860233218,104
1875,26.4,21.904727066198586,23.34551278201205,106.3722035564935,104
1876,26.8,34.80523813220465,23.48957148696057,107.05900994634648,109
1877,27.5,34.80523813220465,23.921747601806132,108.82765259531628,124
1878,29.1,133.84188663953668,22.913336667166504,109.95831441473273,206
1879,29.4,81.27054168065742,46.71718021494159,113.7275414509134,177
1880,26.7,142.97609432066915,19.88810386324761,114.48446962395914,112
1881,22.0,142.97609432066915,18.591575518710947,115.9388872133141,103
1882,18.8,142.97609432066915,15.99851882963761,117.0700256407346,104
1883,19.2,142.97609432066915,52.56863638099136,117.30976272874912,99
1884,18.8,221.6194071046838,12.397051205924647,117.69317423589952,88
1885,17.5,169.04806214580455,11.820816386130574,117.11567345190076,94
1886,16.9,142.97609432066915,11.676757681182051,116.34031051618416,94
1887,17.1,55.19857385552203,11.388640271285018,116.15792537880866,92
1888,17.5,55.19857385552203,12.685168615821684,115.88541360745263,97
1889,18.4,55.19857385552203,13.5495208455128,116.46065288949232,133
1890,20.5,55.19857385552203,77.09277345350904,115.48823519655512,145
1891,23.5,55.19857385552203,15.27822530489502,113.32700358785628,162
1892,24.7,81.27054168065742,16.28663623953465,112.80644568106128,146
1893,27.8,81.27054168065742,16.14257753458613,109.93150717771672,163
1894,30.6,55.19857385552203,16.430694944483168,108.55790901640582,163
1895,30.8,21.904727066198586,16.86287105932872,109.13325256022182,135
1896,29.3,21.904727066198586,16.28663623953465,107.63552622372286,133
1897,29.5,21.904727066198586,16.430694944483168,108.97367634759478,127
1898,30.9,21.904727066198586,17.583164584071316,109.2297286518102,122
1899,30.4,21.904727066198586,18.30345810881391,108.075510074047,122
1900,31.3,34.80523813220465,18.879692928607984,109.39994016968652,120
1901,32.2,34.80523813220465,19.311869043453537,111.1531865075198,140
1902,32.8,133.84188663953668,19.0237516335565,111.32301746387192,193
1903,33.9,81.27054168065742,42.97165388628011,112.17672424471446,195
1904,34.6,142.97609432066915,16.574753649431685,112.902361924363,136
1905,29.9,142.97609432066915,15.566342714792055,114.69575206640408,122
1906,25.8,142.97609432066915,14.846049190049468,116.44288030387357,89
1907,23.2,142.97609432066915,52.13646026614581,116.7495779773533,87
1908,21.9,221.6194071046838,13.981696960358352,116.9360538490808,74
1909,19.5,169.04806214580455,13.981696960358352,116.3599991988739,58
1910,17.2,142.97609432066915,14.26981437025539,116.8660033456656,65
1911,17.3,55.19857385552203,15.27822530489502,116.58639694099338,69
1912,17.7,55.19857385552203,15.42228400984354,116.2317308767423,73
1913,18.4,55.19857385552203,16.430694944483168,117.77985394897642,91
1914,20.6,55.19857385552203,80.40612366732498,117.47570470876369,141
1915,23.5,55.19857385552203,19.0237516335565,116.31968770596906,142
1916,24.6,81.27054168065742,20.608397387990205,114.81853583249976,121
1917,26.7,81.27054168065742,21.18463220778428,112.8418122904154,138
1918,29.6,55.19857385552203,21.040573502835763,110.50615399191052,127
1919,30.7,21.904727066198586,21.040573502835763,107.69902732371352,98
1920,30.7,21.904727066198586,21.76086702757836,107.45147615988236,99
1921,31.3,21.904727066198586,21.904925732526877,107.4574373239224,96
1922,30.1,21.904727066198586,22.337101847372427,107.21054145079192,97
1923,30.8,21.904727066198586,22.337101847372427,106.97132180563712,97
1924,31.8,34.80523813220465,21.61680832262984,108.52620244240885,98
1925,31.7,34.80523813220465,20.89651479788724,113.79044682110224,114
1926,32.2,133.84188663953668,19.88810386324761,122.0233472673376,184
1927,33.2,81.27054168065742,43.40383000112566,131.03866613913465,167
1928,33.7,142.97609432066915,16.718812354380205,133.32939449840256,117
1929,28.0,142.97609432066915,14.557931780152426,133.00657950071445,90
1930,23.8,142.97609432066915,12.108933796027612,122.0364843719655,87
1931,21.0,142.97609432066915,47.09440559294765,130.21423831220437,80
1932,17.7,221.6194071046838,8.651524877263165,130.27086417561787,87
1933,15.2,169.04806214580455,7.643113942623536,130.9039900066281,62
1934,13.9,142.97609432066915,7.066879122829462,130.63157138223565,68
1935,13.3,55.19857385552203,7.787172647572055,130.28641947690227,65
1936,13.3,55.19857385552203,8.939642287160202,125.8438544252423,68
1937,14.6,55.19857385552203,10.092111926748352,123.52994757370136,100
1938,15.7,55.19857385552203,75.07595158422978,122.84464591203368,88
1939,17.6,55.19857385552203,13.11734473066724,121.75474211104378,101
1940,20.2,81.27054168065742,13.5495208455128,119.97952674170526,112
1941,20.5,81.27054168065742,13.5495208455128,117.42444452121477,116
1942,21.9,55.19857385552203,14.26981437025539,114.36810502467756,106
1943,22.8,21.904727066198586,15.99851882963761,112.42970161181452,92
1944,23.6,21.904727066198586,17.439105879122796,111.67437517993946,90
1945,23.3,21.904727066198586,17.29504717417428,109.75025418067236,85
1946,25.4,21.904727066198586,17.87128199396835,108.50341127719818,88
1947,27.0,21.904727066198586,18.591575518710947,110.03273171062142,91
1948,27.3,34.80523813220465,21.040573502835763,114.4150861301233,99
1949,27.0,34.80523813220465,21.904925732526877,118.37884486102588,123
1950,27.3,113.44855091621928,20.176221273144648,133.0101460266685,190
1951,28.3,60.87720595734003,41.67512554174345,137.62947248288208,133
1952,27.1,34.80523813220465,12.829227320770205,138.66814581636592,113
1953,22.6,34.80523813220465,8.939642287160202,137.96320101857822,80
1954,19.6,34.80523813220465,6.490644303035387,137.83013484253874,71
1955,18.3,34.80523813220465,42.721344087671234,137.14823322625998,64
1956,16.8,113.44855091621928,4.854698191780822,137.79001652991238,58
1957,16.0,60.87720595734003,4.854698191780822,137.7527370854432,64
1958,13.9,34.80523813220465,4.854698191780822,137.08896360797863,64
1959,13.6,34.80523813220465,4.854698191780822,136.5650183411789,64
1960,13.4,34.80523813220465,4.854698191780822,131.67933445792784,84
1961,15.1,34.80523813220465,6.634703007983905,129.25320653681794,111
1962,15.0,34.80523813220465,72.19477748525942,127.08930785630707,117
1963,17.3,34.80523813220465,10.524288041593906,123.70285878294888,123
1964,19.6,60.87720595734003,11.820816386130574,121.88461773175244,105
1965,21.6,60.87720595734003,12.685168615821684,121.7108209618788,110
1966,21.7,34.80523813220465,13.693579550461315,119.143563068065,111
1967,21.4,21.904727066198586,14.413873075203906,116.22112070063496,104
1968,21.5,21.904727066198586,15.854460124689094,115.38578561798212,92
1969,22.5,21.904727066198586,16.718812354380205,115.89464735897424,91
1970,22.0,21.904727066198586,15.99851882963761,115.64379473331094,92
1971,23.0,21.904727066198586,15.134166599946504,116.24437929204788,92
1972,24.1,21.904727066198586,14.557931780152426,119.15235742204268,93
1973,24.2,21.904727066198586,14.413873075203906,123.13346323453604,96
1974,22.2,100.54803985021324,14.413873075203906,132.19847619260014,103
1975,23.3,47.97669489133397,39.658303672464186,136.76646260375128,122
1976,25.4,21.904727066198586,14.413873075203906,134.87691157171437,123
1977,20.7,21.904727066198586,13.837638255409832,133.80952529407725,113
1978,16.8,21.904727066198586,11.820816386130574,132.90244312849043,136
1979,15.6,21.904727066198586,46.80628818305061,131.75302264626148,129
1980,14.6,100.54803985021324,7.066879122829462,132.0399394565934,122
1981,13.3,47.97669489133397,6.202526893138352,131.6522703720863,96
1982,12.1,21.904727066198586,6.634703007983905,132.208337085351,77
1983,11.7,21.904727066198586,7.787172647572055,131.5358170959289,77
1984,11.2,21.904727066198586,8.651524877263165,128.12457884895153,99
1985,10.5,21.904727066198586,9.803994516851317,126.107375883639,113
1986,11.4,21.904727066198586,74.06754064959016,126.04142348417987,160
1987,13.7,21.904727066198586,12.252992500976127,126.00648817788648,118
1988,15.5,47.97669489133397,12.973286025718725,124.25043897422432,89
1989,16.2,47.97669489133397,13.5495208455128,122.67898893031614,86
1990,17.1,21.904727066198586,13.5495208455128,120.3449930211994,86
1991,16.9,21.904727066198586,14.413873075203906,118.68372284635414,78
1992,16.9,21.904727066198586,15.27822530489502,116.61868498883668,77
1993,18.0,21.904727066198586,15.42228400984354,114.879926326196,75
1994,19.0,21.904727066198586,15.42228400984354,113.7035378046054,76
1995,19.6,21.904727066198586,16.14257753458613,114.69634562156864,83
1996,19.1,34.80523813220465,17.439105879122796,116.52642431080436,74
1997,19.0,34.80523813220465,18.01534069891687,121.70361771751176,79
1998,19.9,133.84188663953668,17.29504717417428,129.3265183920888,86
1999,21.4,81.27054168065742,40.81077331205233,134.5742528037314,88
2000,20.4,142.97609432066915,13.5495208455128,131.53504437481504,134
2001,16.7,142.97609432066915,11.676757681182051,129.12786298101614,121
2002,13.8,142.97609432066915,10.092111926748352,128.87697689010133,114
2003,12.6,142.97609432066915,46.6622294781021,126.95975069914692,98
2004,12.3,221.6194071046838,7.499055237675016,125.87520544604382,73
2005,12.0,169.04806214580455,7.066879122829462,125.12677031889916,94
2006,10.9,142.97609432066915,7.066879122829462,124.96173480019128,69
2007,10.3,55.19857385552203,7.210937827777981,123.3203212383591,62
2008,10.3,55.19857385552203,8.939642287160202,121.22352461554992,92
2009,10.6,55.19857385552203,11.10052286138798,121.6749836643665,128
2010,11.5,55.19857385552203,75.65218640402387,121.73777160414215,125
2011,12.5,55.19857385552203,13.837638255409832,119.87832262622835,129
2012,13.5,81.27054168065742,14.846049190049468,118.45581868466482,86
2013,13.2,81.27054168065742,15.566342714792055,115.10904151922448,86
2014,13.6,55.19857385552203,16.574753649431685,112.45900436592368,94
2015,13.5,21.904727066198586,18.01534069891687,110.3310263440209,78
2016,13.7,21.904727066198586,18.591575518710947,110.57102849615733,79
2017,13.7,21.904727066198586,19.16781033850502,108.71362536867224,79
2018,13.9,21.904727066198586,19.74404515829909,107.39130068436032,80
2019,14.7,21.904727066198586,19.311869043453537,108.61120140249386,84
2020,14.6,34.80523813220465,18.591575518710947,110.7917327962487,101
2021,15.1,34.80523813220465,18.01534069891687,114.38731854912136,166
2022,16.0,133.84188663953668,16.86287105932872,121.90942466490942,170
2023,16.5,81.27054168065742,40.37859719720678,128.0098118831924,110
2024,16.6,142.97609432066915,13.261403435615758,128.4472604688864,100
2025,16.4,142.97609432066915,11.2445815663365,127.83340325313108,93
2026,17.3,142.97609432066915,11.10052286138798,120.5289197347808,94
2027,17.0,142.97609432066915,47.09440559294765,126.3574370621452,87
2028,16.2,221.6194071046838,6.34658559808687,125.56002547903624,100
2029,15.7,169.04806214580455,5.050057253550202,123.2883714674262,82
2030,15.2,142.97609432066915,5.770350778292794,122.41097660430776,77
2031,14.8,55.19857385552203,5.914409483241313,121.6354566114542,81
2032,14.8,55.19857385552203,6.634703007983905,119.77188609182691,92
2033,15.1,55.19857385552203,8.507466172314647,117.00256984203524,115
2034,16.2,55.19857385552203,73.20318841989905,116.32115002872736,136
2035,18.4,55.19857385552203,11.532698976233537,115.96099989169306,138
2036,20.5,81.27054168065742,11.964875091079092,112.34807285626238,131
2037,20.6,81.27054168065742,12.541109910873166,112.2273127109699,124
2038,21.4,55.19857385552203,13.261403435615758,110.6371570412362,122
2039,20.8,21.904727066198586,13.693579550461315,109.14481981835915,107
2040,20.4,21.904727066198586,14.413873075203906,107.38134531570093,118
2041,20.7,21.904727066198586,16.28663623953465,106.58555842826728,116
2042,22.4,21.904727066198586,17.006929764277242,106.38606227825916,119
2043,23.5,21.904727066198586,17.15098846922576,106.17295773139908,121
2044,22.3,34.80523813220465,17.439105879122796,105.7028051380752,142
2045,21.9,34.80523813220465,16.28663623953465,106.43670100279842,209
2046,22.0,133.84188663953668,15.134166599946504,107.38777221455864,178
2047,22.0,81.27054168065742,37.92959921308197,108.43222476743,144
2048,21.9,142.97609432066915,10.380229336645383,111.0655127435791,113
2049,22.3,142.97609432066915,7.499055237675016,114.90491604969776,94
2050,20.0,142.97609432066915,4.854698191780822,115.72064061578985,84
2051,18.2,142.97609432066915,42.721344087671234,116.48910765587507,76
2052,16.8,221.6194071046838,4.854698191780822,116.17027164034532,78
2053,15.3,169.04806214580455,4.854698191780822,115.32208324322978,89
2054,13.9,142.97609432066915,4.854698191780822,113.71381018705506,67
2055,13.2,55.19857385552203,5.770350778292794,111.66563784978382,81
2056,13.7,55.19857385552203,7.787172647572055,113.96678175512238,100
2057,14.2,55.19857385552203,10.092111926748352,112.7535748121662,121
2058,15.0,55.19857385552203,75.36406899412682,110.1982411794434,143
2059,16.8,55.19857385552203,13.837638255409832,109.12271704666114,140
2060,17.4,81.27054168065742,14.990107894997983,106.3702368386992,125
2061,17.8,81.27054168065742,15.42228400984354,105.84303734802155,124
2062,17.8,55.19857385552203,15.854460124689094,103.72230171395688,130
2063,17.1,21.904727066198586,15.99851882963761,104.13998671278812,115
2064,16.8,21.904727066198586,16.28663623953465,101.36162203889644,118
2065,16.8,21.904727066198586,16.28663623953465,101.13300761650848,120
2066,17.5,21.904727066198586,15.99851882963761,101.24385842296402,123
2067,17.8,21.904727066198586,15.99851882963761,102.11260777394536,125
2068,17.3,34.80523813220465,15.99851882963761,102.2062889733749,150
2069,18.2,34.80523813220465,15.99851882963761,104.10121498389144,206
2070,20.3,133.84188663953668,16.14257753458613,104.71033898079143,200
2071,21.0,81.27054168065742,42.107301656589,108.37212431689416,146
2072,19.6,142.97609432066915,17.439105879122796,109.950930433845,121
2073,18.2,142.97609432066915,17.006929764277242,110.86108065019576,89
2074,16.8,142.97609432066915,16.574753649431685,111.54484423923984,86
2075,14.8,142.97609432066915,54.15328213542506,110.66969638049862,76
2076,14.1,221.6194071046838,15.566342714792055,111.94926080951409,68
2077,12.8,169.04806214580455,15.710401419740574,110.82545018485156,74
2078,12.2,142.97609432066915,16.718812354380205,112.3822423277933,71
2079,13.2,55.19857385552203,16.430694944483168,110.59596651161708,75
2080,14.5,55.19857385552203,15.566342714792055,109.80970236083706,89
2081,15.5,55.19857385552203,15.27822530489502,111.12453940655088,92
2082,15.4,55.19857385552203,77.5249495683546,111.81369621686508,142
2083,16.2,55.19857385552203,15.42228400984354,111.85847042791016,131
2084,17.7,81.27054168065742,15.27822530489502,109.73687037552624,129
2085,18.8,81.27054168065742,14.701990485100946,108.54294135044005,123
2086,18.7,55.19857385552203,14.557931780152426,107.9739057044972,112
2087,19.4,21.904727066198586,14.701990485100946,107.8186264543243,108
2088,21.8,21.904727066198586,14.846049190049468,105.84765941874922,118
2089,21.9,21.904727066198586,14.990107894997983,106.3798483730418,116
2090,22.3,21.904727066198586,14.990107894997983,106.40537027861151,119
2091,24.1,21.904727066198586,14.557931780152426,107.91449521804536,121
2092,24.7,34.80523813220465,14.26981437025539,111.662774698177,148
2093,26.1,34.80523813220465,14.26981437025539,121.22046864610417,166
2094,30.3,133.84188663953668,13.693579550461315,130.70128022597137,191
2095,31.4,81.27054168065742,38.07365791803048,134.11071920222506,141
2096,27.6,142.97609432066915,11.532698976233537,135.512827341543,108
2097,25.4,142.97609432066915,10.956464156439464,130.61955300767568,105
2098,23.4,142.97609432066915,11.676757681182051,135.51336375207234,113
2099,22.8,142.97609432066915,48.67905134738135,134.21335459147244,85
2100,22.6,221.6194071046838,9.515877106954274,134.9217691438552,74
2101,23.8,169.04806214580455,7.931231352520573,132.98530671557867,96
2102,24.5,142.97609432066915,6.778761712932424,130.8063100116783,78
2103,24.0,55.19857385552203,6.202526893138352,126.05590560196607,80
2104,26.8,55.19857385552203,6.490644303035387,120.5155045182073,108
2105,27.4,55.19857385552203,6.922820417880944,118.83708479132429,104
2106,27.3,55.19857385552203,70.32201432092867,118.81519622139842,129
2107,26.5,55.19857385552203,7.210937827777981,117.44836601455884,123
2108,26.8,81.27054168065742,7.931231352520573,114.77687268171158,114
2109,26.6,81.27054168065742,8.795583582211684,112.05618301290826,132
2110,26.5,55.19857385552203,9.22775969705724,109.96495479048352,121
2111,26.4,21.904727066198586,9.659935811902796,107.6014170379699,113
2112,27.8,21.904727066198586,10.092111926748352,106.89332288214656,106
2113,28.5,21.904727066198586,10.380229336645383,107.24239638337671,107
2114,27.8,21.904727066198586,10.380229336645383,109.46897934595286,106
2115,27.5,21.904727066198586,11.10052286138798,110.53980722871356,103
2116,28.1,34.80523813220465,11.676757681182051,114.08538296884753,108
2117,29.3,34.80523813220465,10.956464156439464,121.673518562905,117
2118,33.3,113.44855091621928,10.236170631696872,128.45022365380817,112
2119,36.2,60.87720595734003,34.47219029431752,130.1815156993444,125
2120,32.4,34.80523813220465,7.931231352520573,129.3380790055011,123
2121,30.3,34.80523813220465,6.922820417880944,128.1191534913749,132
2122,28.9,34.80523813220465,5.914409483241313,127.44088074065225,106
2123,27.6,34.80523813220465,42.721344087671234,130.28326528633932,95
2124,26.8,113.44855091621928,4.854698191780822,131.36511350596118,108
2125,25.2,60.87720595734003,4.854698191780822,130.7191201045327,97
2126,24.0,34.80523813220465,4.854698191780822,131.07273316108703,81
2127,24.0,34.80523813220465,4.854698191780822,125.30743507655902,76
2128,24.5,34.80523813220465,4.854698191780822,119.23604761292404,93
2129,25.1,34.80523813220465,4.854698191780822,118.06770754472376,97
2130,24.9,34.80523813220465,67.96577468493152,120.43302052613778,109
2131,28.8,34.80523813220465,5.914409483241313,119.336910431161,101
2132,30.6,60.87720595734003,7.643113942623536,116.56168822895356,106
2133,31.5,60.87720595734003,8.651524877263165,113.73405533526235,107
2134,31.2,34.80523813220465,8.939642287160202,110.52948410472732,111
2135,31.2,21.904727066198586,8.939642287160202,108.1342794049405,105
2136,31.5,21.904727066198586,8.939642287160202,108.29742661360936,108
2137,31.9,21.904727066198586,9.37181840200576,106.00459513846435,107
2138,32.0,21.904727066198586,9.659935811902796,106.1454726116173,106
2139,32.0,21.904727066198586,12.397051205924647,108.05221088940486,103
2140,31.9,21.904727066198586,14.125755665306873,112.79484012514514,101
2141,33.1,21.904727066198586,14.125755665306873,120.32199695683158,104
2142,35.9,100.54803985021324,14.701990485100946,128.0647945665137,110
2143,36.6,47.97669489133397,40.09047978730975,129.61365496159928,120
2144,31.8,21.904727066198586,14.990107894997983,130.08720917088343,120
2145,28.3,21.904727066198586,14.990107894997983,131.1581784050674,127
2146,26.8,21.904727066198586,15.134166599946504,130.13595016195544,123
2147,26.5,21.904727066198586,52.8567537908884,131.19759793424743,95
2148,26.3,100.54803985021324,14.701990485100946,131.42478132449128,78
2149,26.1,47.97669489133397,13.837638255409832,129.80140831191622,97
2150,26.5,21.904727066198586,12.973286025718725,128.7470309561206,75
2151,25.7,21.904727066198586,12.541109910873166,124.90068620780087,91
2152,25.8,21.904727066198586,12.685168615821684,122.6397136520757,82
2153,25.7,21.904727066198586,13.405462140564278,121.01177305551816,96
2154,26.4,21.904727066198586,78.10118438814868,119.41773348360054,103
2155,27.9,21.904727066198586,16.14257753458613,123.52435935995504,116
2156,30.7,47.97669489133397,16.86287105932872,121.15844666190414,104
2157,31.9,47.97669489133397,17.29504717417428,117.21033674168902,117
2158,31.4,21.904727066198586,17.87128199396835,116.81523595508718,98
2159,31.7,21.904727066198586,19.16781033850502,113.26965465754684,104
2160,32.6,21.904727066198586,21.3286909127328,111.01570207259118,98
2161,32.7,21.904727066198586,22.337101847372427,110.6980942438725,95
2162,32.0,21.904727066198586,23.05739537211502,109.54533388121942,89
2163,32.1,21.904727066198586,23.48957148696057,110.2686873460306,90
2164,32.1,34.80523813220465,24.06580630675465,116.71911747051834,94
2165,32.8,34.80523813220465,23.63363019190909,123.57670759102356,93
2166,36.2,133.84188663953668,21.040573502835763,129.97145649037006,95
2167,36.1,81.27054168065742,43.11571259122863,132.24505897698393,104
2168,32.7,142.97609432066915,15.134166599946504,133.24220906134462,116
2169,30.8,142.97609432066915,12.829227320770205,129.55082461639662,118
2170,30.3,142.97609432066915,11.532698976233537,126.81619660994058,107
2171,28.7,142.97609432066915,48.10281652758728,125.66558623867932,122
2172,27.8,221.6194071046838,9.515877106954274,124.31723332075072,95
2173,26.7,169.04806214580455,9.083700992108724,121.45099747417852,98
2174,25.7,142.97609432066915,8.939642287160202,119.68537285931522,92
2175,25.9,55.19857385552203,8.795583582211684,117.69190340203514,107
2176,25.5,55.19857385552203,9.22775969705724,118.26872086667494,110
2177,25.8,55.19857385552203,10.668346746542426,117.0960094151002,129
2178,26.6,55.19857385552203,77.09277345350904,115.38094958710865,120
2179,28.0,55.19857385552203,14.26981437025539,116.51189362611888,106
2180,28.4,81.27054168065742,15.99851882963761,113.29919746744918,102
2181,28.3,81.27054168065742,18.447516813762427,111.96532086827403,115
2182,27.8,55.19857385552203,18.735634223659464,109.14363258721691,111
2183,26.9,21.904727066198586,19.0237516335565,107.76810491857184,105
2184,26.4,21.904727066198586,20.32027997809317,108.46549611376386,94
2185,26.7,21.904727066198586,20.32027997809317,104.5557954828986,94
2186,27.5,21.904727066198586,19.311869043453537,104.01879635175356,95
2187,27.8,21.904727066198586,20.032162568196128,107.78052185582015,94
2188,28.0,34.80523813220465,19.599986453350574,109.44379209289804,96
2189,29.1,34.80523813220465,19.311869043453537,112.17067500786452,97
2190,29.3,133.84188663953668,17.006929764277242,113.9315184410391,107
2191,28.9,81.27054168065742,40.52265590215529,112.68081096549018,111
2192,26.9,142.97609432066915,13.693579550461315,110.7841071889964,107
2193,25.6,142.97609432066915,12.685168615821684,110.17896664434254,124
2194,25.3,142.97609432066915,11.388640271285018,110.41033693623146,112
2195,25.1,142.97609432066915,48.2468752325358,109.31603323995613,119
2196,24.2,221.6194071046838,10.812405451490944,108.55137809739816,100
2197,23.9,169.04806214580455,13.837638255409832,108.9193963137416,100
2198,24.9,142.97609432066915,14.26981437025539,108.26754262728026,78
2199,23.8,55.19857385552203,13.11734473066724,107.99399597020484,87
2200,23.8,55.19857385552203,13.837638255409832,106.69732427376542,86
2201,24.4,55.19857385552203,14.557931780152426,105.28321225746936,113
2202,23.6,55.19857385552203,78.67741920794275,105.63295276827893,114
2203,25.9,55.19857385552203,15.854460124689094,105.51852432105652,114
2204,30.1,81.27054168065742,16.86287105932872,104.48788590988656,96
2205,29.5,81.27054168065742,17.006929764277242,102.85167057684836,101
2206,29.1,55.19857385552203,17.006929764277242,101.5998784405489,104
2207,28.8,21.904727066198586,17.29504717417428,100.52263851895192,100
2208,29.0,21.904727066198586,17.87128199396835,100.08670783008009,103
2209,29.6,21.904727066198586,18.591575518710947,98.73478693643922,107
2210,28.8,21.904727066198586,19.311869043453537,98.35154734644722,109
2211,29.3,21.904727066198586,20.176221273144648,99.3981240366894,111
2212,29.2,34.80523813220465,20.464338683041685,100.37226090121044,125
2213,28.9,34.80523813220465,20.89651479788724,100.68529727992484,153
2214,29.3,133.84188663953668,20.89651479788724,101.6031960913475,166
2215,28.7,81.27054168065742,44.55629964071382,103.22716749161442,120
2216,25.0,142.97609432066915,17.727223289019836,104.89905255428113,96
2217,22.4,142.97609432066915,15.566342714792055,105.83152759695896,80
2218,20.9,142.97609432066915,14.557931780152426,105.17185862654918,85
2219,19.8,142.97609432066915,51.56022544635172,103.64861316318368,66
2220,19.1,221.6194071046838,12.252992500976127,103.88737069791628,61
2221,18.5,169.04806214580455,10.956464156439464,103.53095151357712,61
2222,17.9,142.97609432066915,9.659935811902796,103.3112191555372,49
2223,17.7,55.19857385552203,9.37181840200576,102.37537680784284,56
2224,18.8,55.19857385552203,9.803994516851317,101.87211077101432,71
2225,19.1,55.19857385552203,11.2445815663365,101.13917718328796,81
2226,20.6,55.19857385552203,75.2200102891783,101.6593603275915,108
2227,22.7,55.19857385552203,12.397051205924647,101.6124729731752,120
2228,24.6,81.27054168065742,13.837638255409832,100.52867144602224,113
2229,26.1,81.27054168065742,14.557931780152426,99.1922646563706,111
2230,27.1,55.19857385552203,15.42228400984354,97.68833275076388,85
2231,26.4,21.904727066198586,16.574753649431685,96.86990112369648,86
2232,26.3,21.904727066198586,17.15098846922576,97.20305180994178,87
2233,25.2,21.904727066198586,18.30345810881391,96.51784993996266,78
2234,25.7,21.904727066198586,19.311869043453537,96.95697843295623,76
2235,25.5,21.904727066198586,20.032162568196128,98.08316062038696,78
2236,25.1,34.80523813220465,20.464338683041685,98.5460531871481,90
2237,24.5,34.80523813220465,20.32027997809317,99.2887742132105,129
2238,25.1,133.84188663953668,18.159399403865383,99.8145175426021,141
2239,27.2,81.27054168065742,41.098890721949374,102.6770707617521,101
2240,25.8,142.97609432066915,13.405462140564278,102.5711031033111,78
2241,24.6,142.97609432066915,11.388640271285018,103.06612255313038,97
2242,25.2,142.97609432066915,9.803994516851317,105.67382543841543,84
2243,25.6,142.97609432066915,46.08599465830802,103.5426146973812,75
2244,25.7,221.6194071046838,6.490644303035387,104.35011418121049,75
2245,25.5,169.04806214580455,5.19411595849872,104.7536956907688,78
2246,25.6,142.97609432066915,5.050057253550202,104.52069647474322,73
2247,27.5,55.19857385552203,5.914409483241313,104.22016124006518,103
2248,29.0,55.19857385552203,6.634703007983905,103.85099626499556,100
2249,30.0,55.19857385552203,7.499055237675016,103.6907259806363,101
2250,28.3,55.19857385552203,71.61854266546534,104.47903102850456,90
2251,26.0,55.19857385552203,9.515877106954274,105.3417358543501,96
2252,25.2,81.27054168065742,10.380229336645383,103.95393694915454,99
2253,25.3,81.27054168065742,11.820816386130574,103.12757164122004,102
2254,25.3,55.19857385552203,13.11734473066724,101.50361268471087,81
2255,25.1,21.904727066198586,13.981696960358352,99.75021013543292,77
2256,24.9,21.904727066198586,15.134166599946504,102.82380996969604,70
2257,25.5,21.904727066198586,14.846049190049468,100.69004898319707,70
2258,26.7,21.904727066198586,14.413873075203906,100.77244768115987,68
2259,27.8,21.904727066198586,18.735634223659464,102.13690197595676,72
2260,28.5,34.80523813220465,20.32027997809317,104.0847458516963,92
2261,28.7,34.80523813220465,21.040573502835763,108.30791452677624,134
2262,30.5,133.84188663953668,22.481160552320947,109.52378467552258,120
2263,31.3,81.27054168065742,48.58994337927233,109.93627434507628,92
2264,30.0,142.97609432066915,23.20145407706354,111.26604788695484,87
2265,28.4,142.97609432066915,22.913336667166504,110.85854200279654,101
2266,27.5,142.97609432066915,22.625219257269464,110.9418765196693,94
2267,26.5,142.97609432066915,59.48345421852025,109.82037004401916,87
2268,25.4,221.6194071046838,19.88810386324761,109.86499867517958,81
2269,23.9,169.04806214580455,18.735634223659464,111.333060784528,74
2270,22.9,142.97609432066915,17.439105879122796,110.4884464037838,67
2271,23.6,55.19857385552203,16.574753649431685,108.10700027163452,68
2272,25.2,55.19857385552203,15.99851882963761,107.6632604602865,93
2273,23.7,55.19857385552203,17.439105879122796,107.19027624759636,100
2274,23.4,55.19857385552203,82.42294553660423,108.3239902912499,89
2275,24.3,55.19857385552203,20.32027997809317,111.06744140522102,106
2276,26.6,81.27054168065742,20.32027997809317,107.98367731630636,102
2277,28.8,81.27054168065742,21.040573502835763,105.82437944340305,100
2278,27.4,55.19857385552203,21.76086702757836,105.52186528879928,71
2279,26.9,21.904727066198586,23.20145407706354,105.26639349192467,72
2280,29.9,21.904727066198586,23.77768889685761,105.11676576160562,64
2281,31.1,21.904727066198586,24.06580630675465,104.41068676966268,65
2282,30.1,21.904727066198586,23.63363019190909,104.864694734999,65
2283,30.3,21.904727066198586,23.63363019190909,106.72528938432038,77
2284,30.3,34.80523813220465,23.20145407706354,108.3833105302546,93
2285,30.6,34.80523813220465,22.19304314242391,117.37792927139988,130
2286,32.1,113.44855091621928,21.47274961768132,126.9655717198955,138
2287,33.0,60.87720595734003,45.420651870404924,130.0213891826721,94
2288,31.1,34.80523813220465,17.87128199396835,130.309917882482,112
2289,28.2,34.80523813220465,14.846049190049468,129.32613686405912,106
2290,26.0,34.80523813220465,13.981696960358352,128.2849246415497,106
2291,24.8,34.80523813220465,50.983990626557656,129.22672899897637,89
2292,23.5,113.44855091621928,11.532698976233537,127.54858557184124,69
2293,24.8,60.87720595734003,10.380229336645383,126.1933075214912,77
2294,30.1,34.80523813220465,10.380229336645383,124.8535244866476,70
2295,31.7,34.80523813220465,10.380229336645383,120.9684693825278,81
2296,31.1,34.80523813220465,11.10052286138798,118.85548282678772,103
2297,30.6,34.80523813220465,12.541109910873166,116.97257229131478,88
2298,28.9,34.80523813220465,76.80465604361201,117.07540968020292,109
2299,28.3,34.80523813220465,13.981696960358352,116.8771488449836,98
2300,27.8,60.87720595734003,14.846049190049468,115.1681917740817,101
2301,26.5,60.87720595734003,16.430694944483168,112.47424712350552,112
2302,25.4,34.80523813220465,17.87128199396835,110.02769235116216,103
2303,24.1,21.904727066198586,19.0237516335565,108.71376563277686,96
2304,24.3,21.904727066198586,19.599986453350574,107.07283459879471,94
2305,24.5,21.904727066198586,19.74404515829909,106.26972751983358,95
2306,22.4,21.904727066198586,20.608397387990205,106.30970617242124,95
2307,20.9,21.904727066198586,21.040573502835763,108.49944038952304,97
2308,21.2,21.904727066198586,20.75245609293872,112.78825798134818,95
2309,21.3,21.904727066198586,20.032162568196128,121.52284785238332,99
2310,22.7,100.54803985021324,18.879692928607984,128.23169834027237,96
2311,23.8,47.97669489133397,42.82759518133159,129.2463523217345,101
2312,23.1,21.904727066198586,15.99851882963761,129.0076002235951,128
2313,22.2,21.904727066198586,15.134166599946504,119.23607733296689,151
2314,22.8,21.904727066198586,14.26981437025539,127.30313861120582,122
2315,21.3,21.904727066198586,51.27210803645469,127.30052360987538,96
2316,21.3,100.54803985021324,11.820816386130574,127.20626250717092,63
2317,21.8,47.97669489133397,11.10052286138798,125.44344764448792,55
2318,21.1,21.904727066198586,10.956464156439464,123.6331734977837,65
2319,20.7,21.904727066198586,11.2445815663365,121.75959553901548,74
2320,21.3,21.904727066198586,12.108933796027612,119.37935161884306,79
2321,21.6,21.904727066198586,13.693579550461315,117.7155351853681,80
2322,21.9,21.904727066198586,80.69424107722202,117.2782344750092,96
2323,21.9,21.904727066198586,21.18463220778428,117.62255482320896,86
2324,23.6,47.97669489133397,23.48957148696057,116.18844013076244,89
2325,23.5,47.97669489133397,24.20986501170317,114.21209727101548,80
2326,22.6,21.904727066198586,25.36233465129132,111.7456608773303,71
2327,21.4,21.904727066198586,26.514804290879468,109.26467229421318,68
2328,21.2,21.904727066198586,27.37915652057058,108.23990624939428,69
2329,21.8,21.904727066198586,27.66727393046762,107.8670109256954,72
2330,21.6,21.904727066198586,27.523215225519092,108.03507124404804,70
2331,20.7,21.904727066198586,27.66727393046762,109.37770921520207,74
2332,20.9,34.80523813220465,27.955391340364653,114.4297039211132,79
2333,22.1,34.80523813220465,26.946980405725025,122.21554038129013,80
2334,24.5,133.84188663953668,23.20145407706354,128.35375251556025,83
2335,29.7,81.27054168065742,45.13253446050789,128.7652605780079,82
2336,29.7,142.97609432066915,17.15098846922576,129.77775260757315,110
2337,29.7,142.97609432066915,14.701990485100946,127.08373232794489,86
2338,29.1,142.97609432066915,12.685168615821684,125.94330614551023,85
2339,27.1,142.97609432066915,49.39934487212395,124.84313117020248,68
2340,26.4,221.6194071046838,10.668346746542426,124.07679841579538,53
2341,25.1,169.04806214580455,11.2445815663365,124.87869724212057,38
2342,24.2,142.97609432066915,11.964875091079092,124.64987526268546,54
2343,23.5,55.19857385552203,12.397051205924647,122.682165592131,83
2344,23.2,55.19857385552203,12.252992500976127,119.12501655320057,84
2345,24.0,55.19857385552203,12.973286025718725,117.39617496144044,105
2346,26.1,55.19857385552203,77.81306697825164,117.69726521187788,124
2347,28.1,55.19857385552203,15.27822530489502,118.497608447668,112
2348,27.3,81.27054168065742,16.718812354380205,119.12636845271024,102
2349,26.6,81.27054168065742,17.87128199396835,113.9223581439323,101
2350,25.5,55.19857385552203,18.159399403865383,111.28489341444542,79
2351,24.7,21.904727066198586,18.30345810881391,107.54710353886524,77
2352,24.6,21.904727066198586,18.159399403865383,105.97874244640155,73
2353,25.4,21.904727066198586,19.74404515829909,104.88789533608444,74
2354,25.8,21.904727066198586,20.75245609293872,105.37981556533867,76
2355,26.0,21.904727066198586,20.176221273144648,109.76515660751971,77
2356,25.6,34.80523813220465,18.591575518710947,111.41314228565469,96
2357,25.4,34.80523813220465,17.15098846922576,120.223566832833,151
2358,25.4,133.84188663953668,15.566342714792055,128.74272396617232,157
2359,24.8,81.27054168065742,40.09047978730975,134.00788664586423,82
2360,23.2,142.97609432066915,15.27822530489502,134.84332007044745,56
2361,22.0,142.97609432066915,14.125755665306873,133.52782193500022,48
2362,21.7,142.97609432066915,12.973286025718725,133.87649131613568,58
2363,21.0,142.97609432066915,50.26369710181506,131.94336635201967,41
2364,19.3,221.6194071046838,13.693579550461315,129.32750773123846,39
2365,20.1,169.04806214580455,13.5495208455128,126.32590397587796,48
2366,20.8,142.97609432066915,11.2445815663365,123.54930667802982,51
2367,20.0,55.19857385552203,11.10052286138798,118.58260607880804,70
2368,19.0,55.19857385552203,14.990107894997983,116.23826397038724,79
2369,22.1,55.19857385552203,18.30345810881391,113.90101311251354,95
2370,22.6,55.19857385552203,81.4145346019646,112.98387941097424,117
2371,24.4,55.19857385552203,18.447516813762427,113.5568030667492,105
2372,24.9,81.27054168065742,18.591575518710947,113.30885068233968,127
2373,24.3,81.27054168065742,17.727223289019836,113.15516266259056,92
2374,23.7,55.19857385552203,19.0237516335565,112.50952445191795,84
2375,22.4,21.904727066198586,20.608397387990205,109.48071139327084,76
2376,22.1,21.904727066198586,20.89651479788724,111.36982568565382,74
2377,22.0,21.904727066198586,21.61680832262984,109.06123570145184,72
2378,22.0,21.904727066198586,21.904925732526877,106.39959081759764,74
2379,22.0,21.904727066198586,21.47274961768132,108.58440298484015,77
2380,21.9,34.80523813220465,20.89651479788724,107.46149181431969,95
2381,22.4,34.80523813220465,20.75245609293872,109.71384809469788,167
2382,22.5,133.84188663953668,19.88810386324761,110.2082053674651,142
2383,22.2,81.27054168065742,43.83600611597122,112.46945156504812,82
2384,20.7,142.97609432066915,16.86287105932872,114.411552586168,67
2385,19.4,142.97609432066915,15.134166599946504,114.30408007872852,57
2386,18.7,142.97609432066915,13.693579550461315,114.52863372843368,53
2387,17.3,142.97609432066915,49.54340357707247,113.1030109945696,53
2388,16.8,221.6194071046838,10.236170631696872,111.00984057942652,48
2389,16.7,169.04806214580455,9.37181840200576,109.20394748115132,48
2390,17.4,142.97609432066915,8.795583582211684,109.25824696592684,55
2391,15.2,55.19857385552203,9.22775969705724,108.29640731279048,53
2392,16.1,55.19857385552203,9.659935811902796,108.21800849766656,68
2393,17.9,55.19857385552203,11.10052286138798,106.57905590035746,81
2394,18.8,55.19857385552203,77.09277345350904,105.85220731018292,120
2395,19.0,55.19857385552203,15.710401419740574,105.94355766088675,119
2396,20.8,81.27054168065742,17.583164584071316,105.1245414188303,124
2397,22.1,81.27054168065742,18.591575518710947,105.15573514086852,100
2398,22.6,55.19857385552203,18.879692928607984,103.64257673253108,92
2399,22.8,21.904727066198586,19.311869043453537,103.2957769353914,84
2400,23.6,21.904727066198586,20.464338683041685,103.30473088358286,86
2401,24.5,21.904727066198586,21.904925732526877,103.20086319987624,86
2402,25.1,21.904727066198586,23.77768889685761,103.12809609124432,94
2403,25.3,21.904727066198586,25.50639335623984,105.33737606904118,93
2404,25.1,34.80523813220465,26.802921700776505,104.60892404631149,108
2405,25.2,34.80523813220465,25.50639335623984,106.33759649961635,179
2406,27.2,133.84188663953668,20.176221273144648,106.69606974968065,155
2407,28.7,81.27054168065742,41.67512554174345,107.32628796983298,97
2408,24.5,142.97609432066915,13.837638255409832,106.7616466617692,77
2409,21.7,142.97609432066915,11.532698976233537,108.37254172643893,57
2410,18.9,142.97609432066915,9.37181840200576,108.58586736142256,45
2411,17.9,142.97609432066915,46.51817077315358,108.50933764704172,44
2412,17.4,221.6194071046838,8.651524877263165,108.19871451164336,50
2413,15.6,169.04806214580455,8.939642287160202,110.14655512542694,39
2414,15.8,142.97609432066915,9.803994516851317,110.5533550981612,39
2415,15.8,55.19857385552203,10.812405451490944,110.06391504272597,45
2416,19.1,55.19857385552203,11.820816386130574,111.89558206286912,65
2417,18.7,55.19857385552203,13.981696960358352,111.91287199982467,82
2418,18.3,55.19857385552203,81.99076942175867,112.48204525198211,114
2419,19.8,55.19857385552203,21.040573502835763,114.39401389487011,103
2420,21.0,81.27054168065742,21.76086702757836,115.3233783605438,95
2421,21.7,81.27054168065742,21.61680832262984,113.87958496162534,90
2422,22.7,55.19857385552203,22.048984437475397,111.3489821497547,87
2423,23.8,21.904727066198586,21.76086702757836,110.69857604684344,81
2424,23.9,21.904727066198586,21.3286909127328,110.99738570683895,83
2425,24.7,21.904727066198586,21.040573502835763,110.51251009424342,86
2426,26.0,21.904727066198586,20.608397387990205,110.80125674103417,85
2427,27.3,21.904727066198586,20.464338683041685,113.01654210049578,88
2428,27.6,34.80523813220465,20.464338683041685,117.86241393253756,105
2429,28.8,34.80523813220465,20.32027997809317,127.6917146402723,158
2430,29.5,133.84188663953668,19.74404515829909,136.66911267041547,138
2431,27.6,81.27054168065742,44.84441705061086,141.0588325863882,86
2432,23.9,142.97609432066915,19.16781033850502,142.80950004603255,72
2433,20.8,142.97609432066915,19.16781033850502,133.10429513555303,54
2434,18.8,142.97609432066915,18.879692928607984,139.10067186894793,45
2435,18.7,142.97609432066915,55.01763436511617,141.28220637455522,36
2436,18.5,221.6194071046838,16.574753649431685,140.982909112556,35
2437,17.9,169.04806214580455,15.99851882963761,140.53294923451836,38
2438,18.8,142.97609432066915,15.99851882963761,139.45444572784788,32
2439,18.1,55.19857385552203,14.846049190049468,135.44586711851733,45
2440,17.8,55.19857385552203,14.557931780152426,131.93597536396734,65
2441,19.1,55.19857385552203,14.701990485100946,128.33938831143993,90
2442,18.9,55.19857385552203,79.10959532278831,127.82771198574024,87
2443,19.9,55.19857385552203,16.86287105932872,127.10959722213909,97
2444,20.7,81.27054168065742,17.006929764277242,124.88282736156997,93
2445,20.7,81.27054168065742,17.439105879122796,121.61568976263555,79
2446,21.2,55.19857385552203,18.879692928607984,119.84410253397404,80
2447,22.5,21.904727066198586,18.879692928607984,117.7081650979963,74
2448,24.5,21.904727066198586,19.88810386324761,115.428463961941,74
2449,25.6,21.904727066198586,20.608397387990205,116.40795103823926,78
2450,25.8,21.904727066198586,21.47274961768132,117.59701733273872,77
2451,26.5,21.904727066198586,21.904925732526877,118.76817488516298,81
2452,26.5,34.80523813220465,22.048984437475397,120.6740080305889,107
2453,26.8,34.80523813220465,21.76086702757836,127.38108208144573,150
2454,28.7,113.44855091621928,19.16781033850502,133.92769399660983,144
2455,29.2,60.87720595734003,43.11571259122863,133.9110542762013,85
2456,25.5,34.80523813220465,16.14257753458613,134.22950139409727,65
2457,23.5,34.80523813220465,15.566342714792055,132.76544134222505,49
2458,21.8,34.80523813220465,14.701990485100946,132.35036796195513,33
2459,22.6,34.80523813220465,52.28051897109432,132.8470667150081,30
2460,22.5,113.44855091621928,12.829227320770205,132.16592283900857,27
2461,21.5,60.87720595734003,12.252992500976127,130.6439182478383,25
2462,20.7,34.80523813220465,13.261403435615758,131.87791291100334,23
2463,21.5,34.80523813220465,14.125755665306873,128.04630882067994,39
2464,21.9,34.80523813220465,13.981696960358352,128.65706814481524,52
2465,20.8,34.80523813220465,15.566342714792055,127.142168697708,65
2466,21.2,34.80523813220465,81.12641719206756,126.90163533000909,86
2467,21.3,34.80523813220465,20.608397387990205,126.48746007493622,78
2468,21.7,60.87720595734003,22.19304314242391,125.92209859949288,81
2469,21.5,60.87720595734003,22.913336667166504,124.29793450220022,74
2470,20.5,34.80523813220465,23.20145407706354,121.7643946010552,72
2471,20.4,21.904727066198586,23.34551278201205,119.54360463056936,78
2472,21.0,21.904727066198586,24.353923716651693,116.70517780392056,71
2473,21.2,21.904727066198586,24.64204112654873,114.66449636720338,71
2474,21.2,21.904727066198586,25.79451076613688,114.78549656828903,72
2475,20.8,21.904727066198586,26.514804290879468,116.23586135863124,74
2476,20.8,21.904727066198586,26.658862995827985,120.60085419896048,74
2477,20.4,21.904727066198586,25.50639335623984,129.5178925134786,75
2478,21.3,100.54803985021324,21.904925732526877,137.32044226929207,77
2479,22.8,47.97669489133397,44.12412352586826,138.64806485327333,88
2480,22.7,21.904727066198586,16.28663623953465,138.35812541793393,80
2481,20.3,21.904727066198586,14.125755665306873,137.08414751128026,102
2482,18.6,21.904727066198586,12.541109910873166,141.2946456622423,73
2483,17.4,21.904727066198586,49.68746228202099,140.150840818352,62
2484,15.5,100.54803985021324,10.956464156439464,138.55468665330497,39
2485,17.0,47.97669489133397,11.388640271285018,134.8078349433615,23
2486,20.8,21.904727066198586,11.10052286138798,135.68220210731886,21
2487,22.2,21.904727066198586,11.10052286138798,131.08794583618646,53
2488,21.6,21.904727066198586,11.388640271285018,128.76324493087478,59
2489,22.2,21.904727066198586,11.820816386130574,127.3813583811936,77
2490,22.0,21.904727066198586,78.10118438814868,126.82994539171034,86
2491,21.4,21.904727066198586,19.311869043453537,126.17834939976682,67
2492,21.8,47.97669489133397,21.904925732526877,126.05299122556995,67
2493,21.7,47.97669489133397,23.921747601806132,123.6539517945644,61
2494,21.2,21.904727066198586,24.786099831497243,122.18815118717508,61
2495,21.0,21.904727066198586,25.79451076613688,122.29062082073636,58
2496,20.8,21.904727066198586,26.514804290879468,121.70543160663048,55
2497,20.4,21.904727066198586,27.09103911067354,122.32562209102728,53
2498,20.4,21.904727066198586,27.37915652057058,118.62055688213113,53
2499,20.6,21.904727066198586,27.66727393046762,115.82064662693806,61
2500,20.6,34.80523813220465,27.37915652057058,117.0935087030402,60
2501,20.9,34.80523813220465,24.353923716651693,126.79640898125456,60
2502,21.7,133.84188663953668,20.032162568196128,134.2881367431716,64
2503,22.4,81.27054168065742,41.53106683679493,135.57063028779146,83
2504,23.8,142.97609432066915,13.11734473066724,135.63663487854532,100
2505,23.6,142.97609432066915,10.956464156439464,133.25678782967668,100
2506,25.1,142.97609432066915,9.948053221799832,132.73748384290056,72
2507,25.0,142.97609432066915,46.95034688799913,131.2800044850671,36
2508,22.5,221.6194071046838,8.36340746736613,131.31537387312443,52
2509,21.5,169.04806214580455,8.21934876241761,128.76385129223664,51
2510,20.9,142.97609432066915,8.36340746736613,127.89900058264745,68
2511,19.5,55.19857385552203,8.939642287160202,125.10945259491167,51
2512,18.4,55.19857385552203,10.236170631696872,122.00706636208044,64
2513,18.0,55.19857385552203,11.820816386130574,121.15215531543691,76
2514,18.5,55.19857385552203,77.81306697825164,120.18956867439456,109
2515,19.8,55.19857385552203,17.727223289019836,121.4226652123626,87
2516,21.5,81.27054168065742,20.32027997809317,120.56779536301424,75
2517,22.1,81.27054168065742,22.19304314242391,117.81717579887255,71
2518,23.4,55.19857385552203,23.63363019190909,115.96937345335688,60
2519,24.4,21.904727066198586,24.786099831497243,114.26842315529736,51
2520,24.7,21.904727066198586,25.2182759463428,111.71877740719628,47
2521,24.8,21.904727066198586,25.36233465129132,112.63134098767628,46
2522,24.9,21.904727066198586,25.36233465129132,111.288258786451,47
2523,24.9,21.904727066198586,25.50639335623984,112.13979552091344,47
2524,24.4,34.80523813220465,25.074217241394283,114.38602041147776,62
2525,23.8,34.80523813220465,22.625219257269464,113.7714679158584,131
2526,23.8,133.84188663953668,18.447516813762427,129.0751262147534,113
2527,21.9,81.27054168065742,40.23453849225826,132.28145998880473,55
2528,18.9,142.97609432066915,11.10052286138798,131.49083097856214,49
2529,17.9,142.97609432066915,7.643113942623536,132.44112499912077,46
2530,18.5,142.97609432066915,6.058468188189831,133.1289534684958,45
2531,19.2,142.97609432066915,43.060761854389135,131.60261120082896,28
2532,18.6,221.6194071046838,4.854698191780822,127.1444491673367,28
2533,17.3,169.04806214580455,4.854698191780822,124.434318812291,23
2534,16.5,142.97609432066915,5.050057253550202,122.29812017821315,22
2535,15.7,55.19857385552203,6.058468188189831,117.30579619034852,21
2536,14.8,55.19857385552203,7.354996532726499,115.96466874641254,57
2537,15.2,55.19857385552203,8.939642287160202,114.53054958387828,60
2538,14.6,55.19857385552203,74.49971676443572,112.771187682758,62
2539,16.3,55.19857385552203,14.125755665306873,112.93332863843168,77
2540,18.6,81.27054168065742,16.718812354380205,112.71382679194352,99
2541,19.5,81.27054168065742,18.735634223659464,110.80046976396478,81
2542,18.5,55.19857385552203,19.74404515829909,109.4892762022022,76
2543,17.6,21.904727066198586,20.75245609293872,107.02950785048655,68
2544,17.4,21.904727066198586,21.61680832262984,106.39937649501226,68
2545,16.7,21.904727066198586,22.19304314242391,106.58625008373583,68
2546,16.6,21.904727066198586,22.481160552320947,107.01663121907966,72
2547,16.9,21.904727066198586,22.481160552320947,108.00600842491887,74
2548,17.4,34.80523813220465,22.625219257269464,108.60084867927796,87
2549,17.9,34.80523813220465,20.89651479788724,112.94634637963549,155
2550,18.3,133.84188663953668,17.727223289019836,113.81605232939413,134
2551,17.9,81.27054168065742,39.22612755761863,114.04076025753304,66
2552,15.3,142.97609432066915,10.092111926748352,114.66352732466832,53
2553,14.7,142.97609432066915,6.490644303035387,114.44859282053623,47
2554,14.9,142.97609432066915,4.854698191780822,113.5574145022647,43
2555,15.3,142.97609432066915,42.721344087671234,112.05426824478232,38
2556,15.9,221.6194071046838,4.854698191780822,104.10817599782804,26
2557,15.5,169.04806214580455,4.854698191780822,109.65594052423356,33
2558,14.3,142.97609432066915,4.854698191780822,107.18458063093097,21
2559,14.1,55.19857385552203,4.854698191780822,106.81148294515177,25
2560,13.5,55.19857385552203,4.854698191780822,107.9098234930998,39
2561,13.2,55.19857385552203,5.48223336839576,106.5575451132526,78
2562,13.4,55.19857385552203,72.0507187803109,106.34560810498604,79
2563,15.1,55.19857385552203,12.397051205924647,106.29974331334456,85
2564,17.6,81.27054168065742,14.990107894997983,106.59695183623532,79
2565,18.5,81.27054168065742,17.439105879122796,106.00107874998096,62
2566,18.9,55.19857385552203,18.879692928607984,105.02187485978192,51
2567,19.5,21.904727066198586,20.032162568196128,104.28908069046788,48
2568,20.3,21.904727066198586,21.3286909127328,104.01493274618429,47
2569,20.4,21.904727066198586,22.337101847372427,104.22943232286012,48
2570,20.7,21.904727066198586,22.481160552320947,104.09118024097133,52
2571,21.3,21.904727066198586,22.913336667166504,104.76275269260476,54
2572,21.9,34.80523813220465,22.913336667166504,104.44804389700806,73
2573,21.8,34.80523813220465,20.608397387990205,101.68120504233218,128
2574,22.1,133.84188663953668,17.006929764277242,101.91342779203528,112
2575,20.5,81.27054168065742,37.64148180318493,101.92864493722249,66
2576,17.3,142.97609432066915,7.787172647572055,101.67013686345084,55
2577,15.4,142.97609432066915,4.854698191780822,100.99466782424932,51
2578,16.1,142.97609432066915,4.854698191780822,100.2597090451484,40
2579,15.0,142.97609432066915,42.721344087671234,98.93578708975356,35
2580,13.7,221.6194071046838,4.854698191780822,99.40139940287418,36
2581,13.0,169.04806214580455,4.854698191780822,99.18806047844048,20
2582,12.6,142.97609432066915,4.854698191780822,100.2997058197134,33
2583,12.3,55.19857385552203,4.854698191780822,101.72822843239172,23
2584,11.8,55.19857385552203,4.854698191780822,104.1013429250515,43
2585,11.5,55.19857385552203,4.854698191780822,105.04777019889806,43
2586,12.0,55.19857385552203,69.31360338628905,106.022281463471,61
2587,14.1,55.19857385552203,11.388640271285018,106.90723234544876,82
2588,16.7,81.27054168065742,14.557931780152426,108.1989311296792,80
2589,19.1,81.27054168065742,17.006929764277242,106.80206688653809,61
2590,18.8,55.19857385552203,19.16781033850502,106.28290159329524,54
2591,19.5,21.904727066198586,20.608397387990205,104.34988342803231,49
2592,20.2,21.904727066198586,22.337101847372427,104.43990688755515,47
2593,19.7,21.904727066198586,23.05739537211502,104.1309254824908,51
2594,19.5,21.904727066198586,23.63363019190909,104.48888974661811,55
2595,20.3,21.904727066198586,23.921747601806132,106.62320744026104,53
2596,21.9,34.80523813220465,23.63363019190909,109.9257577991852,72
2597,23.4,34.80523813220465,20.608397387990205,119.3788646209053,124
2598,23.9,133.84188663953668,16.28663623953465,124.17690844709357,116
2599,21.0,81.27054168065742,36.777129573493816,125.68419026061856,71
2600,18.1,142.97609432066915,7.066879122829462,126.52094320677864,41
2601,17.2,142.97609432066915,4.854698191780822,125.49254165167856,30
2602,16.7,142.97609432066915,4.854698191780822,123.8947409237702,17
2603,16.0,142.97609432066915,42.721344087671234,122.98461366192404,15
2604,15.5,221.6194071046838,4.854698191780822,120.08646936252724,12
2605,15.4,169.04806214580455,4.854698191780822,123.49462965205969,10
2606,14.4,142.97609432066915,4.854698191780822,122.08685368310827,19
2607,14.7,55.19857385552203,4.854698191780822,117.46936274157312,14
2608,14.7,55.19857385552203,4.854698191780822,115.11522763740992,36
2609,14.7,55.19857385552203,4.854698191780822,115.6651188640492,45
2610,14.7,55.19857385552203,69.60172079618609,115.73606942567238,60
2611,16.5,55.19857385552203,10.092111926748352,115.06565460595154,77
2612,19.0,81.27054168065742,13.981696960358352,115.46450060120404,103
2613,20.2,81.27054168065742,17.29504717417428,113.40964415381,76
2614,20.3,55.19857385552203,19.74404515829909,112.90773303682076,60
2615,19.9,21.904727066198586,21.18463220778428,109.90456607969476,50
2616,19.7,21.904727066198586,22.913336667166504,108.67387179104315,55
2617,20.6,21.904727066198586,23.05739537211502,108.71898754095452,54
2618,21.0,21.904727066198586,24.20986501170317,108.51438655074236,52
2619,21.4,21.904727066198586,24.786099831497243,109.23501120820538,49
2620,21.4,34.80523813220465,24.49798242160021,111.8136872766896,70
2621,22.4,34.80523813220465,21.3286909127328,120.86503493489286,114
2622,21.4,113.44855091621928,14.846049190049468,127.82103137919974,92
2623,20.2,60.87720595734003,34.328131589369,128.42107807764916,50
2624,18.0,34.80523813220465,5.338174663447239,128.25505128678066,31
2625,17.7,34.80523813220465,4.854698191780822,126.80837395638795,18
2626,16.2,34.80523813220465,4.854698191780822,125.481245981575,14
2627,14.9,34.80523813220465,42.721344087671234,124.77888284067942,11
2628,13.9,113.44855091621928,4.854698191780822,125.55070148006746,15
2629,14.0,60.87720595734003,4.854698191780822,124.79490762199016,17
2630,14.9,34.80523813220465,4.854698191780822,122.86140137147083,9
2631,15.4,34.80523813220465,4.854698191780822,117.39659092122704,13
2632,15.2,34.80523813220465,4.854698191780822,114.4891993392322,50
2633,15.0,34.80523813220465,4.854698191780822,112.99421087107008,45
2634,16.2,34.80523813220465,67.96577468493152,113.00931553918456,46
2635,17.8,34.80523813220465,8.36340746736613,113.8678839632952,51
2636,19.8,60.87720595734003,10.812405451490944,112.81553928929146,41
2637,21.0,60.87720595734003,12.685168615821684,112.1186527307618,32
2638,19.9,34.80523813220465,14.557931780152426,111.6647101253571,17
2639,19.4,21.904727066198586,16.14257753458613,108.90891866969524,9
2640,19.4,21.904727066198586,17.006929764277242,108.09363652147668,8
2641,19.8,21.904727066198586,17.439105879122796,108.0225147675742,38
2642,20.6,21.904727066198586,18.30345810881391,107.26459943001606,34
2643,20.2,21.904727066198586,19.599986453350574,108.4754429046873,52
2644,20.4,21.904727066198586,20.464338683041685,111.01172611076235,53
2645,21.3,21.904727066198586,17.006929764277242,120.45680127212452,58
2646,20.7,100.54803985021324,11.820816386130574,124.44876323636434,53
2647,18.5,47.97669489133397,33.75189676957493,126.33766658893109,84
2648,16.9,21.904727066198586,5.19411595849872,125.52602877035596,65
2649,16.1,21.904727066198586,4.854698191780822,126.25039573695328,84
2650,15.2,21.904727066198586,4.854698191780822,123.97304610867783,61
2651,15.0,21.904727066198586,42.721344087671234,126.044931053301,62
2652,13.6,100.54803985021324,4.854698191780822,127.643066916977,46
2653,12.8,47.97669489133397,4.854698191780822,128.23009502853034,26
2654,12.5,21.904727066198586,4.905998548601684,124.47244805668431,32
2655,12.1,21.904727066198586,6.202526893138352,119.77002158198482,29
2656,12.3,21.904727066198586,6.490644303035387,118.85727521116002,38
2657,12.5,21.904727066198586,8.939642287160202,116.32276892536991,44
2658,13.7,21.904727066198586,73.49130582979608,116.66853830687792,49
2659,17.0,21.904727066198586,11.820816386130574,116.96435022938157,72
2660,20.4,47.97669489133397,13.11734473066724,116.24328665762732,54
2661,19.7,47.97669489133397,15.134166599946504,115.38100189921656,60
2662,17.7,21.904727066198586,17.583164584071316,113.87091226652224,57
2663,16.6,21.904727066198586,18.735634223659464,110.15065129637216,50
2664,16.7,21.904727066198586,16.574753649431685,109.76761684716364,48
2665,17.8,21.904727066198586,16.574753649431685,111.29393688520496,48
2666,18.1,21.904727066198586,16.574753649431685,111.81158488569156,53
2667,18.3,21.904727066198586,17.006929764277242,112.91266898019596,55
2668,19.1,34.80523813220465,18.447516813762427,116.52753591289452,57
2669,19.7,34.80523813220465,20.176221273144648,125.42837764975674,63
2670,20.0,133.84188663953668,21.61680832262984,134.25143768523012,59
2671,19.0,81.27054168065742,47.14935632978715,135.51932479529918,65
2672,17.2,142.97609432066915,21.904925732526877,133.58261300861443,85
2673,16.7,142.97609432066915,21.61680832262984,128.47299367671192,112
2674,16.8,142.97609432066915,21.47274961768132,129.0798452984664,90
2675,15.6,142.97609432066915,59.33939551357173,127.65559004901256,71
2676,15.5,221.6194071046838,21.18463220778428,126.6447863836697,68
2677,15.4,169.04806214580455,21.3286909127328,126.93506167965582,33
2678,14.7,142.97609432066915,21.61680832262984,124.24808927864215,43
2679,14.1,55.19857385552203,21.040573502835763,119.33798796393376,60
2680,14.3,55.19857385552203,20.176221273144648,117.19574214683011,65
2681,13.9,55.19857385552203,20.032162568196128,114.5402851933591,102
2682,13.7,55.19857385552203,82.99918035639831,112.74813773571093,94
2683,14.9,55.19857385552203,20.32027997809317,113.7023678497482,95
2684,16.5,81.27054168065742,20.608397387990205,113.66039034305972,86
2685,17.7,81.27054168065742,20.608397387990205,114.3254045719063,84
2686,17.4,55.19857385552203,20.176221273144648,110.74079783778647,68
2687,17.4,21.904727066198586,20.176221273144648,110.10866376218954,67
2688,17.2,21.904727066198586,20.608397387990205,108.097149527191,63
2689,17.9,21.904727066198586,21.3286909127328,108.194402809981,66
2690,17.9,21.904727066198586,21.76086702757836,109.61249610388586,66
2691,18.2,21.904727066198586,22.19304314242391,110.2466987427898,68
2692,18.1,34.80523813220465,21.76086702757836,111.32801260570643,86
2693,18.9,34.80523813220465,20.75245609293872,120.49201118678124,145
2694,18.8,133.84188663953668,19.16781033850502,127.38600183585451,116
2695,16.9,81.27054168065742,43.25977129617715,130.02915010068853,60
2696,15.3,142.97609432066915,15.854460124689094,129.33228734235578,44
2697,14.8,142.97609432066915,14.846049190049468,128.76425275444134,39
2698,14.1,142.97609432066915,14.26981437025539,128.79921669345893,38
2699,13.7,142.97609432066915,51.41616674140321,127.7378535570244,42
2700,12.9,221.6194071046838,12.829227320770205,127.460435562336,38
2701,13.6,169.04806214580455,12.397051205924647,122.8141555643427,52
2702,13.2,142.97609432066915,11.676757681182051,118.91094755470633,61
2703,12.8,55.19857385552203,10.956464156439464,114.5585224264769,74
2704,12.7,55.19857385552203,10.812405451490944,113.2745710291865,86
2705,13.4,55.19857385552203,11.532698976233537,110.57416782669884,82
2706,13.9,55.19857385552203,76.6605973386635,110.20405555546697,82
2707,15.4,55.19857385552203,15.566342714792055,113.59422350020208,101
2708,15.8,81.27054168065742,16.574753649431685,112.61985769470064,84
2709,16.4,81.27054168065742,17.87128199396835,110.62470808849456,73
2710,16.2,55.19857385552203,18.879692928607984,109.6642551290644,67
2711,16.3,21.904727066198586,19.455927748402058,108.88227283909076,62
2712,16.5,21.904727066198586,20.32027997809317,104.32642235372592,58
2713,15.6,21.904727066198586,20.608397387990205,104.99965429523115,57
2714,15.8,21.904727066198586,21.18463220778428,107.1100266953331,52
2715,16.6,21.904727066198586,21.904925732526877,106.9453491460843,54
2716,16.3,34.80523813220465,22.19304314242391,106.447065444893,65
2717,16.3,34.80523813220465,20.89651479788724,111.02529004836325,105
2718,16.8,133.84188663953668,19.455927748402058,113.15288086401684,106
2719,16.8,81.27054168065742,43.98006482091974,112.36265114134169,51
2720,15.8,142.97609432066915,18.159399403865383,113.70158123511838,48
2721,15.5,142.97609432066915,17.727223289019836,115.25074620023648,51
2722,16.3,142.97609432066915,17.15098846922576,115.88784146916372,30
2723,16.3,142.97609432066915,53.72110602057951,115.04129274855806,25
2724,15.8,221.6194071046838,15.566342714792055,114.84361459531686,42
2725,15.5,169.04806214580455,14.557931780152426,109.56272530124812,31
2726,15.8,142.97609432066915,16.28663623953465,108.36207362663394,18
2727,15.9,55.19857385552203,14.846049190049468,107.11310271976711,31
2728,15.4,55.19857385552203,15.710401419740574,105.9841315600235,51
2729,14.9,55.19857385552203,15.710401419740574,105.39250541956578,73
2730,15.5,55.19857385552203,80.26206496237646,105.997921901528,91
2731,18.8,55.19857385552203,19.16781033850502,105.6479477380239,122
2732,21.1,81.27054168065742,20.464338683041685,104.96463599028154,79
2733,21.4,81.27054168065742,19.599986453350574,102.9002313146524,72
2734,22.4,55.19857385552203,21.040573502835763,101.59641702206342,53
2735,22.7,21.904727066198586,22.19304314242391,101.930420891002,49
2736,22.2,21.904727066198586,22.625219257269464,101.58254851443002,50
2737,21.0,21.904727066198586,23.34551278201205,101.82489250929176,51
2738,20.9,21.904727066198586,23.921747601806132,101.78512842091584,51
2739,20.8,21.904727066198586,23.20145407706354,102.69196086565486,51
2740,20.5,34.80523813220465,23.05739537211502,101.45952022245343,79
2741,21.1,34.80523813220465,21.61680832262984,106.50859946464978,129
2742,22.5,133.84188663953668,19.311869043453537,108.45828441247406,112
2743,21.8,81.27054168065742,43.6919474110227,109.861754599609,67
2744,19.0,142.97609432066915,18.159399403865383,111.44343232508945,48
2745,17.0,142.97609432066915,18.30345810881391,112.58291870177912,46
2746,16.5,142.97609432066915,17.439105879122796,109.14975322465756,49
2747,14.8,142.97609432066915,55.01763436511617,110.1983946121849,33
2748,15.1,221.6194071046838,15.566342714792055,108.6450094009834,39
2749,16.1,169.04806214580455,16.574753649431685,108.57880099839106,26
2750,15.2,142.97609432066915,17.439105879122796,108.03755576714164,35
2751,15.3,55.19857385552203,17.87128199396835,107.1597291177097,35
2752,14.9,55.19857385552203,19.16781033850502,106.49416591376286,41
2753,15.2,55.19857385552203,19.599986453350574,107.11743459723094,44
2754,13.9,55.19857385552203,83.28729776629534,107.71143967006093,74
2755,15.0,55.19857385552203,22.337101847372427,107.3697615061576,90
2756,17.5,81.27054168065742,23.20145407706354,106.78293829376142,90
2757,19.0,81.27054168065742,22.769277962217984,106.98526618394898,77
2758,19.6,55.19857385552203,22.625219257269464,107.45596171171402,57
2759,19.8,21.904727066198586,23.20145407706354,105.43623749610047,59
2760,19.6,21.904727066198586,23.05739537211502,107.38486508695344,49
2761,20.0,21.904727066198586,22.769277962217984,106.99659121165588,56
2762,21.5,21.904727066198586,22.481160552320947,106.55724561737372,58
2763,21.7,21.904727066198586,22.769277962217984,109.3698011467296,59
2764,21.9,34.80523813220465,22.481160552320947,110.64883617238031,77
2765,22.5,34.80523813220465,21.61680832262984,118.9295893911716,133
2766,22.3,133.84188663953668,20.032162568196128,126.00221719026652,130
2767,20.7,81.27054168065742,44.26818223081678,128.83365026260634,65
2768,16.3,142.97609432066915,18.159399403865383,128.59622626377976,53
2769,15.3,142.97609432066915,17.583164584071316,118.63322486917222,59
2770,16.0,142.97609432066915,16.86287105932872,125.22898854022812,41
2771,15.4,142.97609432066915,54.4413995453221,124.40726741183362,48
2772,15.6,221.6194071046838,15.99851882963761,124.48651566444212,36
2773,16.3,169.04806214580455,14.990107894997983,123.418381069954,29
2774,17.0,142.97609432066915,14.26981437025539,120.9651513692897,32
2775,19.2,55.19857385552203,14.557931780152426,116.99805928187484,35
2776,19.4,55.19857385552203,14.990107894997983,115.42715507192418,67
2777,20.6,55.19857385552203,16.14257753458613,113.74679278988329,80
2778,19.8,55.19857385552203,79.8298888475309,112.95586621677272,94
2779,18.8,55.19857385552203,19.599986453350574,113.23975581119628,81
2780,19.1,81.27054168065742,22.19304314242391,114.94455618374867,107
2781,19.2,81.27054168065742,23.48957148696057,112.92269236667696,86
2782,19.2,55.19857385552203,24.786099831497243,110.75651901557012,65
2783,18.7,21.904727066198586,24.93015853644576,107.81329074012892,62
2784,18.2,21.904727066198586,24.93015853644576,107.05196279261094,63
2785,18.9,21.904727066198586,24.49798242160021,106.14803421352116,65
2786,20.0,21.904727066198586,24.93015853644576,106.13730757350612,64
2787,19.1,21.904727066198586,26.08262817603391,108.163191328405,65
2788,19.3,34.80523813220465,25.2182759463428,110.848755530966,83
2789,20.0,34.80523813220465,22.19304314242391,117.4983237151896,125
2790,21.7,113.44855091621928,17.87128199396835,126.44060678983732,113
2791,21.1,60.87720595734003,39.658303672464186,129.9878965065883,76
2792,20.0,34.80523813220465,12.252992500976127,128.56074886873748,52
2793,19.8,34.80523813220465,10.380229336645383,127.00753050054072,53
2794,18.9,34.80523813220465,8.507466172314647,126.6377633925706,41
2795,17.8,34.80523813220465,45.79787724841098,126.17947936546068,57
2796,17.2,113.44855091621928,8.21934876241761,126.96770745533182,51
2797,16.5,60.87720595734003,8.36340746736613,128.53177001477,46
2798,16.6,34.80523813220465,9.515877106954274,128.9376688419776,44
2799,17.1,34.80523813220465,10.524288041593906,123.6139748333613,45
2800,16.3,34.80523813220465,11.532698976233537,121.5444401883862,48
2801,17.1,34.80523813220465,13.11734473066724,116.84425226114116,71
2802,17.6,34.80523813220465,77.09277345350904,116.41476224382984,82
2803,18.2,34.80523813220465,15.854460124689094,116.6334772340618,82
2804,20.0,60.87720595734003,19.74404515829909,117.70327651338856,102
2805,21.0,60.87720595734003,22.337101847372427,116.10286984513844,75
2806,20.3,34.80523813220465,23.34551278201205,112.04096852561108,76
2807,20.5,21.904727066198586,23.63363019190909,109.491628314048,67
2808,20.4,21.904727066198586,23.921747601806132,106.92697442756504,68
2809,20.2,21.904727066198586,24.353923716651693,105.12366214048969,70
2810,21.4,21.904727066198586,24.20986501170317,106.0400844940117,69
2811,22.2,21.904727066198586,24.353923716651693,108.1236840888546,72
2812,22.3,21.904727066198586,23.63363019190909,112.63351695390232,77
2813,22.8,21.904727066198586,21.3286909127328,121.0777397109328,73
2814,23.5,100.54803985021324,17.439105879122796,127.88654800551036,76
2815,22.6,47.97669489133397,40.37859719720678,128.1617797648522,80
2816,20.1,21.904727066198586,12.397051205924647,128.2145584532892,106
2817,17.4,21.904727066198586,10.524288041593906,127.9418882958512,92
2818,15.9,21.904727066198586,11.532698976233537,126.89625092810124,77
2819,15.0,21.904727066198586,48.9671687572784,127.17568420748326,58
2820,14.1,100.54803985021324,10.092111926748352,127.55912084377556,46
2821,13.4,47.97669489133397,9.37181840200576,125.90634721841366,24
2822,12.5,21.904727066198586,10.380229336645383,126.00154269026989,27
2823,11.6,21.904727066198586,10.524288041593906,123.34596081596835,51
2824,11.6,21.904727066198586,11.388640271285018,119.54114088734312,66
2825,11.7,21.904727066198586,13.405462140564278,117.61608068639696,79
2826,14.2,21.904727066198586,77.66900827330312,116.716670882764,91
2827,14.5,21.904727066198586,16.430694944483168,115.55087888539116,62
2828,15.1,47.97669489133397,18.01534069891687,116.06477901933708,75
2829,16.6,47.97669489133397,18.591575518710947,114.66626289755466,66
2830,17.9,21.904727066198586,19.455927748402058,114.8649586602302,67
2831,18.9,21.904727066198586,21.47274961768132,112.54407448497308,63
2832,19.1,21.904727066198586,22.625219257269464,108.61951407431378,70
2833,19.6,21.904727066198586,23.48957148696057,107.76745566853026,61
2834,20.9,21.904727066198586,23.05739537211502,107.8493080492828,61
2835,21.3,21.904727066198586,22.913336667166504,108.17920994824344,59
2836,23.3,34.80523813220465,22.19304314242391,113.41073968774693,61
2837,25.1,34.80523813220465,19.74404515829909,122.10964400262668,62
2838,24.6,185.56530667972552,16.430694944483168,130.4027090511977,68
2839,20.5,132.99396172084624,39.370186262567145,132.0086325326034,83
2840,15.8,142.97609432066915,12.252992500976127,129.1905813323988,100
2841,15.1,142.97609432066915,10.524288041593906,127.94641927343942,87
2842,15.2,142.97609432066915,9.948053221799832,127.31892973982202,86
2843,14.5,142.97609432066915,47.670640412741726,128.40115888340762,84
2844,15.0,273.3428271448726,10.956464156439464,127.83491474685457,54
2845,17.1,220.7714821859934,11.388640271285018,123.93230150051454,62
2846,16.8,142.97609432066915,10.524288041593906,123.07701242942368,37
2847,16.8,55.19857385552203,10.812405451490944,119.0508640798074,61
2848,18.1,55.19857385552203,11.676757681182051,115.79482051377532,61
2849,17.0,55.19857385552203,11.964875091079092,113.72942154565604,59
2850,17.3,55.19857385552203,76.22842122381793,112.78488089046394,75
2851,17.9,55.19857385552203,16.14257753458613,112.75675256129972,79
2852,18.4,132.99396172084624,18.447516813762427,113.62681382262744,70
2853,18.3,132.99396172084624,21.18463220778428,111.82528787926525,69
2854,17.6,55.19857385552203,23.77768889685761,109.57107506271498,69
2855,16.7,21.904727066198586,25.36233465129132,107.00268913621824,55
2856,16.3,21.904727066198586,26.514804290879468,106.08225650992364,58
2857,16.0,21.904727066198586,27.23509781562206,104.13735358948036,58
2858,15.9,21.904727066198586,27.955391340364653,104.34622266779608,57
2859,15.6,21.904727066198586,28.099450045313173,104.65067671966771,61
2860,15.5,34.80523813220465,27.09103911067354,108.06630543850233,77
2861,16.3,34.80523813220465,22.481160552320947,115.80376745480224,87
2862,16.8,159.49333885459012,17.727223289019836,122.58450818924626,83
2863,17.0,106.92199389571088,39.658303672464186,123.94800890559542,75
2864,15.9,142.97609432066915,11.532698976233537,123.87541190192412,73
2865,15.7,142.97609432066915,10.524288041593906,113.52632347143144,54
2866,14.6,142.97609432066915,9.22775969705724,119.70061827478708,42
2867,13.3,142.97609432066915,46.23005336325655,119.42673406568036,43
2868,12.9,247.27085931973727,7.643113942623536,117.72772632277874,60
2869,11.9,194.699514360858,8.075290057469092,116.18495358313504,48
2870,11.3,142.97609432066915,7.354996532726499,115.29661473708664,45
2871,11.7,55.19857385552203,7.643113942623536,112.904671751595,58
2872,11.7,55.19857385552203,8.075290057469092,109.42387942256838,67
2873,12.6,55.19857385552203,8.36340746736613,106.59791737518812,53
2874,13.9,55.19857385552203,73.6353645347446,105.05098213816215,64
2875,14.8,55.19857385552203,13.693579550461315,103.71580305206886,66
2876,15.3,106.92199389571088,16.14257753458613,104.07186269637756,59
2877,15.9,106.92199389571088,17.87128199396835,102.34171306029292,55
2878,15.6,55.19857385552203,18.879692928607984,101.58152015262246,56
2879,15.5,21.904727066198586,20.176221273144648,100.2624552495948,58
2880,16.2,21.904727066198586,22.913336667166504,103.60400084180289,52
2881,17.6,21.904727066198586,24.786099831497243,103.16313517606127,53
2882,17.6,21.904727066198586,25.93856947108539,102.9496923522908,54
2883,18.2,21.904727066198586,26.658862995827985,102.71548307143148,54
2884,19.0,34.80523813220465,25.2182759463428,103.18260482445152,53
2885,19.6,34.80523813220465,21.040573502835763,104.39246753770902,53
2886,18.4,159.49333885459012,16.718812354380205,106.23190308709914,59
2887,15.2,106.92199389571088,38.64989273782456,106.87379620993426,76
2888,13.2,142.97609432066915,11.10052286138798,107.83153679260904,83
2889,12.6,142.97609432066915,10.236170631696872,109.6843974652536,108
2890,12.8,142.97609432066915,9.948053221799832,111.79686814870536,82
2891,13.4,142.97609432066915,47.23846429789617,110.10372008677066,69
2892,12.5,247.27085931973727,8.939642287160202,109.74608056847732,51
2893,13.0,194.699514360858,8.36340746736613,111.64480542869744,50
2894,12.8,142.97609432066915,8.507466172314647,112.8781792329188,48
2895,12.5,55.19857385552203,7.931231352520573,114.51574791522494,52
2896,12.1,55.19857385552203,9.22775969705724,113.39510162943266,68
2897,12.0,55.19857385552203,11.388640271285018,111.67464483496232,69
2898,13.0,55.19857385552203,76.08436251886943,111.82131022605188,87
2899,14.5,55.19857385552203,14.701990485100946,110.15698915591452,109
2900,16.5,106.92199389571088,16.86287105932872,102.171556149975,85
2901,17.9,106.92199389571088,18.01534069891687,100.86437974733636,80
2902,18.7,55.19857385552203,18.447516813762427,100.84708219915032,59
2903,20.1,21.904727066198586,18.591575518710947,100.4786761724918,53
2904,19.9,21.904727066198586,18.591575518710947,100.9214465788652,49
2905,19.6,21.904727066198586,18.735634223659464,101.21491363831394,51
2906,18.2,21.904727066198586,18.591575518710947,100.46945800587068,51
2907,16.9,21.904727066198586,19.16781033850502,100.44151367518306,50
2908,17.3,34.80523813220465,18.591575518710947,102.30639187669532,74
2909,18.4,34.80523813220465,16.430694944483168,102.62953415729422,127
2910,18.7,159.49333885459012,13.981696960358352,103.5160637051248,87
2911,17.5,106.92199389571088,37.4974230982364,104.9234041425541,58
2912,14.8,142.97609432066915,9.948053221799832,105.56754221594232,44
2913,13.1,142.97609432066915,7.931231352520573,105.07650198990778,37
2914,13.4,142.97609432066915,7.066879122829462,105.81496821731665,34
2915,12.5,142.97609432066915,44.64540760882284,106.27163999250904,50
2916,11.0,247.27085931973727,7.066879122829462,106.07958448477116,36
2917,9.8,194.699514360858,7.643113942623536,105.45597740357952,42
2918,9.7,142.97609432066915,6.922820417880944,105.20362524469772,28
2919,8.8,55.19857385552203,6.778761712932424,105.03572983633892,41
2920,9.3,55.19857385552203,6.922820417880944,105.04068740527376,49
2921,9.9,55.19857385552203,8.795583582211684,104.75818837057824,61
2922,11.4,55.19857385552203,75.65218640402387,104.78808806262104,71
2923,11.6,55.19857385552203,13.405462140564278,105.40381208366895,73
2924,12.6,106.92199389571088,15.566342714792055,105.54658463239912,80
2925,13.0,106.92199389571088,16.430694944483168,105.32588842679095,82
2926,12.8,55.19857385552203,17.87128199396835,104.94355505647924,61
2927,13.3,21.904727066198586,20.32027997809317,104.59452323579691,61
2928,13.5,21.904727066198586,22.19304314242391,103.5451938171965,59
2929,14.9,21.904727066198586,23.48957148696057,103.17469059450676,57
2930,14.9,21.904727066198586,24.49798242160021,101.55991742668589,62
2931,15.3,21.904727066198586,25.2182759463428,103.17076972348906,64
2932,15.7,34.80523813220465,24.06580630675465,107.9636213615425,73
2933,16.0,34.80523813220465,20.608397387990205,118.04839241639364,123
2934,16.9,159.49333885459012,15.134166599946504,126.55306368673808,104
2935,17.4,106.92199389571088,36.777129573493816,129.94529463737382,58
2936,16.3,142.97609432066915,9.083700992108724,130.25863848563708,42
2937,15.6,142.97609432066915,7.499055237675016,129.269481401416,36
2938,15.5,142.97609432066915,7.066879122829462,125.74702108907393,44
2939,16.3,142.97609432066915,43.92511408408024,124.91355401984548,56
2940,15.9,247.27085931973727,5.626292073344276,125.09678545356284,60
2941,15.8,194.699514360858,5.626292073344276,124.30232956495836,57
2942,15.6,142.97609432066915,5.770350778292794,122.45784607837308,70
2943,14.9,55.19857385552203,6.490644303035387,117.36822156976416,72
2944,14.8,55.19857385552203,7.787172647572055,114.52820145886749,92
2945,15.2,55.19857385552203,8.795583582211684,113.40209103446706,106
2946,14.5,55.19857385552203,73.20318841989905,113.37684736165612,98
2947,15.5,55.19857385552203,11.676757681182051,113.94625257512357,83
2948,17.5,106.92199389571088,13.11734473066724,113.24127382883164,110
2949,18.9,106.92199389571088,14.413873075203906,111.01100690988824,101
2950,20.7,55.19857385552203,15.710401419740574,109.37747157567252,70
2951,21.1,21.904727066198586,16.718812354380205,109.2951569636846,67
2952,22.0,21.904727066198586,17.87128199396835,106.9891603552534,64
2953,22.3,21.904727066198586,18.30345810881391,104.42027402055568,63
2954,22.9,21.904727066198586,18.591575518710947,106.00485488680629,61
2955,23.5,21.904727066198586,19.16781033850502,106.34932359359388,70
2956,24.4,34.80523813220465,18.159399403865383,111.27565615934152,82
2957,24.6,34.80523813220465,16.718812354380205,118.43227267869126,125
2958,22.5,139.10000313127276,14.26981437025539,126.30971537189208,115
2959,19.6,86.52865817239348,37.4974230982364,128.09621167212595,74
2960,16.1,34.80523813220465,9.803994516851317,127.09818122210594,68
2961,15.1,34.80523813220465,7.931231352520573,125.6950342102336,56
2962,14.6,34.80523813220465,6.202526893138352,128.608736589618,38
2963,13.4,34.80523813220465,43.63699667418321,129.44116212840197,35
2964,13.0,139.10000313127276,5.338174663447239,127.198069802841,34
2965,12.4,86.52865817239348,5.770350778292794,121.63209583034956,35
2966,12.5,34.80523813220465,6.634703007983905,122.15752842823632,30
2967,12.4,34.80523813220465,7.787172647572055,119.47203236431014,32
2968,11.7,34.80523813220465,9.515877106954274,115.738614959423,40
2969,12.0,34.80523813220465,11.10052286138798,115.0952627757855,55
2970,12.9,34.80523813220465,75.65218640402387,114.21181493060848,61
2971,13.8,34.80523813220465,13.981696960358352,111.81915818083594,61
2972,14.8,86.52865817239348,14.990107894997983,113.01514972857,79
2973,15.8,86.52865817239348,15.99851882963761,111.44206677369014,81
2974,16.3,34.80523813220465,16.718812354380205,108.07634513476292,59
2975,17.2,21.904727066198586,17.006929764277242,108.6616243546896,64
2976,17.5,21.904727066198586,16.86287105932872,109.01778910646684,57
2977,18.2,21.904727066198586,16.574753649431685,106.69825115249986,56
2978,19.7,21.904727066198586,16.28663623953465,106.68090346684316,60
2979,20.8,21.904727066198586,15.710401419740574,106.5000519320035,61
2980,21.8,21.904727066198586,15.27822530489502,110.88386432498912,64
2981,23.3,21.904727066198586,15.710401419740574,120.37821072648032,66
2982,21.7,126.1994920652667,16.28663623953465,127.57639966591834,75
2983,17.5,73.62814710638742,42.53947777143456,127.66991353909042,79
2984,13.4,21.904727066198586,17.583164584071316,126.3110220872716,90
2985,11.5,21.904727066198586,17.727223289019836,126.6207600244834,70
2986,11.2,21.904727066198586,17.727223289019836,125.73407402358175,53
2987,9.1,21.904727066198586,55.73792788985876,124.82177647372912,34
2988,8.4,126.1994920652667,18.01534069891687,126.27376064396658,35
2989,8.2,73.62814710638742,18.30345810881391,125.47381162159024,38
2990,8.5,21.904727066198586,18.159399403865383,125.8149855112707,31
2991,8.2,21.904727066198586,18.159399403865383,123.12825147466567,26
2992,8.3,21.904727066198586,18.447516813762427,119.49576659722167,42
2993,8.1,21.904727066198586,18.591575518710947,116.15396524350672,46
2994,7.8,21.904727066198586,82.13482812670719,114.83777521096458,41
2995,8.3,21.904727066198586,19.311869043453537,112.04641285085734,34
2996,9.9,73.62814710638742,19.455927748402058,113.59285722392367,72
2997,10.9,73.62814710638742,19.599986453350574,112.7106526672055,57
2998,10.8,21.904727066198586,19.311869043453537,110.80012290931847,49
2999,11.2,21.904727066198586,19.311869043453537,109.85453033374824,55
3000,12.2,21.904727066198586,19.311869043453537,105.48581258138296,47
3001,13.2,21.904727066198586,19.16781033850502,105.81725231134082,46
3002,14.1,21.904727066198586,19.0237516335565,106.45870277467608,46
3003,14.2,21.904727066198586,18.879692928607984,105.12166546102614,44
3004,16.1,34.80523813220465,18.735634223659464,108.70966607906256,45
3005,16.4,34.80523813220465,18.447516813762427,119.03091383657804,45
3006,15.6,159.49333885459012,17.87128199396835,125.91390867386616,43
3007,14.5,106.92199389571088,42.82759518133159,128.04068943713258,50
3008,13.4,142.97609432066915,17.439105879122796,128.3248594389522,65
3009,12.0,142.97609432066915,17.006929764277242,127.2689792879822,52
3010,11.4,142.97609432066915,17.006929764277242,127.77593459695798,55
3011,10.4,142.97609432066915,54.72951695521913,127.74106561710164,57
3012,9.1,247.27085931973727,16.86287105932872,129.384178053903,25
3013,8.5,194.699514360858,17.006929764277242,128.33154826078908,32
3014,8.8,142.97609432066915,17.006929764277242,126.8523656604514,18
3015,7.9,55.19857385552203,17.15098846922576,122.95704409372786,38
3016,7.6,55.19857385552203,17.727223289019836,121.90411540880098,57
3017,7.6,55.19857385552203,18.159399403865383,115.9574292580908,40
3018,7.7,55.19857385552203,81.70265201186164,115.51222700317128,42
3019,7.9,55.19857385552203,19.0237516335565,113.69270593630858,50
3020,8.8,106.92199389571088,19.455927748402058,113.34197910667888,39
3021,9.9,106.92199389571088,19.74404515829909,111.61661850513984,40
3022,9.8,55.19857385552203,19.74404515829909,109.65389189510168,35
3023,9.4,21.904727066198586,19.88810386324761,106.00428017849816,24
3024,9.5,21.904727066198586,20.176221273144648,105.28837532962729,23
3025,9.8,21.904727066198586,20.32027997809317,104.23965033937776,30
3026,9.9,21.904727066198586,20.75245609293872,104.13266011816198,34
3027,9.0,21.904727066198586,20.75245609293872,104.88151217159869,40
3028,8.9,34.80523813220465,20.32027997809317,108.3117203836444,62
3029,9.3,34.80523813220465,19.74404515829909,116.6158342809876,97
3030,9.8,159.49333885459012,19.16781033850502,122.71099161742286,67
3031,10.2,106.92199389571088,44.12412352586826,123.8284496433348,44
3032,9.2,142.97609432066915,18.447516813762427,123.5174252873581,11
3033,9.1,142.97609432066915,17.439105879122796,123.44637819600226,28
3034,9.3,142.97609432066915,16.86287105932872,123.59365707643146,20
3035,9.3,142.97609432066915,54.4413995453221,122.20871491974408,17
3036,8.3,247.27085931973727,16.14257753458613,120.52779931332832,8
3037,8.1,194.699514360858,14.701990485100946,120.66675827314668,6
3038,8.1,142.97609432066915,12.541109910873166,117.4615926417548,13
3039,8.3,55.19857385552203,12.685168615821684,113.2331222009837,14
3040,8.1,55.19857385552203,12.829227320770205,111.01515551375456,24
3041,8.3,55.19857385552203,13.405462140564278,106.76423858778182,37
3042,11.0,55.19857385552203,77.66900827330312,105.20836196713536,53
3043,12.7,55.19857385552203,16.574753649431685,104.2828486632732,34
3044,13.0,106.92199389571088,17.87128199396835,104.48662413701084,47
3045,13.2,106.92199389571088,18.30345810881391,104.89364217753908,38
3046,13.4,55.19857385552203,18.30345810881391,104.7883283600406,37
3047,13.7,21.904727066198586,19.88810386324761,105.09814301362314,34
3048,14.0,21.904727066198586,21.61680832262984,105.15368494116522,27
3049,14.0,21.904727066198586,22.337101847372427,103.94469534477606,30
3050,14.1,21.904727066198586,22.481160552320947,105.52810903487268,33
3051,15.2,21.904727066198586,22.769277962217984,101.4663653765482,35
3052,16.1,34.80523813220465,21.47274961768132,101.60201490086436,52
3053,15.9,34.80523813220465,16.86287105932872,102.98923692311452,90
3054,14.1,159.49333885459012,13.981696960358352,105.9241868376796,77
3055,13.0,106.92199389571088,37.06524698339085,106.63922497278084,26
3056,13.4,142.97609432066915,8.795583582211684,107.496378674527,21
3057,14.3,142.97609432066915,6.922820417880944,107.53793478483568,8
3058,14.4,142.97609432066915,5.626292073344276,107.3696606271504,16
3059,14.0,142.97609432066915,43.34887926428617,109.04028983678732,10
3060,13.6,247.27085931973727,5.050057253550202,108.82527197155946,9
3061,12.5,194.699514360858,6.634703007983905,107.5668968457708,7
3062,12.4,142.97609432066915,6.058468188189831,107.3480450950165,6
3063,12.8,55.19857385552203,5.19411595849872,107.14826165126092,24
3064,13.3,55.19857385552203,5.338174663447239,106.1346836320002,22
3065,13.3,55.19857385552203,6.34658559808687,101.73120104074172,60
3066,12.8,55.19857385552203,72.91507101000201,101.40291078963271,51
3067,13.5,55.19857385552203,14.557931780152426,101.30397059237856,47
3068,15.9,106.92199389571088,15.42228400984354,102.00783181673438,49
3069,17.8,106.92199389571088,16.430694944483168,102.23345985806957,59
3070,18.2,55.19857385552203,17.439105879122796,103.11664288075102,43
3071,18.5,21.904727066198586,18.735634223659464,104.97948030598825,38
3072,19.0,21.904727066198586,19.599986453350574,105.73465547975908,36
3073,19.9,21.904727066198586,19.88810386324761,105.91395275300872,37
3074,19.8,21.904727066198586,19.599986453350574,105.820512696691,39
3075,20.7,21.904727066198586,19.599986453350574,105.05109135327892,40
3076,22.2,34.80523813220465,18.159399403865383,104.924547397698,51
3077,22.3,34.80523813220465,15.566342714792055,104.94435520218546,111
3078,21.2,159.49333885459012,12.685168615821684,104.45766159282296,66
3079,18.3,106.92199389571088,36.20089475369974,102.32280048148615,33
3080,15.5,142.97609432066915,9.22775969705724,100.90851244038352,13
3081,14.2,142.97609432066915,8.075290057469092,102.1292496689912,9
3082,13.9,142.97609432066915,6.922820417880944,101.9950948453662,11
3083,12.4,142.97609432066915,45.941935953359504,102.03294223260528,14
3084,11.5,247.27085931973727,9.22775969705724,103.5117516410229,15
3085,9.6,194.699514360858,10.812405451490944,102.74447690623356,14
3086,10.0,142.97609432066915,12.252992500976127,102.61096915801286,29
3087,10.4,55.19857385552203,12.541109910873166,104.45022421250866,22
3088,9.7,55.19857385552203,12.541109910873166,105.562071311796,27
3089,9.7,55.19857385552203,12.829227320770205,104.80765556968892,37
3090,9.9,55.19857385552203,76.22842122381793,103.86173003298836,53
3091,10.9,55.19857385552203,13.11734473066724,102.69253279525978,50
3092,12.9,106.92199389571088,13.261403435615758,102.17225348366313,53
3093,14.0,106.92199389571088,13.11734473066724,99.84521725953796,55
3094,15.3,55.19857385552203,12.829227320770205,99.88591064291198,54
3095,15.7,21.904727066198586,12.397051205924647,101.44758279272556,50
3096,16.0,21.904727066198586,12.685168615821684,102.0209373891217,49
3097,17.0,21.904727066198586,12.252992500976127,100.51271250789584,48
3098,17.4,21.904727066198586,12.108933796027612,98.31588909407108,49
3099,18.5,21.904727066198586,10.668346746542426,99.08631101225878,49
3100,19.7,34.80523813220465,9.083700992108724,101.69039566354772,50
3101,20.7,34.80523813220465,7.354996532726499,111.28257476785112,49
3102,18.8,159.49333885459012,5.770350778292794,120.22727168988078,42
3103,16.6,106.92199389571088,30.0991287890411,123.50233100917728,58
3104,13.2,142.97609432066915,4.854698191780822,123.91373215195864,50
3105,10.8,142.97609432066915,4.854698191780822,115.01412017247884,58
3106,10.1,142.97609432066915,4.854698191780822,122.02777217095178,22
3107,9.3,142.97609432066915,42.721344087671234,120.71437026503028,49
3108,8.4,247.27085931973727,4.854698191780822,120.18120393209308,39
3109,8.2,194.699514360858,4.854698191780822,120.8601539615156,9
3110,7.9,142.97609432066915,4.854698191780822,120.19482646408736,22
3111,8.2,55.19857385552203,4.854698191780822,116.35644801619397,17
3112,8.6,55.19857385552203,4.854698191780822,113.07482757459424,21
3113,8.6,55.19857385552203,4.854698191780822,111.51979000149872,34
3114,8.6,55.19857385552203,67.96577468493152,110.58863339307908,39
3115,8.6,55.19857385552203,4.854698191780822,109.4516927917664,32
3116,8.7,106.92199389571088,4.854698191780822,109.46262010247722,43
3117,8.8,106.92199389571088,4.854698191780822,107.74352656395573,38
3118,10.5,55.19857385552203,4.854698191780822,109.97621832428062,46
3119,9.8,21.904727066198586,6.490644303035387,107.80211020498804,32
3120,9.0,21.904727066198586,7.499055237675016,106.11745748440488,32
3121,8.3,21.904727066198586,8.507466172314647,105.37250938814032,31
3122,8.7,21.904727066198586,10.092111926748352,105.54587268031597,31
3123,9.1,21.904727066198586,10.668346746542426,105.89243737500291,33
3124,10.3,34.80523813220465,9.083700992108724,108.96169554593446,43
3125,10.3,34.80523813220465,7.066879122829462,103.4201175001539,47
3126,11.5,139.10000313127276,4.854698191780822,117.27329816919443,31
3127,11.8,86.52865817239348,30.0991287890411,120.11653952197024,28
3128,10.8,34.80523813220465,4.854698191780822,120.42717437624728,39
3129,10.2,34.80523813220465,4.854698191780822,119.13459148114892,47
3130,9.5,34.80523813220465,4.854698191780822,118.38810845340356,33
3131,8.8,34.80523813220465,42.721344087671234,118.6418282175087,25
3132,8.7,139.10000313127276,4.854698191780822,118.06066606920776,17
3133,8.2,86.52865817239348,4.854698191780822,117.78458185205174,17
3134,7.9,34.80523813220465,4.854698191780822,119.00491242348784,9
3135,8.2,34.80523813220465,4.854698191780822,117.34183089660068,17
3136,8.0,34.80523813220465,4.854698191780822,123.4017539141164,31
3137,8.0,34.80523813220465,4.854698191780822,121.1900974202109,34
3138,8.1,34.80523813220465,67.96577468493152,120.24835721458405,25
3139,8.6,34.80523813220465,4.854698191780822,118.61968086574642,32
3140,10.3,86.52865817239348,4.854698191780822,114.77585579715632,49
3141,11.1,86.52865817239348,5.338174663447239,106.49552216254712,37
3142,11.7,34.80523813220465,7.210937827777981,104.84576028900626,33
3143,11.2,21.904727066198586,9.083700992108724,101.87302967607874,40
3144,10.4,21.904727066198586,10.668346746542426,101.29451599435971,36
3145,10.8,21.904727066198586,11.676757681182051,102.3110123768516,35
3146,11.5,21.904727066198586,12.108933796027612,104.74648278134718,37
3147,11.2,21.904727066198586,12.397051205924647,105.86577221428928,36
3148,11.2,21.904727066198586,10.092111926748352,108.55838598684949,34
3149,11.2,21.904727066198586,5.19411595849872,112.734020352922,28
3150,12.8,126.1994920652667,4.854698191780822,121.09177131636228,26
3151,12.9,73.62814710638742,30.0991287890411,123.17927619732237,53
3152,12.0,21.904727066198586,4.854698191780822,122.98271302894042,50
3153,11.1,21.904727066198586,4.854698191780822,122.45109479612093,26
3154,11.0,21.904727066198586,4.854698191780822,123.89948634475697,34
3155,10.7,21.904727066198586,42.721344087671234,124.29013057469088,30
3156,10.1,126.1994920652667,4.854698191780822,122.78295942604086,13
3157,9.4,73.62814710638742,4.854698191780822,119.8409496723561,19
3158,9.5,21.904727066198586,4.854698191780822,117.91418987156165,19
3159,9.1,21.904727066198586,4.854698191780822,116.67882893211814,28
3160,9.2,21.904727066198586,4.854698191780822,113.1122774864636,29
3161,9.2,21.904727066198586,4.854698191780822,109.96592600765588,33
3162,9.6,21.904727066198586,67.96577468493152,107.25184397423098,40
3163,11.3,21.904727066198586,4.854698191780822,105.10724725341336,28
3164,12.1,73.62814710638742,4.854698191780822,104.17640669227858,37
3165,12.3,73.62814710638742,4.854698191780822,104.10850086447518,33
3166,13.3,21.904727066198586,4.854698191780822,101.91189720982896,37
3167,12.4,21.904727066198586,4.854698191780822,100.30369700400318,40
3168,13.0,21.904727066198586,4.854698191780822,98.97031042309538,41
3169,13.4,21.904727066198586,4.854698191780822,98.3246060067989,37
3170,13.6,21.904727066198586,4.854698191780822,97.36177689369968,39
3171,13.8,21.904727066198586,5.914409483241313,98.0342608807934,39
3172,14.2,34.80523813220465,4.854698191780822,100.48432370551062,40
3173,13.9,34.80523813220465,4.854698191780822,113.00359527662998,38
3174,14.0,159.49333885459012,4.854698191780822,115.50749450919504,33
3175,14.5,106.92199389571088,30.0991287890411,117.2932444255888,21
3176,13.4,142.97609432066915,4.854698191780822,116.53240444251404,37
3177,12.8,142.97609432066915,4.854698191780822,115.35259316265628,43
3178,12.8,142.97609432066915,4.854698191780822,110.48651266798824,34
3179,12.2,142.97609432066915,42.721344087671234,108.44569954490235,19
3180,11.6,247.27085931973727,4.854698191780822,107.65507210523114,24
3181,11.2,194.699514360858,4.854698191780822,105.983999994468,27
3182,11.1,142.97609432066915,4.854698191780822,104.678822325117,22
3183,9.4,55.19857385552203,4.854698191780822,103.89720513258018,15
3184,8.8,55.19857385552203,4.854698191780822,102.69716972600884,34
3185,9.1,55.19857385552203,4.854698191780822,103.12681535069896,44
3186,10.1,55.19857385552203,67.96577468493152,102.9008400922779,56
3187,10.6,55.19857385552203,4.854698191780822,103.45011637981938,48
3188,11.1,106.92199389571088,4.854698191780822,102.29768535390116,50
3189,11.5,106.92199389571088,4.854698191780822,103.0327260443397,51
3190,10.7,55.19857385552203,4.854698191780822,103.4437123146531,40
3191,10.1,21.904727066198586,4.854698191780822,101.60662597759242,32
3192,9.7,21.904727066198586,5.48223336839576,98.3221998914606,31
3193,9.6,21.904727066198586,6.922820417880944,97.42315156086904,34
3194,9.9,21.904727066198586,8.075290057469092,96.97212309023408,36
3195,10.0,21.904727066198586,8.795583582211684,98.13614130846472,39
3196,9.9,34.80523813220465,7.499055237675016,100.9352347457324,47
3197,10.2,34.80523813220465,4.854698191780822,107.16263358742488,88
3198,10.9,159.49333885459012,4.854698191780822,112.7492742253166,80
3199,11.3,106.92199389571088,30.0991287890411,113.81014988056069,29
3200,10.7,142.97609432066915,4.854698191780822,116.57810021651352,19
3201,10.6,142.97609432066915,4.854698191780822,110.90345297436392,13
3202,10.6,142.97609432066915,4.854698191780822,116.9743802605876,14
3203,10.6,142.97609432066915,42.721344087671234,116.7171727407232,13
3204,9.7,247.27085931973727,4.854698191780822,115.99733759740636,8
3205,8.9,194.699514360858,4.854698191780822,114.48591551612466,9
3206,8.3,142.97609432066915,4.854698191780822,113.86367434877188,13
3207,8.3,55.19857385552203,4.854698191780822,111.48665952333542,12
3208,8.7,55.19857385552203,4.854698191780822,109.39686934021933,25
3209,8.5,55.19857385552203,4.854698191780822,108.1492777574546,31
3210,8.3,55.19857385552203,67.96577468493152,109.6391743124232,65
3211,8.8,55.19857385552203,7.210937827777981,109.35861312117144,34
3212,9.7,106.92199389571088,9.515877106954274,108.7294371563426,58
3213,9.6,106.92199389571088,10.956464156439464,106.919274761832,24
3214,10.0,55.19857385552203,11.532698976233537,105.49319112567753,30
3215,9.7,21.904727066198586,12.541109910873166,104.14807237663857,25
3216,10.2,21.904727066198586,13.11734473066724,102.64154987396418,23
3217,10.9,21.904727066198586,13.261403435615758,101.12625428043224,27
3218,11.6,21.904727066198586,13.405462140564278,99.94518171095147,29
3219,12.2,21.904727066198586,13.261403435615758,99.910650645566,32
3220,12.7,34.80523813220465,12.973286025718725,98.71995373554532,45
3221,12.5,34.80523813220465,12.685168615821684,101.21282961091964,83
3222,11.4,159.49333885459012,12.252992500976127,103.56571707734942,48
3223,10.7,106.92199389571088,36.633070868545296,103.17093076746104,20
3224,10.2,142.97609432066915,10.812405451490944,106.06674554707716,14
3225,10.0,142.97609432066915,9.659935811902796,109.45530268965292,20
3226,10.5,142.97609432066915,8.651524877263165,108.35219944443308,10
3227,11.1,142.97609432066915,45.22164242861691,108.21537609923789,15
3228,11.0,247.27085931973727,6.058468188189831,107.46056505639842,39
3229,10.8,194.699514360858,4.854698191780822,106.9945219234698,7
3230,10.6,142.97609432066915,4.854698191780822,107.50464290026083,8
3231,9.7,55.19857385552203,4.854698191780822,106.4090622086488,13
3232,8.8,55.19857385552203,4.854698191780822,103.83868950936947,14
3233,8.9,55.19857385552203,4.854698191780822,101.09980501287534,41
3234,9.4,55.19857385552203,67.96577468493152,100.16144805960502,66
3235,10.3,55.19857385552203,6.058468188189831,100.41222541865577,55
3236,11.9,106.92199389571088,7.643113942623536,100.67784491877592,35
3237,13.3,106.92199389571088,8.795583582211684,101.13376173239229,26
3238,15.4,55.19857385552203,9.515877106954274,99.53760648002655,22
3239,15.9,21.904727066198586,10.092111926748352,98.8755992912869,28
3240,15.9,21.904727066198586,10.380229336645383,98.03640591884478,20
3241,15.7,21.904727066198586,10.380229336645383,98.21218342084188,23
3242,16.4,21.904727066198586,10.380229336645383,97.76685938623464,25
3243,16.4,21.904727066198586,10.668346746542426,96.47884939089872,28
3244,16.3,34.80523813220465,10.668346746542426,95.75789781296449,38
3245,15.6,34.80523813220465,10.380229336645383,99.11948872837635,81
3246,14.8,159.49333885459012,9.659935811902796,99.72610150246948,59
3247,13.6,106.92199389571088,34.04001417947196,101.01494607526858,25
3248,13.5,142.97609432066915,8.21934876241761,101.80408690873185,21
3249,13.8,142.97609432066915,7.354996532726499,101.234947846705,12
3250,14.2,142.97609432066915,5.19411595849872,102.73297029631372,18
3251,14.2,142.97609432066915,42.721344087671234,103.1287628591973,11
3252,13.5,247.27085931973727,4.854698191780822,105.00242236686354,21
3253,11.5,194.699514360858,4.854698191780822,102.7005808862105,6
3254,12.0,142.97609432066915,4.854698191780822,102.73236997561098,12
3255,12.2,55.19857385552203,4.854698191780822,102.5494582135739,18
3256,11.6,55.19857385552203,4.854698191780822,102.84824806020754,28
3257,11.4,55.19857385552203,4.854698191780822,102.83558067723236,47
3258,11.4,55.19857385552203,67.96577468493152,102.49309113199683,47
3259,12.4,55.19857385552203,5.626292073344276,101.17903888871514,46
3260,14.4,106.92199389571088,6.202526893138352,102.174386923649,43
3261,16.8,106.92199389571088,6.922820417880944,100.70482358969758,23
3262,18.1,55.19857385552203,8.21934876241761,99.4037841342792,24
3263,18.3,21.904727066198586,8.507466172314647,98.71950104855132,15
3264,19.3,21.904727066198586,8.939642287160202,96.94326480782252,10
3265,19.8,21.904727066198586,9.803994516851317,97.23686524502452,16
3266,20.7,21.904727066198586,11.10052286138798,96.57102996979118,20
3267,20.2,21.904727066198586,11.388640271285018,97.71851490402686,24
3268,20.9,34.80523813220465,11.10052286138798,100.4168782967449,36
3269,19.9,34.80523813220465,10.092111926748352,108.64571253370428,81
3270,17.1,159.49333885459012,9.22775969705724,118.05728921994988,74
3271,15.0,106.92199389571088,33.60783806462641,121.1345161075714,39
3272,13.0,142.97609432066915,7.499055237675016,123.2189481052402,23
3273,13.1,142.97609432066915,6.490644303035387,122.0684886296436,28
3274,13.8,142.97609432066915,4.905998548601684,122.14948154541742,19
3275,13.9,142.97609432066915,42.721344087671234,122.49858476669044,30
3276,14.1,247.27085931973727,5.19411595849872,122.19278316458367,38
3277,13.5,194.699514360858,4.854698191780822,122.27719968431693,21
3278,14.0,142.97609432066915,4.854698191780822,121.140049472133,12
3279,14.4,55.19857385552203,4.854698191780822,117.1803561048141,21
3280,13.0,55.19857385552203,4.854698191780822,115.09870595148048,34
3281,13.3,55.19857385552203,4.854698191780822,112.17971920350315,38
3282,13.0,55.19857385552203,67.96577468493152,108.4167982529979,74
3283,13.1,55.19857385552203,4.854698191780822,106.20587956519658,59
3284,14.9,106.92199389571088,6.490644303035387,106.27713880450052,52
3285,16.8,106.92199389571088,8.651524877263165,103.64908179751774,67
3286,18.2,55.19857385552203,9.803994516851317,100.97967490832843,41
3287,19.5,21.904727066198586,11.10052286138798,98.49107714855182,37
3288,20.4,21.904727066198586,12.252992500976127,96.30868825211944,32
3289,21.7,21.904727066198586,12.541109910873166,95.20712126732546,32
3290,22.3,21.904727066198586,12.829227320770205,95.73103983441192,33
3291,22.5,21.904727066198586,13.11734473066724,95.8595203044916,35
3292,22.4,34.80523813220465,12.829227320770205,101.25771267464194,41
3293,20.8,34.80523813220465,12.108933796027612,111.06637812840378,78
3294,18.0,139.10000313127276,11.2445815663365,118.92157307408782,68
3295,16.0,86.52865817239348,35.48060122895715,121.7131280104076,35
3296,13.5,34.80523813220465,8.651524877263165,121.79280043809908,30
3297,12.1,34.80523813220465,6.202526893138352,120.85798331106956,20
3298,11.7,34.80523813220465,4.854698191780822,120.86357587409046,19
3299,10.3,34.80523813220465,42.721344087671234,120.43431805971548,15
3300,8.8,139.10000313127276,4.854698191780822,119.75961135169416,37
3301,8.3,86.52865817239348,4.854698191780822,118.87854292214212,16
3302,8.0,34.80523813220465,4.854698191780822,117.9056585278818,24
3303,8.2,34.80523813220465,4.854698191780822,113.19061613662276,36
3304,7.7,34.80523813220465,4.854698191780822,111.3752766556251,31
3305,7.5,34.80523813220465,4.854698191780822,108.997351382047,37
3306,7.6,34.80523813220465,67.96577468493152,106.44999105691508,37
3307,8.3,34.80523813220465,4.854698191780822,104.65135266942256,39
3308,8.9,86.52865817239348,4.854698191780822,107.23933908498596,48
3309,8.8,86.52865817239348,7.066879122829462,107.52039899305416,60
3310,8.7,34.80523813220465,8.939642287160202,105.00094615058929,51
3311,8.4,21.904727066198586,10.380229336645383,98.60929755912642,39
3312,8.6,21.904727066198586,10.668346746542426,97.19870773034656,37
3313,9.5,21.904727066198586,11.820816386130574,95.69908160655623,38
3314,10.4,21.904727066198586,13.11734473066724,95.15750703857194,41
3315,10.0,21.904727066198586,13.5495208455128,95.78524629303708,45
3316,10.6,21.904727066198586,12.252992500976127,102.10586059934144,43
3317,10.8,21.904727066198586,9.659935811902796,110.64126178991732,41
3318,11.6,126.1994920652667,6.634703007983905,115.19289649928648,41
3319,11.2,73.62814710638742,30.0991287890411,117.1497943565324,54
3320,10.1,21.904727066198586,4.854698191780822,117.80053571602448,51
3321,8.5,21.904727066198586,4.854698191780822,117.22446656823573,59
3322,7.8,21.904727066198586,4.854698191780822,117.3626404839956,47
3323,7.4,21.904727066198586,42.721344087671234,116.63623781527689,40
3324,7.5,126.1994920652667,4.854698191780822,116.6033388151708,26
3325,7.0,73.62814710638742,4.854698191780822,114.21011907596882,40
3326,7.3,21.904727066198586,4.854698191780822,112.09377391376135,27
3327,7.2,21.904727066198586,4.854698191780822,109.94141808712502,19
3328,7.1,21.904727066198586,4.854698191780822,106.98431188062216,25
3329,6.6,21.904727066198586,4.854698191780822,104.75685809662816,36
3330,6.5,21.904727066198586,67.96577468493152,102.6490649371547,23
3331,6.5,21.904727066198586,4.854698191780822,101.17808845141016,26
3332,7.5,73.62814710638742,4.854698191780822,99.22657620420392,28
3333,8.0,73.62814710638742,5.338174663447239,98.14410881702284,41
3334,7.3,21.904727066198586,5.626292073344276,97.7101158507816,36
3335,6.7,21.904727066198586,6.922820417880944,98.1683060060489,32
3336,7.2,21.904727066198586,7.499055237675016,97.45468658014715,26
3337,7.2,21.904727066198586,8.36340746736613,96.65899259805067,26
3338,7.3,21.904727066198586,9.948053221799832,96.4066379020921,27
3339,7.6,21.904727066198586,10.524288041593906,97.0365080594663,33
3340,8.4,34.80523813220465,10.380229336645383,100.49462025059675,22
3341,8.8,34.80523813220465,9.659935811902796,108.4762017322852,18
3342,9.0,159.49333885459012,8.21934876241761,112.95024852460992,16
3343,8.3,106.92199389571088,30.870722670604557,115.16888185897888,25
3344,7.7,142.97609432066915,4.854698191780822,116.86115559591344,32
3345,6.9,142.97609432066915,4.854698191780822,107.13775042114987,42
3346,6.7,142.97609432066915,4.854698191780822,108.61860507593032,49
3347,6.6,142.97609432066915,42.721344087671234,113.80076172979209,39
3348,6.8,247.27085931973727,4.854698191780822,113.152949244278,17
3349,7.3,194.699514360858,4.854698191780822,113.01102806604337,23
3350,7.0,142.97609432066915,4.854698191780822,112.33825823496036,25
3351,8.4,55.19857385552203,4.854698191780822,108.81295301380196,20
3352,9.3,55.19857385552203,4.854698191780822,105.62201458438167,35
3353,8.8,55.19857385552203,4.854698191780822,103.88596274108998,36
3354,8.6,55.19857385552203,67.96577468493152,102.17991726788102,53
3355,9.4,55.19857385552203,4.854698191780822,100.95204360459611,51
3356,9.7,106.92199389571088,5.48223336839576,96.69479969226742,30
3357,10.6,106.92199389571088,7.499055237675016,95.98718552721726,24
3358,10.3,55.19857385552203,10.092111926748352,96.08595187430213,23
3359,10.7,21.904727066198586,12.397051205924647,96.89452079642096,31
3360,10.8,21.904727066198586,13.5495208455128,97.5809606390789,22
3361,10.9,21.904727066198586,13.837638255409832,96.94955204664151,24
3362,11.3,21.904727066198586,13.11734473066724,96.32369530318265,28
3363,11.9,21.904727066198586,13.11734473066724,95.15487065330822,27
3364,12.2,34.80523813220465,11.964875091079092,95.64057335294966,45
3365,12.8,34.80523813220465,10.092111926748352,106.04965217316914,78
3366,12.7,159.49333885459012,7.643113942623536,113.497638918376,74
3367,13.3,106.92199389571088,30.0991287890411,116.0796366244938,17
3368,14.0,142.97609432066915,4.854698191780822,113.83705050616658,10
3369,14.1,142.97609432066915,4.854698191780822,114.09034875307876,10
3370,14.1,142.97609432066915,4.854698191780822,115.28274550457412,7
3371,14.0,142.97609432066915,42.721344087671234,114.84541253709556,14
3372,13.9,247.27085931973727,4.854698191780822,113.56392017131726,10
3373,13.5,194.699514360858,4.854698191780822,110.8482031730966,8
3374,13.6,142.97609432066915,6.922820417880944,108.6343841232283,7
3375,12.5,55.19857385552203,6.490644303035387,104.45794792006498,15
3376,12.6,55.19857385552203,6.490644303035387,102.66341391881404,26
3377,12.5,55.19857385552203,6.634703007983905,100.31278336344242,53
3378,12.2,55.19857385552203,70.17795561598015,98.50807894606766,46
3379,12.7,55.19857385552203,7.931231352520573,97.7366169471937,33
3380,13.4,106.92199389571088,8.939642287160202,96.18454388796496,34
3381,14.1,106.92199389571088,9.37181840200576,95.39881155681331,49
3382,13.5,55.19857385552203,9.659935811902796,94.83007758138666,25
3383,13.3,21.904727066198586,10.380229336645383,94.17449113003244,30
3384,13.5,21.904727066198586,11.388640271285018,92.72848431280144,26
3385,14.1,21.904727066198586,12.252992500976127,90.80200201988666,30
3386,13.7,21.904727066198586,14.413873075203906,89.76301819652437,31
3387,14.4,21.904727066198586,15.42228400984354,90.05423535207954,30
3388,14.9,34.80523813220465,12.829227320770205,91.82774302708656,39
3389,16.1,34.80523813220465,8.939642287160202,94.12019188688328,77
3390,14.8,159.49333885459012,6.34658559808687,96.35543002665108,60
3391,11.0,106.92199389571088,30.0991287890411,100.50304817819256,23
3392,10.3,142.97609432066915,4.854698191780822,103.96368560645904,13
3393,9.8,142.97609432066915,4.854698191780822,104.62676682438916,13
3394,9.9,142.97609432066915,4.854698191780822,102.2210786815232,7
3395,10.7,142.97609432066915,42.721344087671234,101.3425086685807,12
3396,11.0,247.27085931973727,4.854698191780822,100.60638500877624,8
3397,11.0,194.699514360858,4.854698191780822,100.75747337046909,8
3398,10.8,142.97609432066915,4.854698191780822,101.15745996297548,8
3399,10.6,55.19857385552203,4.854698191780822,99.65727278276668,10
3400,10.2,55.19857385552203,4.854698191780822,100.44357631864412,21
3401,10.7,55.19857385552203,4.854698191780822,98.09602420397016,52
3402,11.6,55.19857385552203,69.7457795011346,97.9472867459913,75
3403,12.9,55.19857385552203,7.787172647572055,98.90409066406389,33
3404,13.7,106.92199389571088,9.083700992108724,98.80830816095497,30
3405,13.8,106.92199389571088,10.092111926748352,98.47141419906993,34
3406,16.2,55.19857385552203,11.820816386130574,97.70360474513582,24
3407,17.6,21.904727066198586,12.829227320770205,96.2055360240783,24
3408,18.8,21.904727066198586,12.973286025718725,94.20545385726612,21
3409,19.8,21.904727066198586,12.252992500976127,94.09202670969847,23
3410,20.1,21.904727066198586,12.108933796027612,94.6899058988446,26
3411,20.6,21.904727066198586,12.541109910873166,94.2237656321174,28
3412,20.9,34.80523813220465,12.541109910873166,94.1664280582471,32
3413,19.2,34.80523813220465,12.397051205924647,95.80671394983588,68
3414,16.7,159.49333885459012,11.676757681182051,97.76533001216016,51
3415,15.3,106.92199389571088,36.05683604875122,99.67292896305828,24
3416,13.5,142.97609432066915,9.659935811902796,100.62347512072832,12
3417,12.1,142.97609432066915,9.083700992108724,102.6561587247786,19
3418,11.4,142.97609432066915,8.36340746736613,101.00122773842074,9
3419,10.6,142.97609432066915,45.50975983851395,98.69913110032672,7
3420,10.2,247.27085931973727,8.507466172314647,98.91676481257728,10
3421,9.1,194.699514360858,9.37181840200576,101.27509382555012,9
3422,8.6,142.97609432066915,10.092111926748352,102.09011078883356,7
3423,8.3,55.19857385552203,10.380229336645383,102.15115817309211,8
3424,8.3,55.19857385552203,10.236170631696872,100.67517627639256,22
3425,8.3,55.19857385552203,10.524288041593906,98.403317123999,31
3426,8.5,55.19857385552203,74.3556580594872,96.47430633199232,47
3427,9.5,55.19857385552203,12.252992500976127,96.10694884294276,32
3428,10.9,106.92199389571088,13.11734473066724,95.55710545832368,36
3429,11.7,106.92199389571088,13.837638255409832,94.39582909526489,57
3430,12.7,55.19857385552203,14.125755665306873,93.93279783497046,32
3431,13.7,21.904727066198586,14.557931780152426,94.621777895599,28
3432,13.9,21.904727066198586,14.846049190049468,95.51391933655968,30
3433,14.6,21.904727066198586,14.846049190049468,97.12501313891426,28
3434,14.7,21.904727066198586,14.846049190049468,96.47311438913592,30
3435,14.3,21.904727066198586,14.557931780152426,97.4663378034462,32
3436,14.4,34.80523813220465,14.26981437025539,101.83096385495402,53
3437,14.1,34.80523813220465,13.5495208455128,111.83829994224948,83
3438,13.1,159.49333885459012,12.541109910873166,121.8685908966176,73
3439,11.7,106.92199389571088,36.633070868545296,124.61458404075704,40
3440,10.5,142.97609432066915,9.948053221799832,119.64329580256457,24
3441,9.2,142.97609432066915,7.931231352520573,120.10306438205832,13
3442,8.5,142.97609432066915,6.634703007983905,118.24668164271078,15
3443,8.2,142.97609432066915,44.21323149397728,117.62344654530736,14
3444,7.9,247.27085931973727,5.914409483241313,116.25157999933808,10
3445,8.1,194.699514360858,5.050057253550202,116.09436387222686,26
3446,7.8,142.97609432066915,5.338174663447239,114.49931865137994,10
3447,7.9,55.19857385552203,6.34658559808687,110.76784271433202,18
3448,8.8,55.19857385552203,6.058468188189831,107.54855075997575,24
3449,9.9,55.19857385552203,5.48223336839576,105.28175923732609,39
3450,9.9,55.19857385552203,69.16954468134053,104.2479540710222,61
3451,10.2,55.19857385552203,7.066879122829462,103.52889358183018,37
3452,10.9,106.92199389571088,8.795583582211684,102.65024069104464,32
3453,10.3,106.92199389571088,9.948053221799832,100.95272909859236,36
3454,9.7,55.19857385552203,9.803994516851317,99.84561086888584,37
3455,9.4,21.904727066198586,9.659935811902796,98.01849053204457,30
3456,9.9,21.904727066198586,10.236170631696872,95.52461118237822,38
3457,10.4,21.904727066198586,10.092111926748352,94.92178541829684,33
3458,11.1,21.904727066198586,10.236170631696872,94.44846945260817,35
3459,11.0,21.904727066198586,10.092111926748352,93.69834233684568,39
3460,11.4,34.80523813220465,9.37181840200576,96.37059727599404,48
3461,11.5,34.80523813220465,8.36340746736613,104.06608492674822,85
3462,10.6,139.10000313127276,7.643113942623536,112.60721314541688,59
3463,9.8,86.52865817239348,31.446957490398628,114.40385171230312,22
3464,9.8,34.80523813220465,4.854698191780822,114.12872928889124,17
3465,8.5,34.80523813220465,4.854698191780822,114.05670844328624,21
3466,8.1,34.80523813220465,4.854698191780822,113.7158553126047,9
3467,7.8,34.80523813220465,42.721344087671234,112.74870096676668,18
3468,7.6,139.10000313127276,4.854698191780822,114.6012960920366,29
3469,7.0,86.52865817239348,4.854698191780822,111.92008937933409,25
3470,7.1,34.80523813220465,4.854698191780822,109.84275044441009,11
3471,7.1,34.80523813220465,4.854698191780822,106.49986527563688,15
3472,7.3,34.80523813220465,4.854698191780822,103.3817229500123,25
3473,7.9,34.80523813220465,4.854698191780822,101.78081756494574,24
3474,7.3,34.80523813220465,67.96577468493152,101.78159391045506,25
3475,7.4,34.80523813220465,5.050057253550202,100.53299595388192,25
3476,7.8,86.52865817239348,6.34658559808687,99.2264242212206,24
3477,8.6,86.52865817239348,7.210937827777981,97.70240531186217,57
3478,9.1,34.80523813220465,7.354996532726499,95.77125588490276,39
3479,9.0,21.904727066198586,7.643113942623536,95.10928735638144,31
3480,8.9,21.904727066198586,8.507466172314647,94.8479170975084,31
3481,8.5,21.904727066198586,8.651524877263165,91.69005767983582,34
3482,8.8,21.904727066198586,8.21934876241761,90.41956897869954,35
3483,9.0,21.904727066198586,8.651524877263165,92.21953667363668,35
3484,9.4,21.904727066198586,8.651524877263165,95.21715033202604,36
3485,9.8,21.904727066198586,8.507466172314647,104.68677509446692,31
3486,9.8,126.1994920652667,8.36340746736613,112.72398150235368,29
3487,10.4,73.62814710638742,33.60783806462641,115.19823426730596,34
3488,11.1,21.904727066198586,8.651524877263165,114.03265465950756,33
3489,10.2,21.904727066198586,8.651524877263165,115.60592874084182,38
3490,9.4,21.904727066198586,9.37181840200576,114.29149690254138,41
3491,10.1,21.904727066198586,47.23846429789617,113.50296690052772,31
3492,8.9,126.1994920652667,9.22775969705724,113.09314212814871,30
3493,8.6,73.62814710638742,9.22775969705724,113.27847631530368,33
3494,8.7,21.904727066198586,9.22775969705724,111.90685477846807,26
3495,8.4,21.904727066198586,9.659935811902796,107.52580308751072,29
3496,8.2,21.904727066198586,10.092111926748352,107.70309437868178,25
3497,8.4,21.904727066198586,10.380229336645383,104.6971994598999,25
3498,8.3,21.904727066198586,73.77942323969312,102.03850857916562,27
3499,8.4,21.904727066198586,11.10052286138798,102.52572301415692,31
3500,9.4,73.62814710638742,11.532698976233537,101.5645069986675,17
3501,10.3,73.62814710638742,11.964875091079092,100.08036682939496,18
3502,10.4,21.904727066198586,12.397051205924647,98.31935582833658,22
3503,11.0,21.904727066198586,12.829227320770205,96.16986146192252,27
3504,12.9,21.904727066198586,13.11734473066724,94.08882467711533,24
3505,12.9,21.904727066198586,13.405462140564278,94.3680762534712,22
3506,12.8,21.904727066198586,13.693579550461315,94.24833782526125,20
3507,13.4,21.904727066198586,13.837638255409832,96.24505172055144,23
3508,14.0,34.80523813220465,13.981696960358352,100.3099562141639,22
3509,13.9,34.80523813220465,13.981696960358352,110.01239945610968,18
3510,13.1,159.49333885459012,13.693579550461315,120.51705539702822,17
3511,12.3,106.92199389571088,39.22612755761863,122.91291127986752,18
3512,11.9,142.97609432066915,14.26981437025539,122.0036101385618,45
3513,11.6,142.97609432066915,14.413873075203906,112.03206640627482,48
3514,11.7,142.97609432066915,14.557931780152426,119.27682435739383,44
3515,11.6,142.97609432066915,52.13646026614581,118.55620392839222,34
3516,11.6,247.27085931973727,13.837638255409832,117.85573223867844,19
3517,10.8,194.699514360858,14.125755665306873,117.50031556212583,23
3518,11.1,142.97609432066915,13.693579550461315,112.87740312903586,20
3519,10.3,55.19857385552203,12.973286025718725,111.9269954232727,29
3520,8.9,55.19857385552203,12.397051205924647,108.62364648921366,29
3521,9.7,55.19857385552203,11.964875091079092,106.27499376644914,37
3522,8.5,55.19857385552203,75.07595158422978,104.81815568498722,48
3523,9.1,55.19857385552203,12.108933796027612,104.5540248448991,49
3524,10.8,106.92199389571088,12.252992500976127,103.58608545500265,44
3525,11.4,106.92199389571088,12.252992500976127,104.87606071837467,64
3526,11.7,55.19857385552203,12.541109910873166,103.25453602667528,35
3527,11.6,21.904727066198586,12.973286025718725,104.06451870465315,28
3528,11.8,21.904727066198586,13.693579550461315,102.44181946719564,28
3529,13.1,21.904727066198586,14.125755665306873,100.87528845281712,29
3530,13.4,21.904727066198586,14.413873075203906,99.21788333329935,33
3531,14.0,21.904727066198586,14.413873075203906,102.25851977403026,34
3532,14.1,34.80523813220465,14.413873075203906,104.05307866279674,46
3533,13.9,34.80523813220465,13.837638255409832,110.96272537134844,93
3534,13.5,159.49333885459012,12.397051205924647,117.16328194020208,73
3535,13.0,106.92199389571088,34.616248999266034,122.59784511887766,24
3536,12.9,142.97609432066915,6.058468188189831,121.48584192895882,10
3537,12.5,142.97609432066915,4.854698191780822,123.89065151836324,6
3538,12.4,142.97609432066915,4.854698191780822,123.60781565651553,8
3539,12.3,142.97609432066915,42.721344087671234,118.54418941985406,8
3540,11.1,247.27085931973727,4.854698191780822,118.71913451902526,16
3541,11.0,194.699514360858,4.854698191780822,118.47135187713684,13
3542,10.9,142.97609432066915,4.854698191780822,115.75281111240676,7
3543,10.0,55.19857385552203,4.854698191780822,111.36413429744982,11
3544,10.7,55.19857385552203,4.854698191780822,108.59745539942728,24
3545,11.3,55.19857385552203,4.854698191780822,103.97533682975806,41
3546,11.8,55.19857385552203,67.96577468493152,103.296483209255,41
3547,12.2,55.19857385552203,4.854698191780822,103.96950312362534,42
3548,11.7,106.92199389571088,6.778761712932424,99.5820432598535,38
3549,11.6,106.92199389571088,10.092111926748352,99.88346224295992,40
3550,11.5,55.19857385552203,10.236170631696872,100.47868873706273,33
3551,11.9,21.904727066198586,9.803994516851317,98.74901546735585,23
3552,12.0,21.904727066198586,10.092111926748352,99.485297996495,25
3553,12.0,21.904727066198586,12.829227320770205,98.88344441609142,26
3554,12.2,21.904727066198586,14.26981437025539,96.2211621218875,26
3555,12.3,21.904727066198586,13.837638255409832,94.184659371519,26
3556,13.2,34.80523813220465,10.092111926748352,96.88566494853347,44
3557,13.0,34.80523813220465,7.066879122829462,98.28134196053232,75
3558,12.8,159.49333885459012,4.854698191780822,97.42956190832078,55
3559,11.6,106.92199389571088,30.0991287890411,98.25356386878354,17
3560,10.6,142.97609432066915,4.854698191780822,99.53191629995436,10
3561,9.8,142.97609432066915,4.854698191780822,100.461285356529,12
3562,9.9,142.97609432066915,4.854698191780822,99.68794483348378,12
3563,10.4,142.97609432066915,42.721344087671234,100.82001980469336,10
3564,10.3,247.27085931973727,4.854698191780822,101.05073806783751,12
3565,9.9,194.699514360858,4.854698191780822,98.77819354226088,11
3566,9.1,142.97609432066915,4.854698191780822,97.1306470200435,9
3567,8.9,55.19857385552203,4.854698191780822,95.91884779228722,17
3568,8.9,55.19857385552203,4.854698191780822,94.90711930203402,29
3569,8.9,55.19857385552203,4.854698191780822,93.12400806635443,30
3570,9.6,55.19857385552203,67.96577468493152,92.98493844166111,39
3571,10.4,55.19857385552203,4.854698191780822,92.93665944019814,31
3572,11.3,106.92199389571088,6.922820417880944,91.23471786997804,29
3573,11.9,106.92199389571088,9.515877106954274,91.07504464436562,30
3574,13.1,55.19857385552203,11.964875091079092,91.2967811722864,21
3575,11.8,21.904727066198586,13.981696960358352,90.681172165388,8
3576,11.5,21.904727066198586,15.566342714792055,90.52135650103368,6
3577,11.6,21.904727066198586,16.574753649431685,90.934415925555,4
3578,12.1,21.904727066198586,17.29504717417428,90.57454655835632,4
3579,12.3,21.904727066198586,16.430694944483168,90.25731735815091,4
3580,12.3,34.80523813220465,12.685168615821684,89.72467003864476,14
3581,12.6,34.80523813220465,7.066879122829462,90.81299336158408,61
3582,13.7,159.49333885459012,4.854698191780822,93.42010245007825,64
3583,14.1,106.92199389571088,30.0991287890411,94.38362696385464,26
3584,14.6,142.97609432066915,4.854698191780822,95.11002588736471,14
3585,14.5,142.97609432066915,4.854698191780822,95.62564011874082,9
3586,14.1,142.97609432066915,4.854698191780822,96.14080891191388,17
3587,12.9,142.97609432066915,42.721344087671234,96.44919519124232,16
3588,12.5,247.27085931973727,4.854698191780822,98.67726258538912,7
3589,11.4,194.699514360858,4.854698191780822,99.49429024246524,9
3590,10.5,142.97609432066915,4.854698191780822,99.31270573404868,13
3591,10.9,55.19857385552203,4.854698191780822,99.97956308880414,13
3592,10.5,55.19857385552203,4.854698191780822,99.94728543089452,36
3593,10.0,55.19857385552203,4.854698191780822,99.20266195965078,27
3594,10.4,55.19857385552203,67.96577468493152,98.12638165716062,43
3595,10.6,55.19857385552203,4.854698191780822,96.1380181274032,49
3596,12.0,106.92199389571088,4.854698191780822,95.15443645073113,33
3597,12.4,106.92199389571088,4.854698191780822,97.80429178019256,22
3598,12.7,55.19857385552203,4.905998548601684,97.27052730118989,30
3599,13.4,21.904727066198586,5.914409483241313,96.50078749422931,19
3600,13.9,21.904727066198586,6.922820417880944,96.13629206946796,21
3601,14.2,21.904727066198586,7.643113942623536,95.44613359705949,23
3602,14.2,21.904727066198586,8.21934876241761,94.7194273248137,24
3603,14.8,21.904727066198586,7.931231352520573,95.47462907748464,32
3604,16.0,34.80523813220465,6.490644303035387,98.38540656972606,51
3605,15.5,34.80523813220465,4.854698191780822,106.50845847566606,65
3606,14.6,159.49333885459012,4.854698191780822,114.55308824953796,60
3607,13.5,106.92199389571088,30.0991287890411,117.50974019847546,17
3608,11.7,142.97609432066915,4.854698191780822,117.96534326025744,16
3609,10.3,142.97609432066915,4.854698191780822,117.15356892278636,11
3610,10.2,142.97609432066915,4.854698191780822,118.20415310709794,11
3611,9.8,142.97609432066915,42.721344087671234,117.97596708825436,6
3612,9.4,247.27085931973727,4.854698191780822,116.12820908117656,6
3613,8.7,194.699514360858,4.854698191780822,115.88418711202613,9
3614,9.0,142.97609432066915,4.854698191780822,114.3702863066836,9
3615,8.6,55.19857385552203,4.854698191780822,112.11355670992008,15
3616,7.9,55.19857385552203,4.854698191780822,108.79583124879612,19
3617,8.2,55.19857385552203,4.854698191780822,105.89650116801526,43
3618,8.2,55.19857385552203,67.96577468493152,105.34268749978692,46
3619,8.5,55.19857385552203,4.854698191780822,105.4326976698597,51
3620,8.8,106.92199389571088,6.058468188189831,104.330917449799,37
3621,9.7,106.92199389571088,8.795583582211684,103.83857908612086,44
3622,10.0,55.19857385552203,10.092111926748352,103.32486415878336,30
3623,10.2,21.904727066198586,11.532698976233537,103.53775969883812,30
3624,11.1,21.904727066198586,12.252992500976127,101.94869364319538,32
3625,12.4,21.904727066198586,12.541109910873166,100.2112890547017,34
3626,13.4,21.904727066198586,12.108933796027612,99.45816637608458,36
3627,13.7,21.904727066198586,11.532698976233537,100.17482207888337,36
3628,13.3,34.80523813220465,9.515877106954274,102.2636551799694,50
3629,13.0,34.80523813220465,7.066879122829462,110.80589306771732,71
3630,12.6,139.10000313127276,5.19411595849872,118.33564955746004,49
3631,12.1,86.52865817239348,30.0991287890411,121.73197027594227,19
3632,10.4,34.80523813220465,4.854698191780822,121.51736184658918,25
3633,9.3,34.80523813220465,4.854698191780822,120.52133713702138,25
3634,8.1,34.80523813220465,4.854698191780822,120.0292355671805,12
3635,8.2,34.80523813220465,42.721344087671234,121.6818824595142,13
3636,8.5,139.10000313127276,4.854698191780822,119.14457801960934,17
3637,8.6,86.52865817239348,4.854698191780822,118.13106644759884,21
3638,8.6,34.80523813220465,4.854698191780822,117.84269927501366,17
3639,8.4,34.80523813220465,4.854698191780822,114.6120734735882,23
3640,8.5,34.80523813220465,4.854698191780822,111.36851160067016,24
3641,7.9,34.80523813220465,4.854698191780822,108.5974798036901,16
3642,8.0,34.80523813220465,67.96577468493152,109.42333346779766,41
3643,8.3,34.80523813220465,4.854698191780822,107.229563607155,21
3644,9.6,86.52865817239348,4.854698191780822,104.12537786197372,35
3645,9.8,86.52865817239348,6.634703007983905,103.25260229087972,22
3646,10.0,34.80523813220465,8.21934876241761,102.30483386989664,20
3647,9.8,21.904727066198586,9.659935811902796,100.9763910852209,7
3648,9.7,21.904727066198586,10.812405451490944,99.66430145208533,7
3649,9.9,21.904727066198586,11.820816386130574,98.56438864138312,5
3650,10.3,21.904727066198586,12.541109910873166,97.8316755377144,8
3651,10.5,21.904727066198586,11.820816386130574,98.07184115008648,9
3652,10.7,21.904727066198586,8.939642287160202,100.56805448962125,5
3653,11.2,21.904727066198586,5.48223336839576,109.02511388889528,11
3654,12.0,126.1994920652667,4.854698191780822,117.43815766309577,12
3655,10.7,73.62814710638742,30.0991287890411,119.23292374646984,31
3656,10.3,21.904727066198586,4.854698191780822,119.32190446741645,53
3657,8.8,21.904727066198586,4.854698191780822,118.22152870059972,26
3658,8.5,21.904727066198586,4.854698191780822,118.84379246001762,36
3659,8.8,21.904727066198586,42.721344087671234,118.69274469155404,17
3660,8.6,126.1994920652667,4.854698191780822,120.113407681846,28
3661,8.0,73.62814710638742,4.854698191780822,118.25450236325248,18
3662,8.2,21.904727066198586,4.854698191780822,117.72865090606273,9
3663,7.7,21.904727066198586,4.854698191780822,114.9056344048796,34
3664,7.6,21.904727066198586,4.854698191780822,111.84993570146118,27
3665,7.7,21.904727066198586,4.854698191780822,109.02047164236618,35
3666,8.2,21.904727066198586,67.96577468493152,109.5820684582365,29
3667,8.6,21.904727066198586,4.854698191780822,108.27652919503096,22
3668,8.8,73.62814710638742,4.854698191780822,105.58962746972892,21
3669,9.1,73.62814710638742,4.854698191780822,105.6770088657685,21
3670,9.3,21.904727066198586,7.643113942623536,103.89757675392887,13
3671,8.8,21.904727066198586,9.37181840200576,101.24933790484631,10
3672,9.4,21.904727066198586,10.956464156439464,100.34127884386758,4
3673,10.7,21.904727066198586,12.108933796027612,100.4239960053789,12
3674,11.2,21.904727066198586,13.261403435615758,100.697149415546,16
3675,10.9,21.904727066198586,12.397051205924647,102.6430497696222,14
3676,10.4,34.80523813220465,8.075290057469092,105.22362441726592,13
3677,10.5,34.80523813220465,4.854698191780822,113.9706869204264,7
3678,10.8,159.49333885459012,4.854698191780822,121.78833844483798,7
3679,10.6,106.92199389571088,30.0991287890411,126.832068079323,26
3680,9.5,142.97609432066915,4.854698191780822,125.69229452969904,20
3681,8.7,142.97609432066915,4.854698191780822,125.59594070105112,54
3682,8.8,142.97609432066915,4.854698191780822,124.80394819323332,31
3683,8.6,142.97609432066915,42.721344087671234,122.51410189100925,22
3684,8.5,247.27085931973727,4.854698191780822,121.80963019764336,24
3685,7.9,194.699514360858,4.854698191780822,121.86986197210835,18
3686,8.2,142.97609432066915,4.854698191780822,119.00662748742349,14
3687,8.0,55.19857385552203,4.854698191780822,117.97035132910246,15
3688,8.1,55.19857385552203,4.854698191780822,115.83147221294938,31
3689,7.7,55.19857385552203,4.854698191780822,113.84031427428584,43
3690,7.3,55.19857385552203,67.96577468493152,109.70197735384664,51
3691,7.7,55.19857385552203,4.854698191780822,110.01333599989871,50
3692,7.8,106.92199389571088,4.854698191780822,109.1504674721912,35
3693,8.2,106.92199389571088,4.854698191780822,109.31526607624863,48
3694,8.5,55.19857385552203,4.905998548601684,105.42447295003647,16
3695,9.0,21.904727066198586,6.202526893138352,103.44618378992298,9
3696,9.4,21.904727066198586,8.795583582211684,103.07959636409728,4
3697,10.0,21.904727066198586,10.812405451490944,101.38567425210373,4
3698,10.3,21.904727066198586,11.820816386130574,101.03439603111012,4
3699,11.0,21.904727066198586,11.388640271285018,102.57434113822256,4
3700,10.8,34.80523813220465,7.499055237675016,103.87414829918168,14
3701,10.6,34.80523813220465,4.854698191780822,112.42401529776416,60
3702,10.1,159.49333885459012,4.854698191780822,119.95587200386764,43
3703,9.4,106.92199389571088,30.0991287890411,121.67519544987503,26
3704,8.4,142.97609432066915,4.854698191780822,121.86743024437544,9
3705,8.2,142.97609432066915,4.854698191780822,115.89660936505447,11
3706,8.3,142.97609432066915,4.854698191780822,118.87329395181165,33
3707,8.6,142.97609432066915,42.721344087671234,118.23338723931955,13
3708,7.5,247.27085931973727,4.854698191780822,117.77247757931916,11
3709,7.1,194.699514360858,4.854698191780822,116.03327178709084,6
3710,7.3,142.97609432066915,4.854698191780822,114.30198143293914,11
3711,7.7,55.19857385552203,4.854698191780822,110.55847745627668,17
3712,7.7,55.19857385552203,4.854698191780822,108.2074818034682,26
3713,7.3,55.19857385552203,4.854698191780822,105.97593196934218,36
3714,6.8,55.19857385552203,67.96577468493152,104.04409064528788,41
3715,6.6,55.19857385552203,4.854698191780822,101.57877938476926,44
3716,6.6,106.92199389571088,4.854698191780822,100.53477951889192,44
3717,6.9,106.92199389571088,4.854698191780822,98.82714414420415,42
3718,8.0,55.19857385552203,5.338174663447239,98.1898839652831,29
3719,7.9,21.904727066198586,6.202526893138352,97.80998208107792,21
3720,8.0,21.904727066198586,7.066879122829462,96.49167564320862,23
3721,8.2,21.904727066198586,7.354996532726499,94.9116954637524,27
3722,8.0,21.904727066198586,9.083700992108724,94.31476731597716,32
3723,8.4,21.904727066198586,8.795583582211684,93.543462253427,33
3724,8.6,34.80523813220465,5.050057253550202,95.48087946828306,46
3725,8.4,34.80523813220465,4.854698191780822,98.11925754542796,89
3726,8.3,159.49333885459012,4.854698191780822,101.41971384946368,75
3727,7.4,106.92199389571088,30.0991287890411,104.82025131044703,47
3728,7.3,142.97609432066915,4.854698191780822,106.92827848505456,31
3729,6.7,142.97609432066915,4.854698191780822,107.12430524290716,25
3730,6.5,142.97609432066915,4.854698191780822,106.12767042676889,24
3731,6.9,142.97609432066915,42.721344087671234,103.38269066360236,19
3732,6.3,247.27085931973727,4.854698191780822,103.95611448595194,19
3733,5.9,194.699514360858,4.854698191780822,104.54841476396678,9
3734,5.7,142.97609432066915,4.854698191780822,104.46805043918036,19
3735,5.8,55.19857385552203,4.854698191780822,100.81310747846923,13
3736,5.7,55.19857385552203,4.854698191780822,102.37413811028492,35
3737,5.8,55.19857385552203,4.854698191780822,101.56626205176649,39
3738,5.8,55.19857385552203,67.96577468493152,101.52282874623153,35
3739,5.8,55.19857385552203,4.854698191780822,98.89943996061204,50
3740,5.8,106.92199389571088,4.854698191780822,97.30655270482698,50
3741,5.8,106.92199389571088,4.854698191780822,97.57503426923536,55
3742,5.8,55.19857385552203,4.854698191780822,98.10662870185791,42
3743,5.5,21.904727066198586,4.854698191780822,99.48204171879304,41
3744,5.5,21.904727066198586,5.19411595849872,99.74556692239835,42
3745,5.4,21.904727066198586,6.34658559808687,98.64719254675931,43
3746,5.5,21.904727066198586,7.210937827777981,93.46284772454008,42
3747,5.6,21.904727066198586,6.202526893138352,89.41529297040843,37
3748,6.1,34.80523813220465,4.854698191780822,96.17749371389984,36
3749,6.1,34.80523813220465,4.854698191780822,96.1393074456845,33
3750,5.9,159.49333885459012,4.854698191780822,99.09771915943509,37
3751,6.0,106.92199389571088,30.0991287890411,101.50877938126423,37
3752,6.0,142.97609432066915,4.854698191780822,103.03459635321455,42
3753,6.2,142.97609432066915,4.854698191780822,103.10008797119646,54
3754,6.7,142.97609432066915,4.854698191780822,103.53306477776157,54
3755,6.4,142.97609432066915,42.721344087671234,102.99066457248954,32
3756,6.3,247.27085931973727,4.854698191780822,103.71064493325144,35
3757,6.3,194.699514360858,4.854698191780822,103.10057291531012,21
3758,6.4,142.97609432066915,4.854698191780822,103.19200952662608,13
3759,6.5,55.19857385552203,4.854698191780822,103.18389414273284,33
3760,6.4,55.19857385552203,4.854698191780822,102.65896823533252,20
3761,6.6,55.19857385552203,4.854698191780822,101.46855354490565,35
3762,6.9,55.19857385552203,67.96577468493152,100.24383093104096,61
3763,7.4,55.19857385552203,4.854698191780822,99.55166683899344,56
3764,8.0,106.92199389571088,4.854698191780822,98.66097829736286,56
3765,9.3,106.92199389571088,4.854698191780822,98.213397714137,51
3766,8.4,55.19857385552203,4.854698191780822,97.22779966545264,42
3767,8.7,21.904727066198586,4.854698191780822,96.43400293357068,36
3768,8.7,21.904727066198586,4.854698191780822,96.17402891264526,34
3769,7.4,21.904727066198586,4.854698191780822,95.84725329640249,35
3770,7.3,21.904727066198586,4.854698191780822,95.0159928799484,39
3771,7.6,21.904727066198586,4.854698191780822,96.13711722350294,39
3772,8.3,34.80523813220465,4.854698191780822,99.00913833012184,53
3773,8.6,34.80523813220465,4.854698191780822,108.51355366466372,88
3774,8.9,159.49333885459012,4.854698191780822,117.9478463703206,60
3775,8.8,106.92199389571088,30.0991287890411,121.32485365185728,27
3776,8.8,142.97609432066915,4.854698191780822,122.58882460262276,14
3777,8.2,142.97609432066915,4.854698191780822,122.80303990588072,10
3778,8.1,142.97609432066915,4.854698191780822,122.40790372101644,9
3779,8.3,142.97609432066915,42.721344087671234,123.00122100439972,10
3780,7.6,247.27085931973727,4.854698191780822,122.93167356707552,12
3781,7.3,194.699514360858,4.854698191780822,121.10545667121136,9
3782,7.6,142.97609432066915,4.854698191780822,117.82386135875356,11
3783,8.3,55.19857385552203,4.854698191780822,114.54397700258318,18
3784,8.3,55.19857385552203,4.854698191780822,112.21286635388564,27
3785,7.8,55.19857385552203,4.854698191780822,109.03726950723032,37
3786,7.9,55.19857385552203,67.96577468493152,109.38685102789198,27
3787,8.3,55.19857385552203,4.854698191780822,107.10354941737836,21
3788,8.5,106.92199389571088,4.854698191780822,104.79261638231924,20
3789,9.1,106.92199389571088,4.854698191780822,104.1683629506024,30
3790,9.5,55.19857385552203,4.854698191780822,103.3789365147762,19
3791,9.7,21.904727066198586,4.854698191780822,97.46143133848749,24
3792,9.1,21.904727066198586,4.854698191780822,99.86256228730464,22
3793,8.9,21.904727066198586,4.854698191780822,99.10465081576837,24
3794,8.7,21.904727066198586,4.854698191780822,97.39722287731456,26
3795,9.1,21.904727066198586,4.854698191780822,88.96591384133797,28
3796,9.9,34.80523813220465,4.854698191780822,101.36186861860146,37
3797,9.8,34.80523813220465,4.854698191780822,110.48481512196402,76
3798,10.1,139.10000313127276,4.854698191780822,118.6326626046219,55
3799,9.2,86.52865817239348,30.0991287890411,120.81442798422052,36
3800,8.2,34.80523813220465,4.854698191780822,120.62465451668272,20
3801,7.6,34.80523813220465,4.854698191780822,113.72797468698506,13
3802,7.2,34.80523813220465,4.854698191780822,120.8922828983978,16
3803,7.0,34.80523813220465,42.721344087671234,119.864427660508,9
3804,6.9,139.10000313127276,4.854698191780822,120.27575704025912,15
3805,6.2,86.52865817239348,4.854698191780822,120.59601067766972,14
3806,6.4,34.80523813220465,4.854698191780822,119.99990865043488,10
3807,6.8,34.80523813220465,4.854698191780822,118.1270742968036,10
3808,7.3,34.80523813220465,4.854698191780822,115.87755326018716,16
3809,7.0,34.80523813220465,4.854698191780822,112.19984812942911,27
3810,7.0,34.80523813220465,67.96577468493152,110.97654905729122,36
3811,6.9,34.80523813220465,4.854698191780822,109.64175294898575,22
3812,7.2,86.52865817239348,4.854698191780822,107.96862097346477,26
3813,7.8,86.52865817239348,4.854698191780822,106.35161904405716,38
3814,8.1,34.80523813220465,4.854698191780822,104.86810202917884,36
3815,7.7,21.904727066198586,4.854698191780822,103.02382501232206,28
3816,8.2,21.904727066198586,4.854698191780822,100.69064350486708,25
3817,8.5,21.904727066198586,4.854698191780822,98.7460690754664,24
3818,9.1,21.904727066198586,5.338174663447239,94.29342651301975,26
3819,9.3,21.904727066198586,4.905998548601684,94.384148151923,28
3820,10.4,21.904727066198586,4.854698191780822,97.63316474002094,27
3821,10.1,21.904727066198586,4.854698191780822,106.7813799245232,26
3822,10.1,126.1994920652667,4.854698191780822,112.72678243517164,18
3823,9.6,73.62814710638742,30.0991287890411,115.89952301657152,17
3824,8.3,21.904727066198586,4.854698191780822,119.0629409279476,44
3825,7.7,21.904727066198586,4.854698191780822,118.07569837022608,54
3826,7.4,21.904727066198586,4.854698191780822,118.48444041486546,47
3827,7.2,21.904727066198586,42.721344087671234,117.40085333111104,36
3828,6.7,126.1994920652667,4.854698191780822,118.32529115602458,23
3829,6.6,73.62814710638742,4.854698191780822,118.09850197919452,15
3830,7.0,21.904727066198586,4.854698191780822,116.33596281219349,11
3831,7.2,21.904727066198586,4.854698191780822,111.35845474893767,19
3832,7.2,21.904727066198586,4.854698191780822,107.58987684198536,13
3833,6.7,21.904727066198586,4.854698191780822,105.01598135112395,25
3834,7.0,21.904727066198586,67.96577468493152,102.91807034752144,18
3835,7.2,21.904727066198586,4.854698191780822,101.44938206344926,34
3836,7.4,73.62814710638742,4.854698191780822,101.44850616787774,23
3837,7.3,73.62814710638742,4.854698191780822,99.74609886283994,20
3838,7.2,21.904727066198586,4.854698191780822,99.17828463816996,11
3839,6.7,21.904727066198586,4.854698191780822,97.52118940446476,7
3840,6.4,21.904727066198586,4.854698191780822,96.07276934391768,14
3841,7.3,21.904727066198586,5.050057253550202,95.86497163690242,17
3842,7.3,21.904727066198586,5.770350778292794,94.54009936501576,14
3843,8.2,21.904727066198586,5.48223336839576,94.94798858940143,12
3844,8.7,34.80523813220465,4.854698191780822,98.38396816797784,6
3845,8.3,34.80523813220465,4.854698191780822,107.2949057792304,5
3846,8.3,159.49333885459012,4.854698191780822,114.75483466587924,13
3847,8.2,106.92199389571088,30.0991287890411,117.03512017529724,18
3848,6.5,142.97609432066915,4.854698191780822,116.55922388166144,43
3849,6.5,142.97609432066915,4.854698191780822,118.2811750143834,42
3850,6.5,142.97609432066915,4.854698191780822,119.78269295179504,39
3851,6.8,142.97609432066915,42.721344087671234,118.29636642636277,22
3852,6.9,247.27085931973727,4.854698191780822,117.88221593799229,18
3853,6.4,194.699514360858,4.854698191780822,118.54709026517378,19
3854,5.8,142.97609432066915,4.854698191780822,117.2839415689269,19
3855,5.5,55.19857385552203,4.854698191780822,112.9042461267538,18
3856,5.5,55.19857385552203,4.854698191780822,110.0880248838212,27
3857,5.4,55.19857385552203,4.854698191780822,108.77572189460572,27
3858,5.3,55.19857385552203,67.96577468493152,105.95279104996882,43
3859,4.9,55.19857385552203,4.854698191780822,105.56374397030464,26
3860,5.4,106.92199389571088,4.854698191780822,104.32735092384492,43
3861,6.2,106.92199389571088,4.854698191780822,100.92452876477152,34
3862,6.0,55.19857385552203,4.854698191780822,100.52934510032662,13
3863,6.0,21.904727066198586,4.854698191780822,96.30481353173737,9
3864,6.0,21.904727066198586,4.854698191780822,95.08772655261912,19
3865,6.4,21.904727066198586,4.854698191780822,95.45063908306624,18
3866,6.6,21.904727066198586,4.854698191780822,93.58693421918026,19
3867,6.9,21.904727066198586,4.854698191780822,95.84675385470696,19
3868,7.0,34.80523813220465,4.854698191780822,97.78576205836043,18
3869,6.6,34.80523813220465,4.854698191780822,107.51059572819128,19
3870,6.7,159.49333885459012,4.854698191780822,115.1803968050083,19
3871,6.1,106.92199389571088,30.0991287890411,117.94726876249614,18
3872,5.7,142.97609432066915,4.854698191780822,117.52518108967624,19
3873,6.5,142.97609432066915,4.854698191780822,117.90712664967285,19
3874,5.9,142.97609432066915,4.854698191780822,117.0371242243649,18
3875,5.8,142.97609432066915,42.721344087671234,118.40100550223823,19
3876,5.9,247.27085931973727,4.854698191780822,115.79573337818064,19
3877,5.6,194.699514360858,4.854698191780822,115.5014944433103,18
3878,5.7,142.97609432066915,4.854698191780822,116.008815574602,19
3879,5.8,55.19857385552203,4.854698191780822,114.72779969601464,19
3880,5.7,55.19857385552203,4.854698191780822,112.74824550106948,18
3881,5.6,55.19857385552203,4.854698191780822,107.82974839507176,19
3882,5.7,55.19857385552203,67.96577468493152,109.41701904601264,19
3883,5.8,55.19857385552203,4.854698191780822,104.76825947826624,18
3884,5.8,106.92199389571088,4.854698191780822,104.24510819570044,19
3885,5.7,106.92199389571088,4.854698191780822,103.08066580238685,19
3886,6.1,55.19857385552203,4.854698191780822,101.41263697568532,18
3887,6.2,21.904727066198586,4.854698191780822,101.90971109529563,19
3888,6.5,21.904727066198586,4.854698191780822,101.17028440308763,4
3889,6.4,21.904727066198586,4.854698191780822,99.56232050784638,11
3890,6.2,21.904727066198586,4.854698191780822,97.96522158371388,16
3891,6.5,21.904727066198586,4.854698191780822,97.93831757533889,18
3892,6.8,34.80523813220465,4.854698191780822,95.7164732682113,25
3893,6.4,34.80523813220465,4.854698191780822,97.51935304409407,50
3894,6.0,159.49333885459012,4.854698191780822,100.17853792993073,42
3895,5.9,106.92199389571088,30.0991287890411,102.29584452344278,26
3896,6.3,142.97609432066915,4.854698191780822,104.37730596658568,13
3897,5.8,142.97609432066915,4.854698191780822,106.338361126247,24
3898,6.2,142.97609432066915,4.854698191780822,108.11049648431651,11
3899,6.5,142.97609432066915,42.721344087671234,105.58631622202904,10
3900,6.2,247.27085931973727,4.854698191780822,104.74606984189012,8
3901,6.4,194.699514360858,4.854698191780822,103.55843892880937,9
3902,6.3,142.97609432066915,4.854698191780822,102.98423127053314,10
3903,6.2,55.19857385552203,4.854698191780822,101.26499795115974,23
3904,6.3,55.19857385552203,4.854698191780822,99.39942604035484,18
3905,6.3,55.19857385552203,4.854698191780822,97.35170433625348,25
3906,6.8,55.19857385552203,67.96577468493152,97.03854980224682,36
3907,7.5,55.19857385552203,4.854698191780822,97.23725583404284,26
3908,7.7,106.92199389571088,4.854698191780822,97.29431179238524,30
3909,7.6,106.92199389571088,4.854698191780822,96.43800934032144,24
3910,7.6,55.19857385552203,6.058468188189831,98.13442986892454,38
3911,7.4,21.904727066198586,6.922820417880944,97.26204512847522,23
3912,8.5,21.904727066198586,7.210937827777981,95.24376668421404,27
3913,7.8,21.904727066198586,7.210937827777981,95.012872879516,25
3914,7.6,21.904727066198586,7.499055237675016,94.1749747452011,28
3915,8.0,21.904727066198586,6.634703007983905,94.1211586339679,30
3916,7.6,34.80523813220465,5.48223336839576,94.18100549763412,37
3917,8.1,34.80523813220465,4.854698191780822,97.37920226223258,64
3918,8.1,159.49333885459012,4.854698191780822,97.97622029501544,68
3919,8.8,106.92199389571088,30.0991287890411,98.60532884608854,18
3920,8.7,142.97609432066915,4.854698191780822,101.2963638319827,21
3921,8.4,142.97609432066915,4.854698191780822,101.64522252737478,11
3922,8.5,142.97609432066915,4.854698191780822,104.2291221954212,12
3923,7.8,142.97609432066915,42.721344087671234,104.14530853346756,11
3924,6.4,247.27085931973727,4.854698191780822,103.87004753733557,5
3925,5.8,194.699514360858,4.854698191780822,103.54436999210654,6
3926,6.3,142.97609432066915,4.854698191780822,102.8110284182636,11
3927,6.5,55.19857385552203,4.854698191780822,102.08324727113508,16
3928,6.7,55.19857385552203,4.854698191780822,100.57412088194305,21
3929,6.9,55.19857385552203,4.854698191780822,100.34277245724012,26
3930,7.3,55.19857385552203,67.96577468493152,99.12515643719664,22
3931,7.4,55.19857385552203,4.854698191780822,97.98863155404418,25
3932,7.7,106.92199389571088,4.854698191780822,99.07045391964505,31
3933,8.0,106.92199389571088,4.854698191780822,99.30268283082044,45
3934,8.5,55.19857385552203,4.854698191780822,100.49006680175664,27
3935,8.6,21.904727066198586,4.854698191780822,98.5975241937001,18
3936,9.1,21.904727066198586,4.854698191780822,98.9672075781349,15
3937,9.6,21.904727066198586,4.854698191780822,96.77241237601424,12
3938,9.7,21.904727066198586,4.854698191780822,95.51138660900637,12
3939,9.5,21.904727066198586,4.854698191780822,98.36293882140436,13
3940,10.1,34.80523813220465,4.854698191780822,100.1942221388806,18
3941,9.3,34.80523813220465,4.854698191780822,106.2624113151411,60
3942,9.1,159.49333885459012,4.854698191780822,115.16620608861776,49
3943,8.9,106.92199389571088,30.0991287890411,118.47336462475364,14
3944,8.3,142.97609432066915,4.854698191780822,118.32829179303285,11
3945,7.2,142.97609432066915,4.854698191780822,110.56940899544888,23
3946,6.2,142.97609432066915,4.854698191780822,118.64907942470911,13
3947,6.7,142.97609432066915,42.721344087671234,121.4865906082494,8
3948,6.7,247.27085931973727,4.854698191780822,120.53349420511462,7
3949,7.0,194.699514360858,4.854698191780822,119.65192838769116,10
3950,7.3,142.97609432066915,4.854698191780822,118.89349923166878,15
3951,7.1,55.19857385552203,4.854698191780822,117.49403557209776,26
3952,6.7,55.19857385552203,4.854698191780822,114.58659832272002,22
3953,6.8,55.19857385552203,4.854698191780822,114.43111743534588,34
3954,7.7,55.19857385552203,67.96577468493152,111.50120977975642,24
3955,8.2,55.19857385552203,4.854698191780822,108.90406415440486,26
3956,7.9,106.92199389571088,4.854698191780822,109.3709125071934,34
3957,8.2,106.92199389571088,4.854698191780822,109.04279622706687,31
3958,8.5,55.19857385552203,4.854698191780822,108.79797326651796,21
3959,8.3,21.904727066198586,4.854698191780822,106.1687093358442,7
3960,8.8,21.904727066198586,4.854698191780822,103.40604071059424,5
3961,8.6,21.904727066198586,4.854698191780822,104.38715659021602,4
3962,9.1,21.904727066198586,5.48223336839576,102.24058360736268,4
3963,9.4,21.904727066198586,5.050057253550202,103.70670666513551,5
3964,9.7,34.80523813220465,4.854698191780822,105.26108471906896,16
3965,9.3,34.80523813220465,4.854698191780822,114.14914272986144,28
3966,8.7,139.10000313127276,4.854698191780822,121.02043040734712,49
3967,8.6,86.52865817239348,30.0991287890411,119.91359355154214,22
3968,8.0,34.80523813220465,4.854698191780822,118.3232947181874,17
3969,7.0,34.80523813220465,4.854698191780822,119.8390324879665,26
3970,7.1,34.80523813220465,4.854698191780822,119.86524967340026,32
3971,7.2,34.80523813220465,42.721344087671234,119.34911715347216,23
3972,6.7,139.10000313127276,4.854698191780822,119.10967883645743,10
3973,6.1,86.52865817239348,4.854698191780822,118.64645355019228,18
3974,6.7,34.80523813220465,4.854698191780822,117.46397374876432,22
3975,6.4,34.80523813220465,4.854698191780822,113.20136307325242,25
3976,5.9,34.80523813220465,4.854698191780822,109.15765416515228,33
3977,6.4,34.80523813220465,4.854698191780822,108.6409134716646,29
3978,6.9,34.80523813220465,67.96577468493152,108.68412073573548,31
3979,7.3,34.80523813220465,4.854698191780822,107.94439478927498,17
3980,6.9,86.52865817239348,4.854698191780822,107.04856274722204,23
3981,7.1,86.52865817239348,4.854698191780822,106.43449435002408,26
3982,7.3,34.80523813220465,4.854698191780822,104.68330485661912,10
3983,6.6,21.904727066198586,5.19411595849872,103.52490167266129,7
3984,6.5,21.904727066198586,6.922820417880944,102.991670342232,13
3985,6.4,21.904727066198586,8.36340746736613,104.2504045247984,11
3986,7.0,21.904727066198586,9.22775969705724,104.41452802479328,8
3987,7.3,21.904727066198586,8.075290057469092,105.42781367615288,11
3988,6.9,21.904727066198586,5.19411595849872,108.54203996328704,7
3989,7.1,21.904727066198586,4.854698191780822,118.48895049177314,5
3990,7.5,126.1994920652667,4.854698191780822,126.71308231723866,12
3991,7.8,73.62814710638742,30.0991287890411,116.65605504319254,30
3992,7.1,21.904727066198586,4.854698191780822,129.75722318594794,43
3993,6.5,21.904727066198586,4.854698191780822,130.253761619908,36
3994,6.6,21.904727066198586,4.854698191780822,131.56779731178378,44
3995,6.3,21.904727066198586,42.721344087671234,129.9332333741341,19
3996,7.0,126.1994920652667,4.854698191780822,130.20759709076128,18
3997,6.2,73.62814710638742,4.854698191780822,128.31268255749706,19
3998,7.2,21.904727066198586,4.854698191780822,127.4246630206894,14
3999,7.2,21.904727066198586,4.854698191780822,125.21524169146925,43
4000,6.2,21.904727066198586,4.854698191780822,121.74473805467194,42
4001,6.9,21.904727066198586,4.854698191780822,117.13345038679408,21
4002,6.8,21.904727066198586,67.96577468493152,116.69806371968204,17
4003,7.0,21.904727066198586,4.854698191780822,115.73693553537612,20
4004,6.9,73.62814710638742,4.854698191780822,113.50596886648098,21
4005,7.3,73.62814710638742,4.854698191780822,110.8127285567575,16
4006,6.5,21.904727066198586,4.854698191780822,111.77428127858596,11
4007,6.3,21.904727066198586,4.854698191780822,112.82561522950677,13
4008,6.4,21.904727066198586,4.854698191780822,111.4429969143805,24
4009,7.2,21.904727066198586,4.854698191780822,111.4245542988528,22
4010,7.5,21.904727066198586,4.854698191780822,109.25640818929254,21
4011,7.6,21.904727066198586,4.854698191780822,109.08873930565048,17
4012,7.6,34.80523813220465,4.854698191780822,107.61281298301478,11
4013,6.8,34.80523813220465,4.854698191780822,114.25359901539213,6
4014,6.3,159.49333885459012,4.854698191780822,121.50640143306642,12
4015,5.8,106.92199389571088,30.0991287890411,120.67977299402092,23
4016,5.5,142.97609432066915,4.854698191780822,120.82172727506747,31
4017,5.6,142.97609432066915,4.854698191780822,121.0725260180515,30
4018,6.0,142.97609432066915,4.854698191780822,121.76547044244336,28
4019,6.1,142.97609432066915,42.721344087671234,121.74513456353618,27
4020,6.2,247.27085931973727,4.854698191780822,121.39341911963592,24
4021,5.9,194.699514360858,4.854698191780822,117.1123576132999,18
4022,5.9,142.97609432066915,4.854698191780822,114.67611617907502,14
4023,5.7,55.19857385552203,4.854698191780822,111.48167235517091,39
4024,5.6,55.19857385552203,4.854698191780822,108.7708792190072,37
4025,5.4,55.19857385552203,4.854698191780822,106.46354412132956,48
4026,5.4,55.19857385552203,67.96577468493152,105.53224555742074,39
4027,5.2,55.19857385552203,4.854698191780822,104.70454985472296,39
4028,5.2,106.92199389571088,4.854698191780822,102.77760980066054,25
4029,5.7,106.92199389571088,4.854698191780822,103.13552030292172,33
4030,5.8,55.19857385552203,4.854698191780822,104.77651174349502,10
4031,5.5,21.904727066198586,4.854698191780822,103.4664117826584,23
4032,5.3,21.904727066198586,4.854698191780822,102.1349519303816,19
4033,5.6,21.904727066198586,4.854698191780822,100.19300663745368,20
4034,5.7,21.904727066198586,4.854698191780822,99.68690149084162,22
4035,5.7,21.904727066198586,4.854698191780822,99.69294951955972,25
4036,5.5,34.80523813220465,4.854698191780822,103.28197402931596,39
4037,5.2,34.80523813220465,4.854698191780822,113.3308402520859,61
4038,5.8,159.49333885459012,4.854698191780822,119.6800191439557,44
4039,5.8,106.92199389571088,30.0991287890411,121.06093592622273,22
4040,6.2,142.97609432066915,4.854698191780822,120.44920333109094,9
4041,6.7,142.97609432066915,4.854698191780822,114.34478240227804,17
4042,5.8,142.97609432066915,4.854698191780822,121.36515596296026,14
4043,6.3,142.97609432066915,42.721344087671234,120.30594910020304,16
4044,6.3,247.27085931973727,4.854698191780822,120.13188654132838,15
4045,5.9,194.699514360858,4.854698191780822,119.19299051963874,6
4046,5.8,142.97609432066915,4.854698191780822,116.86646509364826,11
4047,5.8,55.19857385552203,4.854698191780822,112.15911004517766,18
4048,6.0,55.19857385552203,4.854698191780822,109.73268770234252,24
4049,5.5,55.19857385552203,4.854698191780822,108.42610751275846,36
4050,5.3,55.19857385552203,67.96577468493152,106.98878788821244,38
4051,5.4,55.19857385552203,4.854698191780822,104.49741529126524,34
4052,5.4,106.92199389571088,4.854698191780822,99.5174496462555,42
4053,5.7,106.92199389571088,4.854698191780822,96.81087905162566,30
4054,6.2,55.19857385552203,4.854698191780822,96.11723137369977,13
4055,5.7,21.904727066198586,4.854698191780822,95.31172808608126,7
4056,6.2,21.904727066198586,4.854698191780822,95.56415841109197,5
4057,5.7,21.904727066198586,4.854698191780822,94.5866054330288,4
4058,5.6,21.904727066198586,4.854698191780822,93.38189250247916,7
4059,5.6,21.904727066198586,4.854698191780822,93.60225876728651,6
4060,5.7,34.80523813220465,4.854698191780822,93.26303419830212,11
4061,5.3,34.80523813220465,4.854698191780822,95.73603847982874,49
4062,5.5,159.49333885459012,4.854698191780822,99.04058322276596,46
4063,5.7,106.92199389571088,30.0991287890411,99.53078138092005,21
4064,6.2,142.97609432066915,4.854698191780822,101.71598921133454,17
4065,7.1,142.97609432066915,4.854698191780822,103.85039811893007,12
4066,7.5,142.97609432066915,4.854698191780822,104.40504539811616,20
4067,7.7,142.97609432066915,42.721344087671234,104.170160167502,15
4068,7.5,247.27085931973727,4.854698191780822,104.487408335377,13
4069,7.1,194.699514360858,4.854698191780822,103.33363942427825,12
4070,6.9,142.97609432066915,4.854698191780822,101.86796530829076,14
4071,6.7,55.19857385552203,4.854698191780822,101.07690076652604,13
4072,5.9,55.19857385552203,4.854698191780822,100.05461972805348,18
4073,6.3,55.19857385552203,4.854698191780822,99.7518377306246,32
4074,6.1,55.19857385552203,67.96577468493152,98.13071740064626,55
4075,6.1,55.19857385552203,4.854698191780822,97.64835723931895,44
4076,6.8,106.92199389571088,4.854698191780822,96.23431046214137,50
4077,6.7,106.92199389571088,4.854698191780822,95.09121213374108,36
4078,8.1,55.19857385552203,4.854698191780822,94.29949157639656,11
4079,8.2,21.904727066198586,4.854698191780822,93.9732694053418,16
4080,8.1,21.904727066198586,4.854698191780822,94.06874286833047,21
4081,8.0,21.904727066198586,4.854698191780822,93.19951666771868,18
4082,8.9,21.904727066198586,4.854698191780822,92.22103246164647,21
4083,9.2,21.904727066198586,4.854698191780822,90.78498874511853,22
4084,8.9,34.80523813220465,4.854698191780822,90.4421959587955,30
4085,8.6,34.80523813220465,4.854698191780822,92.48636551371143,54
4086,7.9,159.49333885459012,4.854698191780822,94.5263662889597,45
4087,7.3,106.92199389571088,30.0991287890411,96.5165180954412,25
4088,6.9,142.97609432066915,4.854698191780822,97.91752900943769,15
4089,7.2,142.97609432066915,4.854698191780822,99.45448411110188,18
4090,6.9,142.97609432066915,4.854698191780822,101.11842196182506,10
4091,6.9,142.97609432066915,42.721344087671234,102.47138547322898,7
4092,6.7,247.27085931973727,4.854698191780822,102.67516771250484,10
4093,6.6,194.699514360858,4.854698191780822,102.53137924572488,15
4094,6.7,142.97609432066915,4.854698191780822,103.15905519408253,18
4095,6.5,55.19857385552203,4.854698191780822,104.14037995969646,28
4096,6.4,55.19857385552203,4.854698191780822,103.87480636858557,25
4097,6.6,55.19857385552203,4.854698191780822,102.89596552199929,36
4098,7.2,55.19857385552203,67.96577468493152,102.59259842632864,57
4099,6.5,55.19857385552203,4.854698191780822,101.59902900306432,41
4100,7.0,106.92199389571088,4.854698191780822,100.5743686697799,35
4101,7.6,106.92199389571088,4.854698191780822,99.7836707960234,41
4102,8.1,55.19857385552203,4.854698191780822,97.28804907864225,35
4103,8.1,21.904727066198586,4.854698191780822,93.41781219458176,28
4104,7.7,21.904727066198586,4.854698191780822,92.32028459853728,23
4105,7.3,21.904727066198586,4.854698191780822,92.3792352700174,25
4106,7.5,21.904727066198586,4.854698191780822,89.25740560525647,26
4107,7.3,21.904727066198586,4.854698191780822,79.32714216678302,31
4108,8.3,34.80523813220465,4.854698191780822,93.38379651823188,32
4109,7.9,34.80523813220465,4.854698191780822,101.4299602570792,49
4110,8.5,159.49333885459012,4.854698191780822,110.5284895706108,58
4111,8.0,106.92199389571088,30.0991287890411,114.58814086543136,34
4112,7.4,142.97609432066915,4.854698191780822,115.57091671817766,37
4113,7.0,142.97609432066915,4.854698191780822,116.55904459489894,30
4114,6.9,142.97609432066915,4.854698191780822,115.80650145711722,16
4115,7.0,142.97609432066915,42.721344087671234,115.71268639668172,11
4116,7.0,247.27085931973727,4.854698191780822,114.66080697424292,18
4117,6.6,194.699514360858,4.854698191780822,114.91655942013996,10
4118,7.4,142.97609432066915,4.854698191780822,114.78273550382124,10
4119,7.1,55.19857385552203,4.854698191780822,109.94966878178242,19
4120,6.6,55.19857385552203,4.854698191780822,108.75060809596572,30
4121,6.4,55.19857385552203,4.854698191780822,107.43665298648256,29
4122,6.3,55.19857385552203,67.96577468493152,105.98376984535577,33
4123,6.4,55.19857385552203,4.854698191780822,105.15283779913108,28
4124,6.7,106.92199389571088,4.854698191780822,103.6081737291188,36
4125,6.5,106.92199389571088,4.854698191780822,102.7197489848978,34
4126,6.9,55.19857385552203,4.854698191780822,101.3022665224425,32
4127,7.0,21.904727066198586,4.854698191780822,93.7995475396412,32
4128,7.5,21.904727066198586,4.854698191780822,97.45963677947788,34
4129,7.0,21.904727066198586,4.854698191780822,97.96678176514985,38
4130,7.2,21.904727066198586,4.854698191780822,95.7572431263297,37
4131,7.1,21.904727066198586,4.854698191780822,96.49736896442354,38
4132,7.6,34.80523813220465,4.854698191780822,101.20248848576924,37
4133,6.6,34.80523813220465,4.854698191780822,108.7953889517358,38
4134,7.6,139.10000313127276,4.854698191780822,117.4192259958062,49
4135,7.3,86.52865817239348,30.0991287890411,118.53209553705516,65
4136,6.8,34.80523813220465,4.854698191780822,118.45723993094114,60
4137,6.5,34.80523813220465,4.854698191780822,120.44046491361668,63
4138,6.6,34.80523813220465,4.854698191780822,120.6270264418904,40
4139,6.8,34.80523813220465,42.721344087671234,119.56595108245604,40
4140,6.8,139.10000313127276,4.854698191780822,119.08790721369202,23
4141,6.1,86.52865817239348,4.854698191780822,119.33106935542416,19
4142,6.4,34.80523813220465,4.854698191780822,116.58559413739714,9
4143,6.7,34.80523813220465,4.854698191780822,112.63028979217728,12
4144,6.4,34.80523813220465,4.854698191780822,109.7236756430104,15
4145,6.6,34.80523813220465,4.854698191780822,106.34001336732788,18
4146,6.1,34.80523813220465,67.96577468493152,104.44121734814335,12
4147,6.5,34.80523813220465,4.854698191780822,103.11608593198072,13
4148,6.6,86.52865817239348,4.854698191780822,101.83466979932044,34
4149,6.7,86.52865817239348,4.854698191780822,100.3371377304186,38
4150,7.2,34.80523813220465,4.854698191780822,99.05645191344522,34
4151,7.0,21.904727066198586,4.854698191780822,97.09513120640923,29
4152,7.4,21.904727066198586,4.854698191780822,95.81991460219764,27
4153,7.5,21.904727066198586,4.854698191780822,94.74469008610744,30
4154,7.8,21.904727066198586,4.854698191780822,93.70039616094442,33
4155,7.8,21.904727066198586,4.854698191780822,93.7313609420022,35
4156,8.0,21.904727066198586,4.854698191780822,97.65015928874584,27
4157,7.9,21.904727066198586,4.854698191780822,106.8804137519936,24
4158,8.2,126.1994920652667,4.854698191780822,115.39268646695392,24
4159,7.6,73.62814710638742,30.0991287890411,117.09470777387432,26
4160,7.1,21.904727066198586,4.854698191780822,116.6679413689443,21
4161,6.7,21.904727066198586,4.854698191780822,119.19170385924748,22
4162,6.8,21.904727066198586,4.854698191780822,119.6159401945142,24
4163,6.6,21.904727066198586,42.721344087671234,119.28094964431595,14
4164,6.5,126.1994920652667,4.854698191780822,119.47972248580176,21
4165,6.3,73.62814710638742,4.854698191780822,121.7516542469179,11
4166,6.5,21.904727066198586,4.854698191780822,118.59845459368584,25
4167,6.9,21.904727066198586,4.854698191780822,113.42050622540238,21
4168,6.5,21.904727066198586,4.854698191780822,111.31745147975111,14
4169,6.2,21.904727066198586,4.854698191780822,108.2482851268381,26
4170,6.0,21.904727066198586,67.96577468493152,107.85138301568846,11
4171,5.7,21.904727066198586,4.854698191780822,109.59251203296547,12
4172,5.7,73.62814710638742,4.854698191780822,105.89391697404628,22
4173,5.7,73.62814710638742,4.854698191780822,102.11021833082626,40
4174,5.9,21.904727066198586,4.854698191780822,100.94344279333646,38
4175,5.6,21.904727066198586,4.854698191780822,100.29877253788028,29
4176,5.4,21.904727066198586,4.854698191780822,99.06383082017928,35
4177,5.4,21.904727066198586,4.854698191780822,96.8776970775358,37
4178,5.3,21.904727066198586,4.854698191780822,97.08757530836311,36
4179,5.6,21.904727066198586,4.854698191780822,98.07290454771687,39
4180,5.4,34.80523813220465,4.854698191780822,101.5634536285312,35
4181,5.0,34.80523813220465,4.854698191780822,107.80468823748473,22
4182,4.7,159.49333885459012,4.854698191780822,114.509143904242,18
4183,4.8,106.92199389571088,30.0991287890411,117.83349053182076,15
4184,5.2,142.97609432066915,4.854698191780822,119.15945954577616,14
4185,5.8,142.97609432066915,4.854698191780822,119.60854534044005,22
4186,6.1,142.97609432066915,4.854698191780822,118.57017029470327,23
4187,6.5,142.97609432066915,42.721344087671234,117.68621467172112,15
4188,6.3,247.27085931973727,4.854698191780822,115.9117772184633,15
4189,6.1,194.699514360858,4.854698191780822,114.8446439236299,12
4190,5.7,142.97609432066915,4.854698191780822,113.16608888598272,32
4191,5.6,55.19857385552203,4.854698191780822,109.75858461203006,26
4192,5.3,55.19857385552203,4.854698191780822,106.56953980842884,28
4193,5.4,55.19857385552203,4.854698191780822,104.24835118395237,23
4194,4.8,55.19857385552203,67.96577468493152,99.6321092090956,36
4195,4.6,55.19857385552203,4.854698191780822,97.5508147297706,25
4196,4.8,106.92199389571088,4.854698191780822,95.9758276383248,18
4197,5.0,106.92199389571088,4.854698191780822,94.85941802920868,35
4198,4.9,55.19857385552203,4.854698191780822,94.55710502855342,46
4199,4.8,21.904727066198586,4.854698191780822,96.08877503674562,28
4200,4.8,21.904727066198586,4.854698191780822,94.82588729697248,27
4201,4.6,21.904727066198586,4.854698191780822,92.19123811869862,25
4202,4.7,21.904727066198586,4.854698191780822,90.34218873951544,30
4203,4.8,21.904727066198586,4.854698191780822,91.09342081264306,25
4204,4.7,34.80523813220465,4.854698191780822,91.72450514249915,35
4205,4.4,34.80523813220465,4.854698191780822,94.50477057018767,55
4206,4.6,159.49333885459012,4.854698191780822,97.07764712266976,40
4207,4.5,106.92199389571088,30.0991287890411,99.084821868974,19
4208,4.8,142.97609432066915,4.854698191780822,99.91694078390138,13
4209,5.4,142.97609432066915,4.854698191780822,99.93228369561132,13
4210,5.2,142.97609432066915,4.854698191780822,99.1763372504848,11
4211,5.3,142.97609432066915,42.721344087671234,99.99731429048964,10
4212,5.7,247.27085931973727,4.854698191780822,100.37519037925436,11
4213,5.5,194.699514360858,4.854698191780822,97.96451772611393,14
4214,5.5,142.97609432066915,4.854698191780822,96.41549181696864,16
4215,5.9,55.19857385552203,4.854698191780822,95.2537227777525,20
4216,5.3,55.19857385552203,4.854698191780822,93.61463076203104,19
4217,5.3,55.19857385552203,4.854698191780822,90.8105259939624,29
4218,5.1,55.19857385552203,67.96577468493152,90.08427736205108,28
4219,5.8,55.19857385552203,4.854698191780822,89.43521192302359,26
4220,5.3,106.92199389571088,4.854698191780822,88.19197879662275,24
4221,5.1,106.92199389571088,4.854698191780822,88.22398716194907,17
4222,5.1,55.19857385552203,4.854698191780822,87.95812869335435,18
4223,5.1,21.904727066198586,4.854698191780822,89.33483984793304,12
4224,4.9,21.904727066198586,4.854698191780822,87.25021781112852,25
4225,4.9,21.904727066198586,4.854698191780822,88.42318925267152,13
4226,5.0,21.904727066198586,4.854698191780822,89.3963631153166,13
4227,5.2,21.904727066198586,4.854698191780822,88.92941110481766,12
4228,5.1,34.80523813220465,4.854698191780822,88.71060441738035,11
4229,4.5,34.80523813220465,4.854698191780822,90.36639233164014,34
4230,4.3,159.49333885459012,4.854698191780822,92.26322537823896,41
4231,4.5,106.92199389571088,30.0991287890411,93.22519865075492,21
4232,4.8,142.97609432066915,4.854698191780822,94.80667389334184,21
4233,4.9,142.97609432066915,4.854698191780822,95.39892596689694,13
4234,5.7,142.97609432066915,4.854698191780822,96.056902344623,22
4235,5.8,142.97609432066915,42.721344087671234,96.14898832679371,9
4236,5.6,247.27085931973727,4.854698191780822,96.43111356550328,16
4237,5.5,194.699514360858,4.854698191780822,96.88514218989376,8
4238,5.0,142.97609432066915,4.854698191780822,96.21078064513422,12
4239,5.1,55.19857385552203,4.854698191780822,95.26494499344126,20
4240,4.9,55.19857385552203,4.854698191780822,94.77224008256808,41
4241,5.0,55.19857385552203,4.854698191780822,96.71729099915966,27
4242,5.4,55.19857385552203,67.96577468493152,96.73067577081122,28
4243,5.8,55.19857385552203,4.854698191780822,96.19737207328576,19
4244,6.8,106.92199389571088,4.854698191780822,94.8299483112816,24
4245,5.5,106.92199389571088,4.854698191780822,91.91442056552616,25
4246,6.2,55.19857385552203,4.854698191780822,93.80318800326285,34
4247,6.1,21.904727066198586,4.854698191780822,93.72484584952142,27
4248,5.5,21.904727066198586,4.854698191780822,91.57177215095597,23
4249,5.3,21.904727066198586,4.854698191780822,88.98949524557392,22
4250,5.0,21.904727066198586,4.854698191780822,88.96482628107108,24
4251,4.4,21.904727066198586,4.854698191780822,88.92191235140677,22
4252,4.5,34.80523813220465,4.854698191780822,89.96155206953564,24
4253,4.5,34.80523813220465,4.854698191780822,90.05684419193769,38
4254,4.4,159.49333885459012,4.854698191780822,91.4080733092968,37
4255,5.1,106.92199389571088,30.0991287890411,93.66045846402557,39
4256,5.8,142.97609432066915,4.854698191780822,93.99921826469772,17
4257,5.2,142.97609432066915,4.854698191780822,95.53265673625214,22
4258,5.6,142.97609432066915,4.854698191780822,96.4138706248756,14
4259,5.5,142.97609432066915,42.721344087671234,96.82396070300288,10
4260,5.3,247.27085931973727,4.854698191780822,97.64701005152337,17
4261,5.3,194.699514360858,4.854698191780822,97.5668321414772,9
4262,5.2,142.97609432066915,4.854698191780822,97.691650764002,18
4263,5.3,55.19857385552203,4.854698191780822,96.74620703027234,12
4264,5.7,55.19857385552203,4.854698191780822,97.3887365969517,21
4265,5.6,55.19857385552203,4.854698191780822,96.9293984748264,30
4266,5.5,55.19857385552203,67.96577468493152,96.67478010227144,30
4267,5.5,55.19857385552203,4.854698191780822,96.32489908573088,15
4268,5.9,106.92199389571088,4.854698191780822,95.4539752182817,18
4269,5.7,106.92199389571088,4.854698191780822,94.68578629014203,20
4270,6.1,55.19857385552203,4.854698191780822,97.21656621413791,17
4271,5.2,21.904727066198586,4.854698191780822,95.9259807233822,6
4272,4.3,21.904727066198586,4.854698191780822,94.69534333773946,5
4273,4.3,21.904727066198586,4.854698191780822,92.82551831966558,4
4274,4.3,21.904727066198586,4.854698191780822,92.36332344903208,4
4275,4.7,21.904727066198586,4.854698191780822,92.9432020780845,5
4276,4.8,34.80523813220465,4.854698191780822,96.081849783511,10
4277,4.2,34.80523813220465,4.854698191780822,106.045018504376,28
4278,4.4,159.49333885459012,4.854698191780822,112.71227941670487,36
4279,5.1,106.92199389571088,30.0991287890411,116.28550663637265,30
4280,4.8,142.97609432066915,4.854698191780822,118.3373849180103,13
4281,4.5,142.97609432066915,4.854698191780822,110.13494280397262,15
4282,4.8,142.97609432066915,4.854698191780822,114.69514679236086,14
4283,4.7,142.97609432066915,42.721344087671234,117.1801835835898,14
4284,4.7,247.27085931973727,4.854698191780822,117.09882532875278,13
4285,5.0,194.699514360858,4.854698191780822,117.03770352357394,8
4286,6.0,142.97609432066915,4.854698191780822,115.9454594504301,12
4287,5.7,55.19857385552203,4.854698191780822,112.82668200990628,10
4288,5.6,55.19857385552203,4.854698191780822,110.37517353464992,24
4289,5.8,55.19857385552203,4.854698191780822,107.30509782091389,35
4290,5.9,55.19857385552203,67.96577468493152,105.9584307301308,38
4291,5.7,55.19857385552203,4.854698191780822,103.2241691500566,28
4292,5.5,106.92199389571088,4.854698191780822,101.6434919993518,34
4293,5.7,106.92199389571088,4.854698191780822,99.8921078759102,21
4294,6.5,55.19857385552203,4.854698191780822,98.25563521079371,13
4295,5.7,21.904727066198586,4.854698191780822,97.6026700430554,17
4296,5.7,21.904727066198586,4.854698191780822,95.56780660675726,13
4297,5.8,21.904727066198586,4.854698191780822,95.03384447738836,15
4298,5.5,21.904727066198586,4.854698191780822,95.08193609760563,20
4299,5.6,21.904727066198586,4.854698191780822,95.65181175760485,21
4300,6.1,34.80523813220465,4.854698191780822,98.78102020828668,24
4301,5.6,34.80523813220465,4.854698191780822,107.56748472271578,43
4302,5.3,139.10000313127276,4.854698191780822,115.52835314674196,50
4303,5.9,86.52865817239348,30.0991287890411,118.6077806464787,34
4304,5.7,34.80523813220465,4.854698191780822,118.81933528102331,19
4305,5.2,34.80523813220465,4.854698191780822,118.19485762004015,27
4306,5.3,34.80523813220465,4.854698191780822,117.2502497927187,10
4307,5.4,34.80523813220465,42.721344087671234,116.55542080349647,14
4308,5.5,139.10000313127276,4.854698191780822,117.06446726784432,10
4309,5.6,86.52865817239348,4.854698191780822,117.57288973210568,12
4310,6.7,34.80523813220465,4.854698191780822,117.25913173625354,13
4311,6.2,34.80523813220465,4.854698191780822,114.37698189405872,11
4312,5.8,34.80523813220465,4.854698191780822,111.09448495282156,30
4313,5.7,34.80523813220465,4.854698191780822,107.98822013358642,23
4314,5.4,34.80523813220465,67.96577468493152,107.87820897874772,20
4315,5.4,34.80523813220465,4.854698191780822,107.0138951629406,29
4316,5.3,86.52865817239348,4.854698191780822,106.60912666386636,18
4317,5.5,86.52865817239348,4.854698191780822,104.06295828159082,34
4318,5.9,34.80523813220465,4.854698191780822,103.79719416809148,37
4319,5.8,21.904727066198586,4.854698191780822,101.69247280459066,27
4320,5.9,21.904727066198586,4.854698191780822,99.27594494057104,20
4321,5.9,21.904727066198586,4.854698191780822,98.72922928842802,21
4322,5.6,21.904727066198586,4.854698191780822,98.43607453105544,26
4323,5.6,21.904727066198586,4.854698191780822,98.39579734909437,27
4324,5.9,21.904727066198586,4.854698191780822,101.91128601593982,27
4325,5.0,21.904727066198586,4.854698191780822,110.26655813450608,23
4326,5.1,126.1994920652667,4.854698191780822,116.10390835525332,24
4327,5.6,73.62814710638742,30.0991287890411,117.93087006438624,27
4328,5.2,21.904727066198586,4.854698191780822,119.2793650586172,35
4329,5.0,21.904727066198586,4.854698191780822,120.3676346196904,43
4330,5.3,21.904727066198586,4.854698191780822,119.1244762766494,27
4331,5.6,21.904727066198586,42.721344087671234,118.75350671507606,21
4332,6.2,126.1994920652667,4.854698191780822,118.39548566875308,31
4333,5.8,73.62814710638742,4.854698191780822,118.72534757855036,19
4334,6.1,21.904727066198586,4.854698191780822,117.3739107833309,13
4335,6.2,21.904727066198586,4.854698191780822,115.09584690752185,16
4336,6.4,21.904727066198586,4.854698191780822,113.9099397569258,26
4337,5.8,21.904727066198586,4.854698191780822,111.69333209718413,33
4338,5.8,21.904727066198586,67.96577468493152,110.50729760949396,25
4339,5.8,21.904727066198586,4.854698191780822,108.51987895963516,16
4340,5.7,73.62814710638742,4.854698191780822,106.3796907118389,25
4341,5.4,73.62814710638742,4.854698191780822,104.53800344635748,40
4342,5.2,21.904727066198586,4.854698191780822,104.3690359418191,29
4343,5.1,21.904727066198586,4.854698191780822,102.8287129310725,28
4344,5.5,21.904727066198586,4.854698191780822,102.34726055999684,29
4345,5.5,21.904727066198586,4.854698191780822,100.09244222777696,32
4346,5.8,21.904727066198586,4.854698191780822,99.36277736151035,33
4347,5.6,21.904727066198586,4.854698191780822,100.11295195685346,34
4348,5.4,34.80523813220465,4.854698191780822,102.9056896542278,34
4349,4.9,34.80523813220465,4.854698191780822,110.6237670746178,28
4350,5.0,159.49333885459012,4.854698191780822,116.96087491738012,22
4351,6.2,106.92199389571088,30.0991287890411,119.72870733966708,23
4352,5.4,142.97609432066915,4.854698191780822,119.4319117562333,30
4353,5.6,142.97609432066915,4.854698191780822,114.28690261884566,35
4354,6.5,142.97609432066915,4.854698191780822,120.14051948889454,41
4355,6.6,142.97609432066915,42.721344087671234,121.18395201606788,24
4356,6.2,247.27085931973727,4.854698191780822,120.72314746353608,21
4357,5.6,194.699514360858,4.854698191780822,119.8370710859522,23
4358,5.4,142.97609432066915,4.854698191780822,119.78458959794362,10
4359,5.6,55.19857385552203,4.854698191780822,115.4517476824958,19
4360,5.3,55.19857385552203,4.854698191780822,111.17891826558711,27
4361,5.2,55.19857385552203,4.854698191780822,108.2069574742571,28
4362,5.6,55.19857385552203,67.96577468493152,107.18243233092367,25
4363,6.2,55.19857385552203,4.854698191780822,105.17745179363598,20
4364,5.6,106.92199389571088,4.854698191780822,103.61168335206403,22
4365,5.1,106.92199389571088,4.854698191780822,103.0931375888199,16
4366,4.6,55.19857385552203,4.854698191780822,102.04691790153136,30
4367,4.5,21.904727066198586,4.854698191780822,100.33696762545796,24
4368,4.7,21.904727066198586,4.854698191780822,98.59948583734077,25
4369,4.9,21.904727066198586,4.905998548601684,97.52466580378484,26
4370,5.0,21.904727066198586,5.338174663447239,95.92137520406052,29
4371,4.5,21.904727066198586,4.905998548601684,96.8436386333194,29
4372,4.4,34.80523813220465,4.854698191780822,99.60062034045308,38
4373,4.4,34.80523813220465,4.854698191780822,107.3547735435772,37
4374,4.5,159.49333885459012,4.854698191780822,114.94385196370918,50
4375,4.9,106.92199389571088,30.0991287890411,118.25881309840938,25
4376,5.3,142.97609432066915,4.854698191780822,109.00807995507296,24
4377,5.7,142.97609432066915,4.854698191780822,117.88018035668404,16
4378,5.7,142.97609432066915,4.854698191780822,116.86590766162522,35
4379,6.1,142.97609432066915,42.721344087671234,115.97338469263492,10
4380,5.8,247.27085931973727,4.854698191780822,114.5904798086403,13
4381,5.8,194.699514360858,4.854698191780822,112.21627872221912,13
4382,6.1,142.97609432066915,4.854698191780822,109.2449595697002,18
4383,6.6,55.19857385552203,4.854698191780822,106.24310742243694,13
4384,6.0,55.19857385552203,4.854698191780822,103.58354451215294,21
4385,5.1,55.19857385552203,4.854698191780822,101.39261303641476,17
4386,4.9,55.19857385552203,67.96577468493152,100.09963459895762,18
4387,5.0,55.19857385552203,4.854698191780822,98.05191857307584,16
4388,4.9,106.92199389571088,4.854698191780822,96.22272665259804,16
4389,5.0,106.92199389571088,4.854698191780822,94.53044373386162,20
4390,5.2,55.19857385552203,4.854698191780822,93.15739442683784,8
4391,5.0,21.904727066198586,4.854698191780822,91.75443612515618,5
4392,5.1,21.904727066198586,4.854698191780822,91.13162399470392,5
4393,5.3,21.904727066198586,4.854698191780822,90.72339576852876,23
4394,5.3,21.904727066198586,5.338174663447239,90.25766977020362,18
4395,5.8,21.904727066198586,4.854698191780822,90.90386819160244,17
4396,6.2,34.80523813220465,4.854698191780822,90.05435109110817,30
4397,5.4,34.80523813220465,4.854698191780822,92.8093867395017,22
4398,4.4,159.49333885459012,4.854698191780822,96.79084435998188,31
4399,4.4,106.92199389571088,30.0991287890411,98.21017236460968,20
4400,4.7,142.97609432066915,4.854698191780822,99.07839448686354,15
4401,5.5,142.97609432066915,4.854698191780822,99.45668170288756,13
4402,5.6,142.97609432066915,4.854698191780822,100.19120772916956,22
4403,5.5,142.97609432066915,42.721344087671234,99.3149439190636,16
4404,5.4,247.27085931973727,4.854698191780822,98.68415304442726,20
4405,5.5,194.699514360858,4.854698191780822,98.04543199250608,16
4406,5.3,142.97609432066915,4.854698191780822,97.60528093673769,19
4407,5.4,55.19857385552203,4.854698191780822,97.27064122802078,10
4408,5.9,55.19857385552203,4.854698191780822,97.2286726615078,11
4409,5.6,55.19857385552203,4.854698191780822,94.75114344305209,16
4410,5.5,55.19857385552203,67.96577468493152,93.49608814269928,18
4411,5.8,55.19857385552203,4.854698191780822,92.58306063959932,13
4412,6.0,106.92199389571088,4.854698191780822,92.57895480359954,12
4413,6.5,106.92199389571088,4.854698191780822,91.46991721486611,16
4414,5.6,55.19857385552203,4.854698191780822,91.85007836416048,15
4415,5.9,21.904727066198586,4.854698191780822,90.86726614664632,5
4416,6.0,21.904727066198586,4.854698191780822,91.3761972344051,9
4417,6.2,21.904727066198586,5.338174663447239,90.05705235305075,22
4418,6.5,21.904727066198586,5.770350778292794,89.7605806697587,5
4419,6.6,21.904727066198586,5.338174663447239,87.79709450724356,11
4420,6.4,34.80523813220465,4.854698191780822,89.54531030497989,18
4421,6.2,34.80523813220465,4.854698191780822,94.05291175055092,29
4422,6.6,159.49333885459012,4.854698191780822,93.29599626288932,46
4423,6.0,106.92199389571088,30.0991287890411,97.49131157960794,21
4424,6.4,142.97609432066915,4.854698191780822,96.0756320122718,21
4425,6.7,142.97609432066915,4.854698191780822,97.72167924289712,23
4426,5.8,142.97609432066915,4.854698191780822,98.066627336392,12
4427,6.3,142.97609432066915,42.721344087671234,98.32598460602188,12
4428,6.2,247.27085931973727,4.854698191780822,97.72184427370412,9
4429,5.7,194.699514360858,4.854698191780822,96.6416174878016,13
4430,5.4,142.97609432066915,4.854698191780822,97.30474074871915,6
4431,5.2,55.19857385552203,4.854698191780822,96.83385457775248,8
4432,5.6,55.19857385552203,4.854698191780822,96.5744979121885,20
4433,5.4,55.19857385552203,4.854698191780822,96.69774318464049,17
4434,5.2,55.19857385552203,67.96577468493152,96.07637730879328,18
4435,5.5,55.19857385552203,4.854698191780822,96.4925505722747,13
4436,5.7,106.92199389571088,4.854698191780822,94.89576539997655,25
4437,5.9,106.92199389571088,4.854698191780822,93.71973146507598,10
4438,5.7,55.19857385552203,4.854698191780822,92.4114392318858,10
4439,5.2,21.904727066198586,4.854698191780822,92.4839169929462,17
4440,6.4,21.904727066198586,4.854698191780822,92.37789786808956,22
4441,5.9,21.904727066198586,4.854698191780822,91.60319662617232,17
4442,6.6,21.904727066198586,4.854698191780822,89.7706457367876,13
4443,6.8,21.904727066198586,4.854698191780822,90.56600760344598,20
4444,7.2,34.80523813220465,4.854698191780822,92.66110885486825,17
4445,6.2,34.80523813220465,4.854698191780822,100.94224444738144,23
4446,5.7,159.49333885459012,4.854698191780822,109.3983954523379,31
4447,6.5,106.92199389571088,30.0991287890411,112.72102568703602,23
4448,5.8,142.97609432066915,4.854698191780822,113.97194929736804,18
4449,5.8,142.97609432066915,4.854698191780822,113.76392917328415,15
4450,6.1,142.97609432066915,4.854698191780822,113.37143795141957,13
4451,5.9,142.97609432066915,42.721344087671234,114.14315667830589,14
4452,6.2,247.27085931973727,4.854698191780822,113.9066562962578,8
4453,5.7,194.699514360858,4.854698191780822,113.52860756545562,10
4454,5.6,142.97609432066915,4.854698191780822,111.687469637514,6
4455,5.9,55.19857385552203,4.854698191780822,107.08807590661836,15
4456,6.0,55.19857385552203,4.854698191780822,108.75072564719208,12
4457,5.8,55.19857385552203,4.854698191780822,106.89708887066456,26
4458,5.7,55.19857385552203,67.96577468493152,101.99944001228006,17
4459,5.7,55.19857385552203,4.854698191780822,100.23321761379088,14
4460,5.9,106.92199389571088,4.854698191780822,100.43771917475402,13
4461,6.0,106.92199389571088,4.854698191780822,98.75694347000338,12
4462,6.2,55.19857385552203,4.854698191780822,98.08512081426944,18
4463,6.0,21.904727066198586,4.854698191780822,95.13472094751492,7
4464,6.4,21.904727066198586,4.854698191780822,93.3379943078188,9
4465,7.4,21.904727066198586,4.854698191780822,89.28611504582744,21
4466,7.1,21.904727066198586,4.854698191780822,91.10075803882926,20
4467,6.7,21.904727066198586,4.854698191780822,93.48208154559852,13
4468,7.4,34.80523813220465,4.854698191780822,93.38683605708484,14
4469,6.7,34.80523813220465,4.854698191780822,99.23192327483842,21
4470,6.5,139.10000313127276,4.854698191780822,105.59249617874217,26
4471,7.1,86.52865817239348,30.0991287890411,108.6880770050156,27
4472,6.1,34.80523813220465,4.854698191780822,109.35706272560324,18
4473,5.9,34.80523813220465,4.854698191780822,109.99019169775626,13
4474,5.9,34.80523813220465,4.854698191780822,110.47187143924096,9
4475,5.7,34.80523813220465,42.721344087671234,111.05594663499303,15
4476,5.9,139.10000313127276,4.854698191780822,110.5197246950496,16
4477,5.4,86.52865817239348,4.854698191780822,110.86194373956997,8
4478,5.7,34.80523813220465,4.854698191780822,108.90683862913592,12
4479,5.6,34.80523813220465,4.854698191780822,106.57163410494366,12
4480,5.5,34.80523813220465,4.854698191780822,105.20880740533843,15
4481,5.2,34.80523813220465,4.854698191780822,102.9705029061912,13
4482,5.1,34.80523813220465,67.96577468493152,102.40491732229472,20
4483,5.0,34.80523813220465,4.854698191780822,100.00507351712152,11
4484,5.2,86.52865817239348,4.854698191780822,98.9005167685057,17
4485,5.1,86.52865817239348,4.854698191780822,98.68139874549765,10
4486,5.2,34.80523813220465,4.854698191780822,98.70938052827177,7
4487,5.1,21.904727066198586,4.854698191780822,97.00559486563736,10
4488,5.6,21.904727066198586,4.854698191780822,94.88558471473225,5
4489,6.3,21.904727066198586,4.854698191780822,92.95713522077044,4
4490,6.8,21.904727066198586,4.854698191780822,89.24784855765905,5
4491,7.6,21.904727066198586,4.854698191780822,90.45687451881608,4
4492,6.8,21.904727066198586,4.854698191780822,93.99563808685406,4
4493,5.8,21.904727066198586,4.854698191780822,101.11983958370593,11
4494,5.7,126.1994920652667,4.854698191780822,108.01906929642875,9
4495,6.3,73.62814710638742,30.0991287890411,112.2973291450677,16
4496,6.1,21.904727066198586,4.854698191780822,115.4101235543655,13
4497,6.1,21.904727066198586,4.854698191780822,115.58501791200014,18
4498,6.1,21.904727066198586,4.854698191780822,115.61267337836892,16
4499,5.8,21.904727066198586,42.721344087671234,116.0317380637418,18
4500,5.6,126.1994920652667,4.854698191780822,116.01196662402224,10
4501,5.5,73.62814710638742,4.854698191780822,114.68770542521156,21
4502,5.3,21.904727066198586,4.854698191780822,113.04304319690787,11
4503,5.8,21.904727066198586,4.854698191780822,109.45236185516988,10
4504,6.6,21.904727066198586,4.854698191780822,106.770880534104,4
4505,6.4,21.904727066198586,4.854698191780822,104.60529083148076,13
4506,6.1,21.904727066198586,67.96577468493152,102.82853026154088,16
4507,6.0,21.904727066198586,4.854698191780822,104.58501161395608,20
4508,7.0,73.62814710638742,4.854698191780822,106.3656395346739,22
4509,7.5,73.62814710638742,4.854698191780822,106.95198191060464,7
4510,6.7,21.904727066198586,4.854698191780822,102.91142042752922,7
4511,6.7,21.904727066198586,4.854698191780822,101.95814461681874,7
4512,7.4,21.904727066198586,4.854698191780822,100.94102230122948,17
4513,7.3,21.904727066198586,4.854698191780822,97.8372211044074,19
4514,7.4,21.904727066198586,4.854698191780822,95.1100417138916,15
4515,7.8,21.904727066198586,4.854698191780822,91.00751104197684,11
4516,7.3,34.80523813220465,4.854698191780822,92.91543715497257,12
4517,6.6,34.80523813220465,4.854698191780822,100.81748079485456,9
4518,7.3,159.49333885459012,4.854698191780822,108.64542439426457,6
4519,7.6,106.92199389571088,30.0991287890411,110.01324091992429,11
4520,6.4,142.97609432066915,4.854698191780822,110.57870967747348,21
4521,6.2,142.97609432066915,4.854698191780822,113.24245514012796,17
4522,6.2,142.97609432066915,4.854698191780822,114.64581043392658,20
4523,6.4,142.97609432066915,42.721344087671234,114.87796456174212,16
4524,6.1,247.27085931973727,4.854698191780822,113.0858876589924,16
4525,5.6,194.699514360858,4.854698191780822,113.46714023457548,11
4526,5.3,142.97609432066915,4.854698191780822,112.13715551125428,6
4527,5.1,55.19857385552203,4.854698191780822,109.68667636431094,8
4528,4.9,55.19857385552203,4.854698191780822,106.68377314236186,14
4529,4.6,55.19857385552203,4.854698191780822,104.92860104240305,20
4530,4.6,55.19857385552203,67.96577468493152,104.53308042999276,28
4531,4.7,55.19857385552203,4.854698191780822,101.64740972922678,28
4532,4.8,106.92199389571088,4.854698191780822,99.76121984073404,21
4533,5.2,106.92199389571088,4.854698191780822,97.68976052095206,8
4534,4.7,55.19857385552203,4.854698191780822,96.78672922136708,12
4535,4.7,21.904727066198586,4.854698191780822,95.87126213767732,10
4536,4.6,21.904727066198586,4.854698191780822,94.97443217873878,20
4537,4.2,21.904727066198586,4.854698191780822,94.09249341102162,18
4538,4.5,21.904727066198586,4.854698191780822,93.26857336189644,17
4539,4.7,21.904727066198586,4.854698191780822,94.61428240414402,17
4540,4.6,34.80523813220465,4.854698191780822,97.34846207288064,16
4541,4.4,34.80523813220465,4.854698191780822,104.4376609704966,11
4542,4.7,159.49333885459012,4.854698191780822,110.67084023970844,20
4543,5.1,106.92199389571088,30.0991287890411,113.58882858754738,25
4544,5.1,142.97609432066915,4.854698191780822,114.4608008717924,17
4545,5.1,142.97609432066915,4.854698191780822,113.98132814552156,22
4546,5.2,142.97609432066915,4.854698191780822,113.97810907827974,20
4547,5.4,142.97609432066915,42.721344087671234,112.88903103539072,17
4548,5.9,247.27085931973727,4.854698191780822,112.91852310375651,21
4549,5.5,194.699514360858,4.854698191780822,111.19127600437614,14
4550,5.0,142.97609432066915,4.854698191780822,109.11894936675856,12
4551,5.1,55.19857385552203,4.854698191780822,107.0926136497448,23
4552,4.8,55.19857385552203,4.854698191780822,105.22694774628408,12
4553,4.9,55.19857385552203,4.854698191780822,103.7299488259556,18
4554,4.7,55.19857385552203,67.96577468493152,103.62208826657466,22
4555,4.4,55.19857385552203,4.854698191780822,101.0716044374281,12
4556,4.4,106.92199389571088,4.854698191780822,99.15710850358,18
4557,4.3,106.92199389571088,4.854698191780822,97.768315789147,15
4558,4.4,55.19857385552203,4.854698191780822,96.86355492804454,12
4559,4.5,21.904727066198586,4.854698191780822,97.03109333344972,14
4560,4.9,21.904727066198586,4.854698191780822,93.98055758137602,5
4561,5.3,21.904727066198586,4.854698191780822,89.9846057617914,4
4562,5.0,21.904727066198586,4.854698191780822,89.45623788682796,4
4563,5.5,21.904727066198586,4.854698191780822,91.27967994552156,6
4564,5.2,34.80523813220465,4.854698191780822,91.0459576626,5
4565,4.8,34.80523813220465,4.854698191780822,91.66087730948033,15
4566,4.2,159.49333885459012,4.854698191780822,95.27227134644106,20
4567,4.3,106.92199389571088,30.0991287890411,97.1443935063628,21
4568,4.7,142.97609432066915,4.854698191780822,98.79505555892482,22
4569,5.1,142.97609432066915,4.854698191780822,100.1124069685882,12
4570,5.7,142.97609432066915,4.854698191780822,100.1913437648128,14
4571,5.5,142.97609432066915,42.721344087671234,100.21682483552692,13
4572,5.5,247.27085931973727,4.854698191780822,101.00972851636548,21
4573,5.6,194.699514360858,4.854698191780822,101.25519082027505,7
4574,5.9,142.97609432066915,4.854698191780822,101.09600628398492,8
4575,5.2,55.19857385552203,4.854698191780822,100.36327397102022,18
4576,5.9,55.19857385552203,4.854698191780822,99.52904287922703,15
4577,5.7,55.19857385552203,4.854698191780822,98.05367737138349,17
4578,6.7,55.19857385552203,67.96577468493152,96.9375694327835,15
4579,6.2,55.19857385552203,4.854698191780822,96.3327312835249,15
4580,7.4,106.92199389571088,4.854698191780822,95.07306091960902,15
4581,7.5,106.92199389571088,4.854698191780822,94.4023029904505,16
4582,7.0,55.19857385552203,4.854698191780822,91.6804107472308,16
4583,8.0,21.904727066198586,4.854698191780822,88.11050854796575,10
4584,7.5,21.904727066198586,4.854698191780822,87.90303268726807,5
4585,8.0,21.904727066198586,4.854698191780822,88.2356397141931,4
4586,7.8,21.904727066198586,4.854698191780822,87.57501511151148,13
4587,7.7,21.904727066198586,4.854698191780822,87.66518632555622,12
4588,8.2,34.80523813220465,4.854698191780822,87.90741071536752,11
4589,7.1,34.80523813220465,4.854698191780822,89.70646917029481,15
4590,6.2,159.49333885459012,4.854698191780822,91.13905170996368,19
4591,6.6,106.92199389571088,30.0991287890411,92.65362000813828,24
4592,5.8,142.97609432066915,4.854698191780822,94.39302937057872,14
4593,5.5,142.97609432066915,4.854698191780822,95.40461324745276,17
4594,5.8,142.97609432066915,4.854698191780822,95.7897589070216,17
4595,5.3,142.97609432066915,42.721344087671234,96.06562445231768,11
4596,5.5,247.27085931973727,4.854698191780822,96.61188234331308,19
4597,5.4,194.699514360858,4.854698191780822,98.16840301903426,14
4598,6.0,142.97609432066915,4.854698191780822,98.90484695458495,8
4599,5.1,55.19857385552203,4.854698191780822,98.8341749881601,18
4600,5.3,55.19857385552203,4.854698191780822,98.01932994203504,14
4601,5.6,55.19857385552203,4.854698191780822,96.46090380080294,7
4602,5.7,55.19857385552203,67.96577468493152,96.16066540411376,18
4603,5.4,55.19857385552203,4.854698191780822,95.64814338613812,18
4604,6.2,106.92199389571088,4.854698191780822,94.52396246907188,9
4605,6.6,106.92199389571088,4.854698191780822,94.19503686143726,13
4606,7.1,55.19857385552203,4.854698191780822,94.105951637088,23
4607,6.5,21.904727066198586,4.854698191780822,93.62941539602564,9
4608,7.2,21.904727066198586,4.854698191780822,93.65516467200445,16
4609,7.0,21.904727066198586,4.854698191780822,92.64055273352976,13
4610,7.3,21.904727066198586,4.854698191780822,92.52262142890037,14
4611,6.8,21.904727066198586,4.854698191780822,92.66749902651856,15
4612,6.9,34.80523813220465,4.854698191780822,93.63006706233088,17
4613,6.0,34.80523813220465,4.854698191780822,100.56709438726168,10
4614,5.5,159.49333885459012,4.854698191780822,105.82506952830023,26
4615,4.9,106.92199389571088,30.0991287890411,108.87966049565031,21
4616,5.2,142.97609432066915,4.854698191780822,110.17581607817505,12
4617,4.8,142.97609432066915,4.854698191780822,111.65993764221751,13
4618,4.7,142.97609432066915,4.854698191780822,111.4831695929389,10
4619,4.7,142.97609432066915,42.721344087671234,110.66666614426067,9
4620,4.7,247.27085931973727,4.854698191780822,110.8791371467929,8
4621,4.6,194.699514360858,4.854698191780822,110.51532709521464,11
4622,4.7,142.97609432066915,4.854698191780822,109.36124757342422,8
4623,4.7,55.19857385552203,4.854698191780822,107.60551961201374,8
4624,4.3,55.19857385552203,4.854698191780822,105.65283608100528,11
4625,4.2,55.19857385552203,4.854698191780822,102.70505181964712,12
4626,4.1,55.19857385552203,67.96577468493152,101.52421024497087,19
4627,4.2,55.19857385552203,4.854698191780822,101.11351211409722,14
4628,4.4,106.92199389571088,4.854698191780822,99.088983520664,15
4629,4.6,106.92199389571088,4.854698191780822,96.04120665842082,14
4630,4.9,55.19857385552203,4.854698191780822,95.22576503680166,13
4631,4.5,21.904727066198586,4.854698191780822,94.96797253950864,7
4632,4.0,21.904727066198586,4.854698191780822,94.13283462396927,4
4633,4.4,21.904727066198586,4.854698191780822,93.2638066777896,7
4634,4.2,21.904727066198586,4.854698191780822,94.1120235868162,13
4635,4.2,21.904727066198586,4.854698191780822,94.88999838272046,11
4636,4.3,34.80523813220465,4.854698191780822,97.08391720601686,11
4637,4.2,34.80523813220465,4.854698191780822,103.26900860022008,12
4638,4.3,139.10000313127276,4.854698191780822,109.37041705233288,11
4639,4.3,86.52865817239348,30.0991287890411,110.96090858271332,16
4640,3.9,34.80523813220465,4.854698191780822,110.83593652744705,21
4641,4.2,34.80523813220465,4.854698191780822,110.76379233158292,19
4642,4.2,34.80523813220465,4.854698191780822,110.42675146086825,17
4643,4.2,34.80523813220465,42.721344087671234,110.2052778224321,13
4644,4.3,139.10000313127276,4.854698191780822,110.20722665987545,9
4645,4.3,86.52865817239348,4.854698191780822,110.03173620999944,6
4646,4.1,34.80523813220465,4.854698191780822,106.8995232562875,10
4647,4.2,34.80523813220465,4.854698191780822,103.18610574884762,11
4648,4.2,34.80523813220465,4.854698191780822,103.4921581591208,14
4649,4.1,34.80523813220465,4.854698191780822,101.84765262551456,18
4650,4.2,34.80523813220465,67.96577468493152,102.72928573588057,17
4651,4.2,34.80523813220465,4.854698191780822,101.38021857041836,27
4652,4.4,86.52865817239348,4.854698191780822,100.26228599032642,10
4653,4.3,86.52865817239348,4.854698191780822,98.8988436267443,16
4654,4.2,34.80523813220465,4.854698191780822,96.7024076607951,14
4655,4.4,21.904727066198586,4.854698191780822,95.760485027263,10
4656,4.0,21.904727066198586,4.854698191780822,94.75970921848888,7
4657,4.1,21.904727066198586,4.854698191780822,94.62932811542557,4
4658,4.4,21.904727066198586,4.854698191780822,93.69386403380491,4
4659,4.4,21.904727066198586,4.854698191780822,94.48993942311787,4
4660,4.8,21.904727066198586,4.854698191780822,96.04250527931714,4
4661,4.7,21.904727066198586,4.854698191780822,102.945168261054,8
4662,4.6,126.1994920652667,4.854698191780822,109.42078890055248,4
4663,4.3,73.62814710638742,30.0991287890411,111.44044630647622,11
4664,4.3,21.904727066198586,4.854698191780822,113.46010371239994,17
4665,4.4,21.904727066198586,4.854698191780822,113.89755072752256,24
4666,4.2,21.904727066198586,4.854698191780822,113.33024512635,17
4667,4.3,21.904727066198586,42.721344087671234,112.91718690996048,12
4668,4.4,126.1994920652667,4.854698191780822,111.04689953983804,12
4669,4.4,73.62814710638742,4.854698191780822,109.7742255698607,6
4670,4.4,21.904727066198586,4.854698191780822,110.12294762554365,7
4671,4.4,21.904727066198586,4.854698191780822,106.87421084077585,13
4672,4.5,21.904727066198586,4.854698191780822,105.25607785835577,13
4673,4.4,21.904727066198586,4.854698191780822,97.196825702593,19
4674,4.4,21.904727066198586,67.96577468493152,92.16690791435892,15
4675,4.6,21.904727066198586,4.854698191780822,93.25211751915133,23
4676,4.7,73.62814710638742,4.854698191780822,95.54088206014129,16
4677,5.0,73.62814710638742,4.854698191780822,94.1191615920648,10
4678,5.1,21.904727066198586,4.854698191780822,94.07224681305613,8
4679,4.9,21.904727066198586,4.854698191780822,93.85802148230404,6
4680,4.7,21.904727066198586,4.854698191780822,92.27861105781544,5
4681,4.8,21.904727066198586,4.854698191780822,93.53295501015096,4
4682,4.7,21.904727066198586,4.854698191780822,93.60619618971018,4
4683,5.3,21.904727066198586,4.854698191780822,93.00981061393657,4
4684,5.7,34.80523813220465,4.854698191780822,95.54558833765697,4
4685,5.9,34.80523813220465,4.854698191780822,96.86501712998964,4
4686,5.9,159.49333885459012,4.854698191780822,102.7593284707312,7
4687,5.4,106.92199389571088,30.0991287890411,105.20994172030686,13
4688,5.2,142.97609432066915,4.854698191780822,106.73344064972876,13
4689,5.1,142.97609432066915,4.854698191780822,107.90203382154596,22
4690,5.1,142.97609432066915,4.854698191780822,108.65828544077092,12
4691,4.9,142.97609432066915,42.721344087671234,111.2050597011556,18
4692,4.8,247.27085931973727,4.854698191780822,109.77842817721948,6
4693,4.7,194.699514360858,4.854698191780822,109.5306425150015,11
4694,4.4,142.97609432066915,4.854698191780822,107.13707918310912,6
4695,4.4,55.19857385552203,4.854698191780822,104.90377707458734,6
4696,4.4,55.19857385552203,4.854698191780822,103.20462097309787,15
4697,4.4,55.19857385552203,4.854698191780822,102.10554479368297,10
4698,4.4,55.19857385552203,67.96577468493152,103.43069022417474,16
4699,4.5,55.19857385552203,4.854698191780822,101.67517453152551,21
4700,4.4,106.92199389571088,4.854698191780822,99.90959099314422,23
4701,4.5,106.92199389571088,4.854698191780822,97.48263973019708,23
4702,4.5,55.19857385552203,4.854698191780822,95.94583347037346,8
4703,4.7,21.904727066198586,4.854698191780822,93.5066370665232,7
4704,5.1,21.904727066198586,4.854698191780822,92.74303831443108,4
4705,5.2,21.904727066198586,4.854698191780822,91.65841356625408,3
4706,5.6,21.904727066198586,4.854698191780822,91.09845630608046,4
4707,6.2,21.904727066198586,4.854698191780822,89.32108538794371,4
4708,6.8,34.80523813220465,4.854698191780822,91.79331114932371,4
4709,6.7,34.80523813220465,4.854698191780822,96.82320344597636,9
4710,5.9,159.49333885459012,4.854698191780822,101.05369001713332,10
4711,5.3,106.92199389571088,30.0991287890411,102.2398233300066,11
4712,5.3,142.97609432066915,4.854698191780822,104.58695489399304,13
4713,5.2,142.97609432066915,4.854698191780822,108.16255150179164,20
4714,5.4,142.97609432066915,4.854698191780822,107.687487127729,27
4715,5.3,142.97609432066915,42.721344087671234,108.02888198471986,12
4716,5.4,247.27085931973727,4.854698191780822,108.47553834710128,10
4717,5.8,194.699514360858,4.854698191780822,108.60580914772918,7
4718,4.7,142.97609432066915,4.854698191780822,105.7552945997538,8
4719,5.1,55.19857385552203,4.854698191780822,103.29431835784172,11
4720,4.6,55.19857385552203,4.854698191780822,102.66779774594625,8
4721,4.4,55.19857385552203,4.854698191780822,100.83466550352836,13
4722,4.2,55.19857385552203,67.96577468493152,100.58446816856572,11
4723,4.4,55.19857385552203,4.854698191780822,98.13301164297776,8
4724,4.5,106.92199389571088,4.854698191780822,95.14067135918174,8
4725,4.5,106.92199389571088,4.854698191780822,94.31607765575215,18
4726,4.8,55.19857385552203,4.854698191780822,94.81855659469812,21
4727,5.0,21.904727066198586,4.854698191780822,94.28900946226246,7
4728,4.9,21.904727066198586,4.854698191780822,91.5384838907766,4
4729,5.4,21.904727066198586,4.854698191780822,91.29881880741873,4
4730,5.7,21.904727066198586,4.854698191780822,89.71224693992414,4
4731,6.0,21.904727066198586,4.854698191780822,88.48543812402784,4
4732,6.9,34.80523813220465,4.854698191780822,88.12191995709796,4
4733,6.7,34.80523813220465,4.854698191780822,90.25013791398077,5
4734,5.6,159.49333885459012,4.854698191780822,89.48110764283975,6
4735,5.1,106.92199389571088,30.0991287890411,93.3821286922505,9
4736,4.6,142.97609432066915,4.854698191780822,95.45855512520872,19
4737,4.5,142.97609432066915,4.854698191780822,97.06144269215696,13
4738,4.5,142.97609432066915,4.854698191780822,97.99128968568068,11
4739,4.6,142.97609432066915,42.721344087671234,97.22000443649242,11
4740,4.6,247.27085931973727,4.854698191780822,96.22293831729338,11
4741,4.5,194.699514360858,4.854698191780822,96.20615060073654,5
4742,4.3,142.97609432066915,4.854698191780822,96.13451164560072,6
4743,4.3,55.19857385552203,4.854698191780822,95.9142467430533,7
4744,4.4,55.19857385552203,4.854698191780822,95.3555130787898,10
4745,4.5,55.19857385552203,4.854698191780822,93.36058383582824,12
4746,4.4,55.19857385552203,67.96577468493152,93.01529009581884,6
4747,4.2,55.19857385552203,4.854698191780822,93.22665251659046,22
4748,4.4,106.92199389571088,4.854698191780822,83.28387017454287,15
4749,4.3,106.92199389571088,4.854698191780822,89.77586945716298,16
4750,4.2,55.19857385552203,4.854698191780822,92.58018963513562,11
4751,4.1,21.904727066198586,4.854698191780822,91.794408253832,4
4752,4.0,21.904727066198586,4.854698191780822,91.75492167333576,6
4753,3.9,21.904727066198586,4.854698191780822,90.88392785505404,4
4754,3.8,21.904727066198586,4.854698191780822,90.05834964500208,4
4755,3.9,21.904727066198586,4.854698191780822,88.25000778433524,4
4756,4.1,34.80523813220465,4.854698191780822,87.57481347431023,3
4757,4.1,34.80523813220465,4.854698191780822,89.41237424473773,6
4758,4.2,159.49333885459012,4.854698191780822,90.82149184407837,7
4759,4.3,106.92199389571088,30.0991287890411,90.16949475236966,5
4760,4.2,142.97609432066915,4.854698191780822,91.88902599705057,19
4761,4.3,142.97609432066915,4.854698191780822,91.41858864705604,9
4762,4.4,142.97609432066915,4.854698191780822,92.46991196641682,8
4763,4.4,142.97609432066915,42.721344087671234,94.05167474437756,5
4764,4.4,247.27085931973727,4.854698191780822,94.52169311425592,7
4765,4.4,194.699514360858,4.854698191780822,97.4012451105922,5
4766,4.2,142.97609432066915,4.854698191780822,98.36891255001537,6
4767,4.3,55.19857385552203,4.854698191780822,98.89064850615074,11
4768,4.3,55.19857385552203,4.854698191780822,96.39450451338256,8
4769,4.4,55.19857385552203,4.854698191780822,94.15953651189037,9
4770,4.4,55.19857385552203,67.96577468493152,93.54735569985232,6
4771,4.5,55.19857385552203,4.854698191780822,92.5555090725673,8
4772,4.4,106.92199389571088,4.854698191780822,92.38834325501624,8
4773,4.5,106.92199389571088,4.854698191780822,91.85120494708524,7
4774,4.3,55.19857385552203,4.854698191780822,91.91285688050792,16
4775,4.1,21.904727066198586,4.854698191780822,91.9658380518384,14
4776,4.0,21.904727066198586,4.854698191780822,90.30545235030064,4
4777,3.9,21.904727066198586,5.19411595849872,89.93212463622237,4
4778,4.0,21.904727066198586,6.634703007983905,91.54394621718698,4
4779,4.4,21.904727066198586,7.210937827777981,90.8755940409272,5
4780,4.7,34.80523813220465,4.905998548601684,91.84431448804712,4
4781,4.4,34.80523813220465,4.854698191780822,96.85234431042126,4
4782,4.4,159.49333885459012,4.854698191780822,99.70880467916254,11
4783,4.1,106.92199389571088,30.0991287890411,101.09771953572282,7
4784,4.1,142.97609432066915,4.854698191780822,101.45123944531362,9
4785,4.1,142.97609432066915,4.854698191780822,101.8688855423002,12
4786,4.2,142.97609432066915,4.854698191780822,103.16867748079837,6
4787,4.2,142.97609432066915,42.721344087671234,104.55314653306394,10
4788,4.2,247.27085931973727,4.854698191780822,104.5953353420082,12
4789,4.1,194.699514360858,4.854698191780822,104.38419195553608,9
4790,4.1,142.97609432066915,4.854698191780822,104.33949156134538,9
4791,4.2,55.19857385552203,4.854698191780822,102.669090688623,15
4792,4.2,55.19857385552203,4.854698191780822,101.32621471549986,9
4793,4.2,55.19857385552203,4.854698191780822,99.44680377547802,8
4794,4.3,55.19857385552203,67.96577468493152,98.8788943500204,19
4795,4.3,55.19857385552203,4.854698191780822,97.52411260022318,14
4796,4.3,106.92199389571088,4.854698191780822,97.80288080303671,13
4797,4.3,106.92199389571088,4.854698191780822,96.7021493622114,21
4798,4.3,55.19857385552203,4.854698191780822,96.35083538051585,10
4799,4.0,21.904727066198586,4.854698191780822,95.84638042116052,5
4800,4.0,21.904727066198586,4.854698191780822,94.624821421287,4
4801,3.9,21.904727066198586,4.854698191780822,94.15018967923012,7
4802,4.0,21.904727066198586,4.854698191780822,93.91325195346218,3
4803,4.1,21.904727066198586,4.854698191780822,93.87556319393148,4
4804,4.6,34.80523813220465,4.854698191780822,95.10035479212324,4
4805,4.4,34.80523813220465,4.854698191780822,98.16869985702311,5
4806,4.3,139.10000313127276,4.854698191780822,102.36882075969324,8
4807,4.2,86.52865817239348,30.0991287890411,104.98025447686028,10
4808,4.1,34.80523813220465,4.854698191780822,107.15032598610652,7
4809,4.0,34.80523813220465,4.854698191780822,106.59370123675292,19
4810,4.0,34.80523813220465,4.854698191780822,105.98826047134108,8
4811,4.1,34.80523813220465,42.721344087671234,106.27943775854612,8
4812,4.0,139.10000313127276,4.854698191780822,106.55160448745352,4
4813,4.0,86.52865817239348,4.854698191780822,105.9999888942636,11
4814,4.0,34.80523813220465,4.854698191780822,105.53658770400504,13
4815,4.0,34.80523813220465,4.854698191780822,104.49046901653688,8
4816,4.0,34.80523813220465,4.854698191780822,102.03795465072488,7
4817,4.0,34.80523813220465,4.854698191780822,99.76499138665844,13
4818,4.0,34.80523813220465,67.96577468493152,99.15000964180246,10
4819,3.9,34.80523813220465,4.854698191780822,97.39918403770253,14
4820,4.1,86.52865817239348,4.854698191780822,96.57754675365652,10
4821,4.1,86.52865817239348,4.854698191780822,95.79592388290013,11
4822,3.9,34.80523813220465,4.854698191780822,95.09483121342942,9
4823,3.7,21.904727066198586,4.854698191780822,94.80334887293915,6
4824,3.5,21.904727066198586,6.490644303035387,93.65840029065224,4
4825,3.6,21.904727066198586,7.787172647572055,92.25451921788436,4
4826,3.8,21.904727066198586,8.21934876241761,92.06856235958792,3
4827,3.9,21.904727066198586,8.075290057469092,91.82091297463955,4
4828,4.0,21.904727066198586,6.202526893138352,93.68241094412484,4
4829,4.1,21.904727066198586,4.854698191780822,98.75279160418116,4
4830,3.8,126.1994920652667,4.854698191780822,103.6343959887062,5
4831,3.8,73.62814710638742,30.0991287890411,105.31459166936872,8
4832,3.8,21.904727066198586,4.854698191780822,106.25562463462654,18
4833,3.8,21.904727066198586,4.854698191780822,101.3557015888988,20
4834,3.9,21.904727066198586,4.854698191780822,106.94284674263972,11
4835,3.8,21.904727066198586,42.721344087671234,106.1923511466713,15
4836,3.8,126.1994920652667,4.854698191780822,106.89723843738422,10
4837,3.6,73.62814710638742,4.854698191780822,106.71065685412223,11
4838,3.8,21.904727066198586,4.854698191780822,106.10172555424798,6
4839,3.7,21.904727066198586,4.854698191780822,105.53454632366406,9
4840,3.8,21.904727066198586,4.854698191780822,104.62275328966062,15
4841,3.8,21.904727066198586,4.854698191780822,102.82461108190776,14
4842,4.0,21.904727066198586,67.96577468493152,101.48726823171984,17
4843,3.9,21.904727066198586,4.854698191780822,100.31241041314873,8
4844,3.9,73.62814710638742,4.854698191780822,99.31733130835865,9
4845,4.1,73.62814710638742,4.854698191780822,97.9555976056135,11
4846,3.9,21.904727066198586,4.854698191780822,97.39894639817297,11
4847,3.7,21.904727066198586,5.914409483241313,95.1149763283218,5
4848,3.5,21.904727066198586,7.787172647572055,93.55014443053888,4
4849,3.5,21.904727066198586,7.787172647572055,92.74804360457294,4
4850,3.3,21.904727066198586,7.643113942623536,92.29701573800388,4
4851,3.3,21.904727066198586,6.778761712932424,92.4930935998326,4
4852,3.4,34.80523813220465,4.854698191780822,93.257908094978,3
4853,3.3,34.80523813220465,4.854698191780822,98.83713358218095,4
4854,3.5,159.49333885459012,4.854698191780822,104.63700054662048,5
4855,3.6,106.92199389571088,30.0991287890411,106.5388637708767,7
4856,3.5,142.97609432066915,4.854698191780822,106.89533478407104,12
4857,3.6,142.97609432066915,4.854698191780822,107.91463222019406,14
4858,3.7,142.97609432066915,4.854698191780822,109.1863933257661,17
4859,3.6,142.97609432066915,42.721344087671234,108.8922057364982,7
4860,3.7,247.27085931973727,4.854698191780822,108.64386868291632,8
4861,3.5,194.699514360858,4.854698191780822,105.43226793737034,7
4862,3.4,142.97609432066915,4.854698191780822,109.58994523609476,6
4863,3.4,55.19857385552203,4.854698191780822,108.3692366402113,11
4864,3.5,55.19857385552203,4.854698191780822,107.1365299663825,6
4865,3.5,55.19857385552203,4.854698191780822,105.17910198089274,23
4866,3.7,55.19857385552203,67.96577468493152,104.95840021787818,13
4867,3.7,55.19857385552203,4.854698191780822,104.24482766749118,13
4868,3.6,106.92199389571088,4.854698191780822,102.57981119667664,15
4869,3.5,106.92199389571088,4.854698191780822,100.63955318065244,16
4870,3.5,55.19857385552203,4.854698191780822,99.21163475469868,10
4871,3.4,21.904727066198586,4.854698191780822,98.3953423666499,9
4872,3.2,21.904727066198586,4.854698191780822,96.87375349363984,4
4873,3.2,21.904727066198586,4.854698191780822,96.80969133723067,4
4874,3.2,21.904727066198586,4.854698191780822,98.68427156215908,4
4875,3.1,21.904727066198586,5.050057253550202,99.07534890735144,3
4876,3.2,34.80523813220465,4.854698191780822,99.46895668464668,5
4877,3.1,34.80523813220465,4.854698191780822,101.53461926712974,5
4878,3.1,159.49333885459012,4.854698191780822,105.1247023419891,8
4879,3.2,106.92199389571088,30.0991287890411,107.98898947193118,15
4880,3.2,142.97609432066915,4.854698191780822,109.11814885861278,10
4881,3.4,142.97609432066915,4.854698191780822,110.07172307788348,17
4882,3.5,142.97609432066915,4.854698191780822,109.6009078242548,12
4883,3.6,142.97609432066915,42.721344087671234,109.90341932096857,13
4884,3.7,247.27085931973727,4.854698191780822,110.0303817734129,11
4885,3.6,194.699514360858,4.854698191780822,110.29630838064242,7
4886,3.6,142.97609432066915,4.854698191780822,109.82396447781836,5
4887,3.5,55.19857385552203,4.854698191780822,108.19120017333194,9
4888,3.6,55.19857385552203,4.854698191780822,106.7284063644232,11
4889,3.9,55.19857385552203,4.854698191780822,103.71061920004362,13
4890,4.0,55.19857385552203,67.96577468493152,103.33767204748956,19
4891,3.9,55.19857385552203,4.854698191780822,103.1101689855654,14
4892,3.9,106.92199389571088,4.854698191780822,101.75126593568108,14
4893,3.9,106.92199389571088,4.854698191780822,100.249344723867,16
4894,3.7,55.19857385552203,4.854698191780822,100.25736599429126,14
4895,3.7,21.904727066198586,5.914409483241313,99.598722727799,5
4896,3.5,21.904727066198586,6.922820417880944,98.27094948977948,4
4897,3.4,21.904727066198586,7.499055237675016,99.37375311830723,4
4898,3.7,21.904727066198586,7.787172647572055,96.03670383030408,4
4899,3.6,21.904727066198586,7.499055237675016,95.13635059653068,4
4900,3.8,34.80523813220465,4.905998548601684,94.72068064076666,7
4901,3.8,34.80523813220465,4.854698191780822,96.69446854333478,5
4902,3.5,159.49333885459012,4.854698191780822,98.8665856613834,12
4903,3.5,106.92199389571088,30.0991287890411,100.69513292272056,19
4904,3.5,142.97609432066915,4.854698191780822,102.85363753626903,15
4905,3.6,142.97609432066915,4.854698191780822,104.13340468980437,11
4906,3.6,142.97609432066915,4.854698191780822,103.83901981260982,12
4907,3.7,142.97609432066915,42.721344087671234,104.10068787597716,9
4908,3.7,247.27085931973727,4.854698191780822,102.47211699704768,8
4909,3.7,194.699514360858,4.854698191780822,100.96881295754925,8
4910,3.6,142.97609432066915,4.854698191780822,100.368839955141,8
4911,3.5,55.19857385552203,4.854698191780822,100.00805373670202,12
4912,3.5,55.19857385552203,4.854698191780822,98.9220995602672,16
4913,3.5,55.19857385552203,4.854698191780822,98.01416300385532,12
4914,3.6,55.19857385552203,67.96577468493152,98.41930747355278,10
4915,3.7,55.19857385552203,4.854698191780822,97.57356433524656,12
4916,3.7,106.92199389571088,4.854698191780822,95.61051684539626,12
4917,3.6,106.92199389571088,4.854698191780822,94.3248790168944,14
4918,3.7,55.19857385552203,4.854698191780822,94.14591579209376,15
4919,3.5,21.904727066198586,4.854698191780822,94.57752052334774,7
4920,3.4,21.904727066198586,4.854698191780822,93.6788277459516,4
4921,3.4,21.904727066198586,4.854698191780822,91.94265907631262,4
4922,3.2,21.904727066198586,4.854698191780822,93.81647080858856,4
4923,3.3,21.904727066198586,4.854698191780822,90.99114967514026,4
4924,3.2,34.80523813220465,4.854698191780822,89.89593746373419,6
4925,3.0,34.80523813220465,4.854698191780822,91.55996314564088,7
4926,3.2,159.49333885459012,4.854698191780822,93.80675162970051,11
4927,3.3,106.92199389571088,30.0991287890411,96.11174935474062,12
4928,3.4,142.97609432066915,4.854698191780822,97.25592739055097,13
4929,3.4,142.97609432066915,4.854698191780822,97.48645706431756,21
4930,3.6,142.97609432066915,4.854698191780822,97.80486612606111,12
4931,3.6,142.97609432066915,42.721344087671234,98.22892776546628,11
4932,3.6,247.27085931973727,4.854698191780822,97.40739933409752,8
4933,3.5,194.699514360858,4.854698191780822,95.9574813109034,11
4934,3.5,142.97609432066915,4.854698191780822,95.42724107324098,11
4935,3.6,55.19857385552203,4.854698191780822,97.87140700653111,10
4936,3.6,55.19857385552203,4.854698191780822,97.45230064061032,10
4937,3.6,55.19857385552203,4.854698191780822,96.4709581154586,11
4938,3.6,55.19857385552203,67.96577468493152,97.57578886837186,19
4939,3.8,55.19857385552203,4.854698191780822,96.913010045837,11
4940,3.8,106.92199389571088,4.854698191780822,94.86721688256438,9
4941,3.9,106.92199389571088,4.854698191780822,94.69154883731044,19
4942,3.7,55.19857385552203,4.854698191780822,95.6020496535162,11
4943,3.5,21.904727066198586,4.854698191780822,93.84531966757189,5
4944,3.4,21.904727066198586,4.854698191780822,92.60279668105647,5
4945,3.3,21.904727066198586,4.854698191780822,91.87653765921152,4
4946,3.2,21.904727066198586,4.854698191780822,91.71332762768786,3
4947,3.3,21.904727066198586,4.854698191780822,91.97114320029868,4
4948,3.3,34.80523813220465,4.854698191780822,93.286793197916,4
4949,3.2,34.80523813220465,4.854698191780822,98.46943817866055,6
4950,3.5,159.49333885459012,4.854698191780822,104.3911599766372,8
4951,3.6,106.92199389571088,30.0991287890411,105.70000263468584,13
4952,3.7,142.97609432066915,4.854698191780822,106.60039307891938,14
4953,3.7,142.97609432066915,4.854698191780822,105.15944072279538,10
4954,3.7,142.97609432066915,4.854698191780822,107.15162545269511,13
4955,3.7,142.97609432066915,42.721344087671234,110.06846051789604,8
4956,3.7,247.27085931973727,4.854698191780822,108.924434465069,10
4957,3.6,194.699514360858,4.854698191780822,108.478172074475,12
4958,3.5,142.97609432066915,4.854698191780822,108.11969471676254,10
4959,3.6,55.19857385552203,4.854698191780822,106.18511769900869,9
4960,3.7,55.19857385552203,4.854698191780822,105.58516837598418,7
4961,3.7,55.19857385552203,4.854698191780822,102.5903481599955,9
4962,3.8,55.19857385552203,67.96577468493152,100.1201642622092,10
4963,3.9,55.19857385552203,4.854698191780822,100.52455534090195,15
4964,4.0,106.92199389571088,4.854698191780822,99.77961799701066,11
4965,4.0,106.92199389571088,4.854698191780822,98.47171586958608,13
4966,4.1,55.19857385552203,4.854698191780822,97.26188070173414,13
4967,4.5,21.904727066198586,4.854698191780822,95.6846135030992,5
4968,4.3,21.904727066198586,4.854698191780822,93.6447303998905,5
4969,4.4,21.904727066198586,4.854698191780822,92.79765795413964,4
4970,4.7,21.904727066198586,4.854698191780822,93.36443499763976,3
4971,4.9,21.904727066198586,4.854698191780822,92.16702691534344,4
4972,5.4,34.80523813220465,4.854698191780822,94.4387580057638,4
4973,5.7,34.80523813220465,4.854698191780822,99.41485569592966,5
4974,5.7,139.10000313127276,4.854698191780822,105.03723613509555,6
4975,4.8,86.52865817239348,30.0991287890411,107.53318223587117,17
4976,4.5,34.80523813220465,4.854698191780822,109.34684978323924,11
4977,4.3,34.80523813220465,4.854698191780822,110.7664731760977,7
4978,4.3,34.80523813220465,4.854698191780822,112.49982726102913,9
4979,4.2,34.80523813220465,42.721344087671234,111.38722568341846,8
4980,4.0,139.10000313127276,4.854698191780822,111.32254907116422,9
4981,3.9,86.52865817239348,4.854698191780822,111.38613836477796,18
4982,3.8,34.80523813220465,4.854698191780822,109.60855445300082,7
4983,3.6,34.80523813220465,4.854698191780822,107.70834274494636,8
4984,3.9,34.80523813220465,4.854698191780822,105.9654510633399,10
4985,4.5,34.80523813220465,4.854698191780822,104.00751856200095,13
4986,4.4,34.80523813220465,67.96577468493152,102.99155291181884,11
4987,4.3,34.80523813220465,4.854698191780822,100.28171081702604,12
4988,4.3,86.52865817239348,4.854698191780822,98.95848160441838,13
4989,4.4,86.52865817239348,4.854698191780822,97.87291415098004,10
4990,4.5,34.80523813220465,4.854698191780822,96.6377184839699,6
4991,4.5,21.904727066198586,4.854698191780822,95.00019389847532,5
4992,4.2,21.904727066198586,4.854698191780822,94.64736044938624,5
4993,4.3,21.904727066198586,4.854698191780822,92.56079839450068,4
4994,4.8,21.904727066198586,4.854698191780822,92.3317935039076,3
4995,4.9,21.904727066198586,4.854698191780822,92.58766785030554,4
4996,4.7,21.904727066198586,4.854698191780822,94.38085200587086,4
4997,4.8,21.904727066198586,4.854698191780822,98.99591846846408,3
4998,5.4,126.1994920652667,4.854698191780822,103.29221777904144,4
4999,5.1,73.62814710638742,30.0991287890411,106.31956996468844,7
5000,4.2,21.904727066198586,4.854698191780822,107.79176859658492,19
5001,4.1,21.904727066198586,4.854698191780822,107.99049432092964,18
5002,4.2,21.904727066198586,4.854698191780822,108.57780501451634,8
5003,4.0,21.904727066198586,42.721344087671234,108.86138520638008,11
5004,4.1,126.1994920652667,4.854698191780822,107.75124459329244,14
5005,4.3,73.62814710638742,4.854698191780822,108.90257186997736,11
5006,3.9,21.904727066198586,4.854698191780822,110.13732850188308,7
5007,4.0,21.904727066198586,4.854698191780822,108.78791194469773,10
5008,4.0,21.904727066198586,4.854698191780822,106.97065540012365,14
5009,4.0,21.904727066198586,4.854698191780822,106.48309193584876,17
5010,4.0,21.904727066198586,67.96577468493152,104.73700619532916,21
5011,3.9,21.904727066198586,4.854698191780822,102.8460673822674,17
5012,4.0,73.62814710638742,4.854698191780822,101.58148898282144,13
5013,4.2,73.62814710638742,4.854698191780822,99.5396228520388,10
5014,4.5,21.904727066198586,4.854698191780822,98.15105557500392,9
5015,4.8,21.904727066198586,4.854698191780822,96.2606721401411,5
5016,5.1,21.904727066198586,4.854698191780822,94.8231464083061,6
5017,5.8,21.904727066198586,4.854698191780822,93.15355099706996,4
5018,6.1,21.904727066198586,4.854698191780822,92.41899041821785,3
5019,6.4,21.904727066198586,4.854698191780822,92.4784205972184,4
5020,6.7,34.80523813220465,4.854698191780822,93.48393977315516,3
5021,6.3,34.80523813220465,4.854698191780822,98.6809041363294,4
5022,6.0,159.49333885459012,4.854698191780822,104.06420990615923,7
5023,5.2,106.92199389571088,30.0991287890411,106.7700283179162,10
5024,4.6,97.16392228507412,4.854698191780822,108.68157592686394,11
5025,4.3,97.16392228507412,4.854698191780822,109.60168090780822,15
5026,4.2,97.16392228507412,4.854698191780822,110.29867849365236,10
5027,4.3,97.16392228507412,42.721344087671234,110.15721036485128,12
5028,4.8,201.45868728414223,4.854698191780822,112.16178666123106,13
5029,4.9,148.88734232526292,4.854698191780822,111.0487099253745,8
5030,4.6,97.16392228507412,4.854698191780822,107.84489679755823,15
5031,4.4,55.19857385552203,4.854698191780822,104.91227169105976,8
5032,4.4,55.19857385552203,4.854698191780822,104.33913878685313,11
5033,4.4,55.19857385552203,4.854698191780822,102.83616843336414,19
5034,4.4,55.19857385552203,67.96577468493152,102.19095778054364,14
5035,4.2,55.19857385552203,4.854698191780822,101.03676904363644,14
5036,4.4,106.92199389571088,4.854698191780822,99.5981665039078,13
5037,4.5,106.92199389571088,4.854698191780822,98.28423978552247,10
5038,4.7,55.19857385552203,4.854698191780822,96.65528810344244,7
5039,4.8,21.904727066198586,4.854698191780822,94.58862518781017,5
5040,5.0,21.904727066198586,4.854698191780822,91.18732817434982,4
5041,5.2,21.904727066198586,4.854698191780822,91.33294732328083,3
5042,5.5,21.904727066198586,4.854698191780822,91.67670516530391,4
5043,5.5,21.904727066198586,4.854698191780822,91.90399632090636,4
5044,6.0,34.80523813220465,4.854698191780822,92.44648435736192,7
5045,6.2,34.80523813220465,4.854698191780822,93.74935739444771,7
5046,5.8,159.49333885459012,4.854698191780822,98.67777821605108,13
5047,5.2,106.92199389571088,30.0991287890411,101.79535670655396,13
5048,4.9,97.16392228507412,4.854698191780822,103.15285264530428,16
5049,4.7,97.16392228507412,4.854698191780822,104.55943932928932,10
5050,5.3,97.16392228507412,4.854698191780822,105.10078640605144,13
5051,5.1,97.16392228507412,42.721344087671234,104.80910436137084,13
5052,4.6,201.45868728414223,4.854698191780822,106.18609833960925,8
5053,4.5,148.88734232526292,4.854698191780822,106.0831963156686,10
5054,4.4,97.16392228507412,4.854698191780822,104.61440534039149,7
5055,4.2,55.19857385552203,4.854698191780822,102.31766483392065,6
5056,4.3,55.19857385552203,4.854698191780822,99.66451275434112,17
5057,4.3,55.19857385552203,4.854698191780822,93.73540468002628,18
5058,4.4,55.19857385552203,67.96577468493152,88.702510175794,15
5059,4.4,55.19857385552203,4.854698191780822,94.06177678024024,12
5060,4.8,106.92199389571088,4.854698191780822,94.0708847652391,11
5061,5.2,106.92199389571088,4.854698191780822,93.12912208836032,14
5062,4.7,55.19857385552203,4.854698191780822,93.09069673085725,8
5063,4.8,21.904727066198586,4.854698191780822,91.18945521123705,5
5064,5.3,21.904727066198586,4.854698191780822,89.64785351376918,5
5065,5.6,21.904727066198586,4.854698191780822,90.47274091404486,3
5066,6.2,21.904727066198586,4.854698191780822,90.32502360257716,4
5067,6.3,21.904727066198586,4.854698191780822,89.51590643023717,5
5068,6.6,34.80523813220465,4.854698191780822,89.09422915979748,9
5069,7.3,34.80523813220465,4.854698191780822,91.11886249825974,10
5070,6.0,159.49333885459012,4.854698191780822,92.53620288441267,12
5071,5.1,106.92199389571088,30.0991287890411,94.9566807354269,12
5072,4.8,97.16392228507412,4.854698191780822,96.5591772301041,18
5073,4.6,97.16392228507412,4.854698191780822,97.34304879662226,11
5074,4.7,97.16392228507412,4.854698191780822,97.33514435254524,9
5075,4.6,97.16392228507412,42.721344087671234,96.83793117696214,7
5076,4.4,201.45868728414223,4.854698191780822,97.08293825680086,9
5077,4.4,148.88734232526292,4.854698191780822,97.03024292945965,6
5078,4.4,97.16392228507412,4.854698191780822,97.85965985756536,12
5079,4.8,55.19857385552203,4.854698191780822,97.0460637781187,11
5080,4.3,55.19857385552203,4.854698191780822,96.0674563426006,13
5081,4.0,55.19857385552203,4.854698191780822,94.78567680388804,20
5082,4.0,55.19857385552203,67.96577468493152,93.99186062108372,21
5083,4.0,55.19857385552203,4.854698191780822,92.8925621454134,15
5084,4.3,106.92199389571088,4.854698191780822,92.95966565287328,13
5085,4.9,106.92199389571088,4.854698191780822,92.78776214637914,18
5086,4.6,55.19857385552203,4.854698191780822,91.11059561463593,7
5087,4.5,21.904727066198586,4.854698191780822,90.79505199994966,4
5088,4.6,21.904727066198586,4.854698191780822,90.11142541305428,4
5089,5.1,21.904727066198586,4.854698191780822,89.07993309431197,4
5090,6.2,21.904727066198586,4.854698191780822,88.8517729294894,4
5091,5.9,21.904727066198586,4.854698191780822,87.35043536615893,5
5092,6.0,34.80523813220465,4.854698191780822,87.35955929849786,5
5093,6.0,34.80523813220465,4.854698191780822,89.54901371226948,9
5094,5.7,159.49333885459012,4.854698191780822,92.4324781227007,14
5095,5.1,106.92199389571088,30.0991287890411,93.75070566956198,14
5096,4.6,97.16392228507412,4.854698191780822,94.52087412169328,8
5097,4.3,97.16392228507412,4.854698191780822,93.84175555788146,11
5098,4.3,97.16392228507412,4.854698191780822,94.3243119198168,11
5099,4.0,97.16392228507412,42.721344087671234,94.76225330248133,9
5100,4.5,201.45868728414223,4.854698191780822,94.9983580213574,10
5101,4.6,148.88734232526292,4.854698191780822,95.02996601179764,10
5102,4.0,97.16392228507412,4.854698191780822,94.8001863462666,12
5103,3.9,55.19857385552203,4.854698191780822,94.94042713394892,11
5104,3.9,55.19857385552203,4.854698191780822,93.40679838163244,10
5105,3.9,55.19857385552203,4.854698191780822,93.51689422651192,11
5106,4.1,55.19857385552203,67.96577468493152,94.17076935913914,15
5107,4.0,55.19857385552203,4.854698191780822,93.66776029194936,8
5108,4.1,106.92199389571088,4.854698191780822,92.64905459879311,18
5109,4.2,106.92199389571088,4.854698191780822,94.12659401903863,17
5110,4.1,55.19857385552203,4.854698191780822,93.35353523233452,13
5111,4.5,21.904727066198586,4.854698191780822,92.44119696843944,12
5112,4.0,21.904727066198586,4.854698191780822,91.96142281327884,4
5113,4.7,21.904727066198586,4.854698191780822,93.80650649975368,4
5114,4.8,21.904727066198586,4.854698191780822,91.62383719592523,4
5115,5.1,21.904727066198586,4.854698191780822,89.99484069215457,4
5116,5.7,34.80523813220465,4.854698191780822,91.29421860387708,7
5117,6.5,34.80523813220465,4.854698191780822,97.424312092298,7
5118,6.9,159.49333885459012,4.854698191780822,102.23472078525302,19
5119,6.3,106.92199389571088,30.0991287890411,104.40715225920192,18
5120,4.6,97.16392228507412,4.854698191780822,106.03205210877466,11
5121,4.3,97.16392228507412,4.854698191780822,106.63725632197558,13
5122,4.3,97.16392228507412,4.854698191780822,106.93607250588296,6
5123,4.1,97.16392228507412,42.721344087671234,107.78235181309216,9
5124,4.2,201.45868728414223,4.854698191780822,105.71711449301074,10
5125,4.1,148.88734232526292,4.854698191780822,104.63168911587476,5
5126,4.0,97.16392228507412,4.854698191780822,103.9974539782248,7
5127,3.8,55.19857385552203,4.854698191780822,101.02483535911723,14
5128,4.0,55.19857385552203,4.854698191780822,99.78550365281176,10
5129,4.1,55.19857385552203,4.854698191780822,98.7194875174749,16
5130,4.0,55.19857385552203,67.96577468493152,97.98055265573196,16
5131,4.1,55.19857385552203,4.854698191780822,96.57150174526798,20
5132,4.2,106.92199389571088,4.854698191780822,96.5972575451586,14
5133,4.0,106.92199389571088,5.050057253550202,95.29638420786584,14
5134,3.9,55.19857385552203,6.058468188189831,93.77784212249968,12
5135,4.1,21.904727066198586,6.202526893138352,93.47001726202927,9
5136,4.1,21.904727066198586,6.058468188189831,91.07094207032176,5
5137,3.5,21.904727066198586,6.922820417880944,90.43596344834806,5
5138,3.6,21.904727066198586,8.36340746736613,91.99816850510868,4
5139,3.7,21.904727066198586,9.22775969705724,95.26675296271408,4
5140,3.7,34.80523813220465,7.787172647572055,95.0858898298089,7
5141,3.8,34.80523813220465,4.905998548601684,100.01725861387308,6
5142,4.6,139.10000313127276,4.854698191780822,105.4235156263801,18
5143,4.3,86.52865817239348,30.0991287890411,106.07648163981068,15
5144,4.0,34.80523813220465,4.854698191780822,107.59980973939284,14
5145,4.1,34.80523813220465,4.854698191780822,107.9371569923378,14
5146,4.3,34.80523813220465,4.854698191780822,108.5766348180328,15
5147,4.2,34.80523813220465,42.721344087671234,108.09939894783186,16
5148,4.2,139.10000313127276,4.854698191780822,108.20999652985736,7
5149,4.0,86.52865817239348,4.854698191780822,107.42377043522974,8
5150,3.9,34.80523813220465,4.854698191780822,107.16827338840008,11
5151,4.3,34.80523813220465,4.854698191780822,104.2757669569675,12
5152,4.4,34.80523813220465,4.854698191780822,101.69331753036116,12
5153,4.4,34.80523813220465,4.854698191780822,100.32443192885144,13
5154,4.1,34.80523813220465,67.96577468493152,98.7328959685102,23
5155,4.1,34.80523813220465,4.854698191780822,98.2230092484796,14
5156,4.1,86.52865817239348,4.905998548601684,98.64093961888406,30
5157,4.1,86.52865817239348,5.770350778292794,98.74072780386464,11
5158,3.9,34.80523813220465,6.490644303035387,97.5508146089574,5
5159,3.8,21.904727066198586,7.066879122829462,98.22220124991652,11
5160,4.1,21.904727066198586,7.499055237675016,96.67765823471288,10
5161,3.5,21.904727066198586,7.066879122829462,95.29878271197364,3
5162,3.3,21.904727066198586,6.634703007983905,94.70198190129253,4
5163,3.6,21.904727066198586,7.354996532726499,94.0078338151656,4
5164,3.7,21.904727066198586,6.490644303035387,96.00208360479006,4
5165,4.4,21.904727066198586,4.854698191780822,101.7838331827886,6
5166,5.1,126.1994920652667,4.854698191780822,105.73394280279682,6
5167,4.8,73.62814710638742,30.0991287890411,106.39930134921288,7
5168,4.8,21.904727066198586,4.854698191780822,107.28467616464724,18
5169,4.5,21.904727066198586,4.854698191780822,108.27259104772816,23
5170,3.9,21.904727066198586,4.854698191780822,108.89156276874212,28
5171,4.0,21.904727066198586,42.721344087671234,109.39239599051906,16
5172,4.0,126.1994920652667,4.854698191780822,109.3410938807959,18
5173,4.0,73.62814710638742,4.854698191780822,109.18081960960164,11
5174,4.1,21.904727066198586,4.854698191780822,106.91527294598218,12
5175,4.0,21.904727066198586,4.854698191780822,105.4698548513884,8
5176,4.1,21.904727066198586,4.854698191780822,103.7067700920562,19
5177,3.9,21.904727066198586,4.854698191780822,102.5047122728135,17
5178,4.0,21.904727066198586,67.96577468493152,100.91246653502635,15
5179,4.1,21.904727066198586,4.854698191780822,99.05886515676126,27
5180,3.9,73.62814710638742,4.854698191780822,98.61567939466715,14
5181,3.9,73.62814710638742,4.854698191780822,98.3435483056485,17
5182,3.8,21.904727066198586,4.854698191780822,96.601457253001,12
5183,4.1,21.904727066198586,5.48223336839576,95.780062561825,8
5184,3.8,21.904727066198586,6.778761712932424,93.54366763583688,4
5185,3.6,21.904727066198586,7.787172647572055,92.58453238578583,4
5186,3.2,21.904727066198586,8.939642287160202,93.6146438098547,3
5187,3.3,21.904727066198586,9.948053221799832,93.76806193295462,4
5188,3.9,34.80523813220465,8.36340746736613,94.5466113163538,4
5189,3.5,34.80523813220465,4.854698191780822,101.43969490005456,4
5190,4.1,159.49333885459012,4.854698191780822,107.38993609946644,8
5191,4.4,106.92199389571088,30.0991287890411,109.78058819610546,8
5192,4.2,97.16392228507412,4.854698191780822,111.22521121914664,14
5193,4.3,97.16392228507412,4.854698191780822,111.7386945476137,26
5194,4.6,97.16392228507412,4.854698191780822,112.0772304814591,20
5195,4.9,97.16392228507412,42.721344087671234,110.26460724323864,21
5196,5.0,201.45868728414223,4.854698191780822,111.7422907936106,25
5197,4.9,148.88734232526292,4.854698191780822,111.25045827472668,27
5198,4.7,97.16392228507412,4.854698191780822,109.43860473729052,15
5199,4.4,55.19857385552203,4.854698191780822,108.39296386595828,18
5200,4.3,55.19857385552203,4.854698191780822,105.93254457281652,14
5201,4.2,55.19857385552203,4.854698191780822,102.95695201641398,22
5202,4.3,55.19857385552203,67.96577468493152,100.92795828857687,18
5203,4.5,55.19857385552203,4.854698191780822,98.76948605296128,17
5204,4.4,106.92199389571088,4.854698191780822,98.1877917225924,20
5205,4.3,106.92199389571088,4.854698191780822,98.60188989885496,23
5206,4.4,55.19857385552203,5.050057253550202,97.4595099256365,13
5207,4.3,21.904727066198586,6.778761712932424,96.41008252754524,5
5208,4.6,21.904727066198586,8.507466172314647,94.6443758805312,4
5209,4.7,21.904727066198586,9.948053221799832,93.19707853688708,5
5210,4.9,21.904727066198586,11.10052286138798,94.71241556934056,4
5211,5.1,21.904727066198586,11.820816386130574,93.56660208548172,5
5212,5.5,34.80523813220465,10.668346746542426,95.07471038198668,15
5213,5.6,34.80523813220465,5.914409483241313,99.56674480739464,12
5214,5.4,159.49333885459012,4.854698191780822,105.76577224380016,26
5215,5.1,106.92199389571088,30.0991287890411,109.45704155378546,16
5216,5.2,97.16392228507412,4.854698191780822,109.9411448077067,16
5217,5.1,97.16392228507412,4.854698191780822,111.49596672927186,17
5218,4.8,97.16392228507412,4.854698191780822,111.4983492860396,16
5219,4.7,97.16392228507412,42.721344087671234,110.85857607211392,9
5220,4.6,201.45868728414223,4.854698191780822,105.93454064821414,14
5221,4.4,148.88734232526292,4.854698191780822,104.88042231588132,13
5222,4.3,97.16392228507412,4.854698191780822,105.55377519138204,8
5223,4.3,55.19857385552203,4.854698191780822,104.53624126528076,14
5224,4.2,55.19857385552203,4.854698191780822,104.35940483574096,20
5225,4.2,55.19857385552203,4.854698191780822,101.63530316104372,19
5226,4.2,55.19857385552203,67.96577468493152,100.05903702043716,23
5227,4.1,55.19857385552203,4.854698191780822,98.67078844857714,23
5228,4.4,106.92199389571088,4.854698191780822,97.7513009438075,19
5229,4.5,106.92199389571088,4.854698191780822,96.72368757390863,16
5230,4.6,55.19857385552203,4.854698191780822,95.27438908071323,15
5231,4.5,21.904727066198586,4.854698191780822,95.905811204227,4
5232,4.8,21.904727066198586,4.854698191780822,94.71476961419728,4
5233,5.0,21.904727066198586,4.854698191780822,94.47654269096128,4
5234,5.3,21.904727066198586,5.19411595849872,93.83372027312804,4
5235,5.8,21.904727066198586,5.626292073344276,92.54436852658976,13
5236,6.7,34.80523813220465,4.854698191780822,92.52438058964752,18
5237,7.0,34.80523813220465,4.854698191780822,94.53093967197488,26
5238,6.6,159.49333885459012,4.854698191780822,95.9908566773872,23
5239,5.4,106.92199389571088,30.0991287890411,97.89277801278408,17
5240,5.1,97.16392228507412,4.854698191780822,99.34495028914635,11
5241,5.0,97.16392228507412,4.854698191780822,100.084851293908,16
5242,4.9,97.16392228507412,4.854698191780822,101.47899941508508,24
5243,5.0,97.16392228507412,42.721344087671234,101.59109604707628,15
5244,5.1,201.45868728414223,4.854698191780822,101.3547881204276,11
5245,4.9,148.88734232526292,4.854698191780822,100.37346637514322,13
5246,4.6,97.16392228507412,4.854698191780822,97.44270843637688,10
5247,4.7,55.19857385552203,4.854698191780822,92.8473914255041,11
5248,4.6,55.19857385552203,4.854698191780822,97.3732093243256,14
5249,4.6,55.19857385552203,4.854698191780822,96.35401325046251,28
5250,4.7,55.19857385552203,67.96577468493152,95.327920556089,22
5251,4.9,55.19857385552203,4.854698191780822,95.26202977135286,25
5252,5.2,106.92199389571088,4.854698191780822,94.87795270438129,18
5253,5.1,106.92199389571088,4.854698191780822,94.60949034926892,18
5254,5.4,55.19857385552203,4.854698191780822,93.66455608472891,11
5255,5.5,21.904727066198586,4.854698191780822,93.05761155763729,8
5256,5.3,21.904727066198586,4.854698191780822,92.43819258622251,4
5257,5.2,21.904727066198586,4.854698191780822,91.62110089815978,3
5258,4.9,21.904727066198586,4.854698191780822,90.40266588555365,4
5259,5.1,21.904727066198586,4.854698191780822,90.7734573684963,6
5260,5.7,34.80523813220465,4.854698191780822,90.46258245842608,10
5261,6.5,34.80523813220465,4.854698191780822,91.60340527053812,24
5262,7.1,159.49333885459012,4.854698191780822,93.10079006817078,24
5263,6.0,106.92199389571088,30.0991287890411,95.24058821020144,18
5264,6.0,97.16392228507412,4.854698191780822,96.77404178340365,12
5265,5.3,97.16392228507412,4.854698191780822,97.86177239687068,15
5266,5.3,97.16392228507412,4.854698191780822,98.84549530415286,15
5267,5.1,97.16392228507412,42.721344087671234,100.01483993396384,13
5268,5.1,201.45868728414223,4.854698191780822,99.74531961781425,11
5269,5.0,148.88734232526292,4.854698191780822,99.8191712663835,8
5270,4.9,97.16392228507412,4.854698191780822,100.00431179000728,6
5271,4.7,55.19857385552203,4.854698191780822,98.99309856797647,10
5272,4.6,55.19857385552203,4.854698191780822,98.10420567267413,17
5273,4.8,55.19857385552203,4.854698191780822,97.33528171713353,12
5274,5.0,55.19857385552203,67.96577468493152,96.96279667500166,26
5275,4.8,55.19857385552203,4.854698191780822,96.58158239719738,19
5276,4.9,106.92199389571088,4.854698191780822,96.62094405686314,22
5277,5.2,106.92199389571088,4.854698191780822,95.4659443010633,12
5278,6.0,55.19857385552203,4.854698191780822,94.80215934634644,10
5279,6.4,21.904727066198586,4.854698191780822,94.5508540336891,6
5280,5.9,21.904727066198586,4.854698191780822,94.15588650402732,4
5281,5.9,21.904727066198586,4.854698191780822,93.31231244559574,4
5282,6.5,21.904727066198586,4.854698191780822,93.50143013918012,3
5283,7.2,21.904727066198586,4.854698191780822,94.63700313526942,4
5284,6.8,34.80523813220465,4.854698191780822,96.27750105399308,8
5285,6.9,34.80523813220465,4.854698191780822,103.79464609726402,20
5286,6.8,159.49333885459012,4.854698191780822,110.01409676050754,29
5287,6.6,106.92199389571088,30.0991287890411,115.43950266240589,18
5288,5.6,97.16392228507412,4.854698191780822,116.32869952367484,10
5289,5.3,97.16392228507412,4.854698191780822,117.19633787663194,8
5290,5.6,97.16392228507412,4.854698191780822,117.822175531608,19
5291,5.3,97.16392228507412,42.721344087671234,118.5291861139995,10
5292,5.0,201.45868728414223,4.854698191780822,117.90938537292875,14
5293,4.8,148.88734232526292,4.854698191780822,117.37107855989872,9
5294,4.5,97.16392228507412,4.854698191780822,116.16985326429511,9
5295,4.5,55.19857385552203,4.854698191780822,111.9473646466182,17
5296,4.7,55.19857385552203,4.854698191780822,109.0306134257658,17
5297,5.0,55.19857385552203,4.854698191780822,106.42195949910986,23
5298,5.0,55.19857385552203,67.96577468493152,104.66248620823552,15
5299,4.5,55.19857385552203,4.854698191780822,103.81861954027649,29
5300,4.5,106.92199389571088,4.854698191780822,102.25418596355551,23
5301,4.6,106.92199389571088,4.854698191780822,101.18151386756732,17
5302,5.1,55.19857385552203,4.854698191780822,100.72190367415551,8
5303,5.4,21.904727066198586,4.854698191780822,99.1586800414551,6
5304,5.0,21.904727066198586,4.854698191780822,97.0229543909859,4
5305,5.0,21.904727066198586,4.854698191780822,95.90436531206149,4
5306,5.2,21.904727066198586,4.854698191780822,95.3102244452146,4
5307,5.1,21.904727066198586,4.854698191780822,96.27541690578558,3
5308,6.0,34.80523813220465,4.854698191780822,98.40268635837432,9
5309,5.8,34.80523813220465,4.854698191780822,105.8435485085958,16
5310,6.1,139.10000313127276,4.854698191780822,112.60416877403662,17
5311,5.8,86.52865817239348,30.0991287890411,114.7415377254112,25
5312,5.4,34.80523813220465,4.854698191780822,115.459247281599,16
5313,4.7,34.80523813220465,4.854698191780822,116.36180463106987,14
5314,4.7,34.80523813220465,4.854698191780822,116.92750208797312,20
5315,5.4,34.80523813220465,42.721344087671234,115.6891640700919,18
5316,5.3,139.10000313127276,4.854698191780822,115.59504311067889,10
5317,4.9,86.52865817239348,4.854698191780822,115.42641339979816,12
5318,4.7,34.80523813220465,4.854698191780822,115.24634376787422,17
5319,4.8,34.80523813220465,4.854698191780822,110.73833204073615,29
5320,4.7,34.80523813220465,4.854698191780822,108.00570457976544,26
5321,5.0,34.80523813220465,4.854698191780822,105.78162764502936,15
5322,4.8,34.80523813220465,67.96577468493152,106.11778645870022,24
5323,4.7,34.80523813220465,4.854698191780822,103.81118518029172,14
5324,5.1,86.52865817239348,4.854698191780822,101.51724077411156,15
5325,5.1,86.52865817239348,4.854698191780822,99.89811132456404,16
5326,5.1,34.80523813220465,4.854698191780822,97.95193213366314,10
5327,4.7,21.904727066198586,4.854698191780822,96.24785434475396,6
5328,4.3,21.904727066198586,4.854698191780822,94.45038724106364,4
5329,4.3,21.904727066198586,4.854698191780822,95.25567705178906,4
5330,4.7,21.904727066198586,4.854698191780822,95.4897626199497,4
5331,4.7,21.904727066198586,4.854698191780822,95.5433014649296,3
5332,4.6,21.904727066198586,4.854698191780822,96.9036008735747,7
5333,4.8,21.904727066198586,4.854698191780822,104.05075095521376,4
5334,4.9,126.1994920652667,4.854698191780822,113.64206817827476,13
5335,4.5,73.62814710638742,30.0991287890411,117.94422402867632,15
5336,4.8,21.904727066198586,4.854698191780822,117.09774272182636,24
5337,5.3,21.904727066198586,4.854698191780822,115.93191653432294,25
5338,4.8,21.904727066198586,4.854698191780822,116.86063984443828,21
5339,4.7,21.904727066198586,42.721344087671234,115.51399691629167,26
5340,4.7,126.1994920652667,4.854698191780822,113.8216776327874,23
5341,4.6,73.62814710638742,4.854698191780822,114.20598339911302,22
5342,4.5,21.904727066198586,4.854698191780822,113.25773655792813,15
5343,4.4,21.904727066198586,4.854698191780822,110.96550407454086,12
5344,4.4,21.904727066198586,4.854698191780822,108.60826540053812,22
5345,4.5,21.904727066198586,4.854698191780822,105.58989446686176,21
5346,4.5,21.904727066198586,67.96577468493152,104.192493571565,24
5347,4.4,21.904727066198586,4.854698191780822,102.19400710526438,11
5348,4.6,73.62814710638742,4.854698191780822,101.70725574720076,18
5349,4.6,73.62814710638742,4.854698191780822,100.1960636942181,17
5350,4.9,21.904727066198586,5.19411595849872,99.94143444847673,12
5351,4.0,21.904727066198586,5.770350778292794,97.88260989211072,5
5352,3.8,21.904727066198586,6.202526893138352,95.0566677789055,6
5353,3.9,21.904727066198586,6.490644303035387,94.00379635942704,4
5354,3.8,21.904727066198586,6.922820417880944,93.99747553454334,3
5355,4.0,21.904727066198586,7.643113942623536,94.27695653513231,12
5356,4.2,34.80523813220465,7.354996532726499,96.96149237588575,12
5357,4.2,34.80523813220465,4.854698191780822,103.22698023118188,11
5358,4.7,159.49333885459012,4.854698191780822,109.6878050010598,11
5359,4.8,106.92199389571088,30.0991287890411,114.63604353383155,11
5360,4.9,97.16392228507412,4.854698191780822,116.11125355510954,24
5361,4.6,97.16392228507412,4.854698191780822,116.16008273980462,28
5362,4.6,97.16392228507412,4.854698191780822,118.1742760071202,38
5363,4.7,97.16392228507412,42.721344087671234,118.7530066693146,23
5364,4.7,201.45868728414223,4.854698191780822,118.17559166267525,30
5365,4.5,148.88734232526292,4.854698191780822,117.06478210699731,28
5366,4.5,97.16392228507412,4.854698191780822,117.85339269140358,21
5367,4.5,55.19857385552203,4.854698191780822,115.10822578861772,29
5368,4.6,55.19857385552203,4.854698191780822,112.32274739292704,26
5369,4.6,55.19857385552203,4.854698191780822,108.01889943309448,24
5370,4.6,55.19857385552203,67.96577468493152,105.59256153867378,39
5371,4.8,55.19857385552203,4.854698191780822,104.17044129977717,36
5372,4.8,106.92199389571088,4.854698191780822,103.75964941787402,39
5373,4.9,106.92199389571088,4.854698191780822,102.699666572047,47
5374,5.1,55.19857385552203,4.854698191780822,100.52687495400174,24
5375,5.0,21.904727066198586,4.854698191780822,99.30331456295056,14
5376,4.5,21.904727066198586,4.854698191780822,97.27744216449082,14
5377,4.5,21.904727066198586,4.854698191780822,95.993117333654,16
5378,4.2,21.904727066198586,4.854698191780822,96.07544946355338,16
5379,4.6,21.904727066198586,4.854698191780822,97.17330772527774,17
5380,4.7,34.80523813220465,4.854698191780822,100.84889330956588,24
5381,4.8,34.80523813220465,4.854698191780822,106.94889126777556,56
5382,4.7,159.49333885459012,4.854698191780822,113.460543834823,56
5383,4.6,106.92199389571088,30.0991287890411,116.0391121379486,15
5384,4.8,97.16392228507412,4.854698191780822,118.1693271367345,13
5385,6.0,97.16392228507412,4.854698191780822,117.12919474244828,12
5386,6.5,97.16392228507412,4.854698191780822,116.06073552293935,12
5387,7.1,97.16392228507412,42.721344087671234,116.04597033986708,10
5388,6.4,201.45868728414223,4.854698191780822,113.89993799600444,11
5389,5.2,148.88734232526292,4.854698191780822,112.0379427594609,18
5390,4.9,97.16392228507412,4.854698191780822,108.92580943989654,15
5391,5.0,55.19857385552203,4.854698191780822,107.34766054665732,9
5392,5.1,55.19857385552203,4.854698191780822,106.77706266545444,14
5393,5.7,55.19857385552203,4.854698191780822,104.60746667689364,20
5394,5.4,55.19857385552203,67.96577468493152,102.61942789297018,23
5395,5.0,55.19857385552203,4.854698191780822,101.51693849952947,35
5396,5.0,106.92199389571088,4.854698191780822,101.38137910184732,35
5397,5.0,106.92199389571088,4.854698191780822,99.5614667210872,18
5398,5.1,55.19857385552203,4.854698191780822,98.03942395295132,25
5399,4.7,21.904727066198586,4.854698191780822,96.20968027867002,20
5400,4.4,21.904727066198586,4.854698191780822,95.58257589747774,19
5401,4.3,21.904727066198586,4.854698191780822,94.90278947839433,20
5402,4.4,21.904727066198586,4.854698191780822,94.80372810551832,23
5403,4.7,21.904727066198586,4.854698191780822,93.86044922320193,26
5404,5.0,34.80523813220465,4.854698191780822,91.80191945100069,33
5405,5.3,34.80523813220465,4.854698191780822,92.37335795032584,52
5406,5.6,159.49333885459012,4.854698191780822,94.47628644620164,50
5407,4.8,106.92199389571088,30.0991287890411,98.57483330343074,17
5408,5.3,97.16392228507412,4.854698191780822,99.82327444449326,13
5409,5.3,97.16392228507412,4.854698191780822,100.71465295020784,9
5410,5.5,97.16392228507412,4.854698191780822,102.28095743986955,11
5411,5.6,97.16392228507412,42.721344087671234,100.6920640262643,9
5412,6.3,201.45868728414223,4.854698191780822,100.75314813773028,10
5413,7.0,148.88734232526292,4.854698191780822,99.45130684522113,10
5414,5.8,97.16392228507412,4.854698191780822,98.33216250891093,7
5415,5.7,55.19857385552203,4.854698191780822,98.66348263381832,10
5416,5.6,55.19857385552203,4.854698191780822,97.77151721766424,32
5417,5.4,55.19857385552203,4.854698191780822,96.38323965064048,30
5418,5.2,55.19857385552203,67.96577468493152,95.17885943959482,21
5419,5.5,55.19857385552203,4.854698191780822,94.85273706022863,31
5420,5.8,106.92199389571088,4.854698191780822,96.38185923921976,29
5421,6.0,106.92199389571088,4.854698191780822,95.09698555409584,17
5422,5.5,55.19857385552203,4.854698191780822,92.57961275219024,14
5423,5.5,21.904727066198586,4.854698191780822,91.47238397842192,5
5424,5.9,21.904727066198586,4.854698191780822,91.8223179111363,4
5425,5.5,21.904727066198586,4.854698191780822,91.04830361297353,15
5426,5.2,21.904727066198586,4.854698191780822,90.2258904666709,16
5427,5.0,21.904727066198586,4.854698191780822,90.3235241901719,12
5428,4.9,34.80523813220465,4.854698191780822,89.09631983191682,24
5429,4.7,34.80523813220465,4.854698191780822,90.526488040951,47
5430,5.3,159.49333885459012,4.854698191780822,92.33296502933617,52
5431,5.2,106.92199389571088,30.0991287890411,85.68135836428795,22
5432,5.5,97.16392228507412,4.854698191780822,94.60217752734552,22
5433,5.1,97.16392228507412,4.854698191780822,96.16717167723226,20
5434,4.9,97.16392228507412,4.854698191780822,97.06535015291142,11
5435,4.7,97.16392228507412,42.721344087671234,97.88477172319442,11
5436,4.9,201.45868728414223,4.854698191780822,98.71605050325223,7
5437,5.1,148.88734232526292,4.854698191780822,98.58563110241016,24
5438,4.8,97.16392228507412,4.854698191780822,97.45294699113552,11
5439,5.1,55.19857385552203,4.854698191780822,97.83043224925557,11
5440,5.1,55.19857385552203,4.854698191780822,97.00456759114842,23
5441,5.7,55.19857385552203,4.854698191780822,96.3060883524368,31
5442,5.5,55.19857385552203,67.96577468493152,95.6537175855553,37
5443,5.7,55.19857385552203,4.854698191780822,96.39241251231824,40
5444,6.2,106.92199389571088,4.854698191780822,97.75863092120277,31
5445,5.5,106.92199389571088,4.854698191780822,96.30648764000422,22
5446,5.3,55.19857385552203,4.854698191780822,95.1744212465306,13
5447,5.5,21.904727066198586,4.854698191780822,94.41865360491384,10
5448,5.6,21.904727066198586,4.854698191780822,93.8090363277906,5
5449,5.1,21.904727066198586,4.854698191780822,93.673242673348,19
5450,5.4,21.904727066198586,4.854698191780822,93.489230061594,6
5451,4.8,21.904727066198586,5.626292073344276,93.30638426355446,10
5452,3.2,34.80523813220465,5.48223336839576,96.37954131750452,25
5453,3.3,34.80523813220465,4.854698191780822,105.00990154853892,45
5454,4.7,159.49333885459012,4.854698191780822,113.03865985302843,37
5455,4.6,106.92199389571088,30.0991287890411,117.59423742141448,17
5456,4.8,97.16392228507412,4.854698191780822,114.54406978710718,20
5457,4.9,97.16392228507412,4.854698191780822,109.05249051843936,15
5458,4.8,97.16392228507412,4.854698191780822,116.11527784221128,12
5459,4.8,97.16392228507412,42.721344087671234,117.81060682371248,12
5460,5.1,201.45868728414223,4.854698191780822,117.50977390535331,10
5461,5.3,148.88734232526292,4.854698191780822,117.45258674389494,9
5462,5.6,97.16392228507412,4.854698191780822,116.32680807249308,12
5463,5.6,55.19857385552203,4.854698191780822,111.69495461822213,12
5464,4.7,55.19857385552203,4.854698191780822,108.23294680602906,28
5465,4.7,55.19857385552203,4.854698191780822,105.7317592253403,19
5466,4.8,55.19857385552203,67.96577468493152,105.78579255867524,40
5467,4.9,55.19857385552203,4.854698191780822,106.03143499503958,23
5468,5.0,106.92199389571088,4.854698191780822,107.82234423838258,16
5469,5.1,106.92199389571088,4.854698191780822,104.05224130663036,18
5470,5.2,55.19857385552203,4.854698191780822,101.57296537118523,15
5471,4.7,21.904727066198586,4.854698191780822,100.14887841449428,7
5472,4.8,21.904727066198586,4.854698191780822,98.0082146460126,4
5473,4.7,21.904727066198586,4.854698191780822,96.13058533798984,4
5474,5.0,21.904727066198586,4.854698191780822,95.35981342401304,4
5475,5.1,21.904727066198586,4.854698191780822,96.97003036429064,4
5476,5.7,34.80523813220465,4.854698191780822,98.80890268262496,14
5477,5.8,34.80523813220465,4.854698191780822,105.78409090500284,29
5478,5.7,139.10000313127276,4.854698191780822,115.0187654393375,37
5479,4.9,86.52865817239348,30.0991287890411,117.06672043369382,27
5480,5.0,34.80523813220465,4.854698191780822,117.4556373975607,14
5481,4.8,34.80523813220465,4.854698191780822,118.13431124804852,20
5482,4.7,34.80523813220465,4.854698191780822,118.51939879647668,18
5483,4.7,34.80523813220465,42.721344087671234,117.61247646673004,12
5484,5.1,139.10000313127276,4.854698191780822,118.67340056806016,10
5485,5.0,86.52865817239348,4.854698191780822,119.3867737766964,9
5486,5.4,34.80523813220465,4.854698191780822,119.46628431472364,14
5487,5.6,34.80523813220465,4.854698191780822,114.3028863236744,9
5488,5.2,34.80523813220465,4.854698191780822,111.05806932260568,13
5489,5.4,34.80523813220465,4.854698191780822,110.63939558869065,18
5490,5.5,34.80523813220465,67.96577468493152,110.71343449769245,20
5491,5.6,34.80523813220465,4.854698191780822,109.09930997584722,15
5492,5.5,86.52865817239348,4.854698191780822,106.36852793623584,19
5493,5.5,86.52865817239348,4.854698191780822,104.39500280233916,13
5494,5.7,34.80523813220465,4.854698191780822,100.58343739049454,12
5495,5.4,21.904727066198586,4.854698191780822,99.57482745091548,7
5496,5.1,21.904727066198586,4.854698191780822,97.23548737068064,5
5497,5.0,21.904727066198586,4.854698191780822,96.95697154660486,16
5498,5.0,21.904727066198586,4.854698191780822,97.52710175997912,14
5499,4.9,21.904727066198586,4.854698191780822,98.90590358667716,15
5500,5.2,21.904727066198586,4.854698191780822,100.55923754357848,16
5501,5.5,21.904727066198586,4.854698191780822,107.3283357532726,15
5502,5.9,126.1994920652667,4.854698191780822,114.52350822917548,16
5503,5.1,73.62814710638742,30.0991287890411,119.84998021610514,15
5504,4.5,21.904727066198586,4.854698191780822,121.18517138351665,20
5505,4.5,21.904727066198586,4.854698191780822,120.352796465456,32
5506,4.8,21.904727066198586,4.854698191780822,119.4098919831915,36
5507,5.1,21.904727066198586,42.721344087671234,120.12987415615116,34
5508,5.3,126.1994920652667,4.854698191780822,120.08365779814925,21
5509,5.4,73.62814710638742,4.854698191780822,118.90817887900802,11
5510,5.6,21.904727066198586,4.854698191780822,118.3409091593506,11
5511,5.9,21.904727066198586,4.854698191780822,115.48623598001475,24
5512,5.8,21.904727066198586,4.854698191780822,111.0508049467684,20
5513,5.5,21.904727066198586,4.854698191780822,108.95701947171436,21
5514,5.2,21.904727066198586,67.96577468493152,107.86252911907238,17
5515,5.4,21.904727066198586,4.854698191780822,107.8290363221754,13
5516,5.1,73.62814710638742,4.854698191780822,107.092117349192,13
5517,5.3,73.62814710638742,4.854698191780822,103.96604641685396,17
5518,5.7,21.904727066198586,5.19411595849872,103.711117191981,16
5519,5.4,21.904727066198586,5.338174663447239,102.8722720031302,9
5520,5.0,21.904727066198586,5.914409483241313,98.22868372283808,8
5521,5.3,21.904727066198586,6.058468188189831,96.34534852902944,4
5522,4.9,21.904727066198586,6.058468188189831,96.46835084617184,4
5523,5.2,21.904727066198586,5.770350778292794,97.7655745380411,4
5524,5.1,34.80523813220465,6.202526893138352,102.36830863261356,4
5525,5.1,34.80523813220465,6.634703007983905,109.93215280336284,4
5526,5.5,159.49333885459012,6.778761712932424,120.3878449737012,11
5527,5.0,106.92199389571088,31.591016195347148,120.70020008688071,18
5528,5.4,97.16392228507412,4.905998548601684,120.61014388698548,21
5529,5.8,97.16392228507412,4.854698191780822,119.84475758304838,32
5530,5.7,97.16392228507412,4.854698191780822,119.24059212158868,24
5531,6.1,97.16392228507412,42.721344087671234,118.24973567914562,28
5532,6.3,201.45868728414223,4.854698191780822,117.2916162263312,23
5533,5.8,148.88734232526292,4.854698191780822,115.42371419167968,25
5534,5.7,97.16392228507412,4.854698191780822,119.12132691861372,22
5535,5.5,55.19857385552203,4.854698191780822,117.20246636692944,17
5536,5.6,55.19857385552203,4.854698191780822,112.23124481761354,19
5537,5.3,55.19857385552203,4.854698191780822,109.3135701007958,23
5538,5.2,55.19857385552203,67.96577468493152,108.3241490397714,44
5539,5.9,55.19857385552203,4.854698191780822,108.0798673222791,48
5540,5.3,106.92199389571088,4.854698191780822,107.36851096890784,41
5541,4.9,106.92199389571088,4.854698191780822,104.6643721020109,20
5542,4.7,55.19857385552203,4.854698191780822,102.14826373087108,9
5543,4.4,21.904727066198586,4.854698191780822,101.20476750563977,4
5544,4.4,21.904727066198586,4.854698191780822,98.30420549283916,4
5545,4.5,21.904727066198586,5.19411595849872,97.49404207834064,4
5546,4.3,21.904727066198586,5.770350778292794,97.27178834918652,4
5547,4.0,21.904727066198586,6.922820417880944,98.2028036061829,10
5548,4.0,34.80523813220465,7.066879122829462,99.90170950357188,27
5549,3.7,34.80523813220465,6.202526893138352,107.94761989717594,41
5550,4.3,159.49333885459012,4.854698191780822,115.70804632478992,54
5551,4.5,106.92199389571088,30.0991287890411,118.60774766447994,24
5552,4.3,97.16392228507412,4.854698191780822,118.75396979200372,7
5553,4.9,97.16392228507412,4.854698191780822,117.77768064064038,16
5554,5.3,97.16392228507412,4.854698191780822,117.61394676315837,7
5555,5.2,97.16392228507412,42.721344087671234,116.2551059320629,5
5556,5.1,201.45868728414223,4.854698191780822,115.45609997738742,5
5557,5.3,148.88734232526292,4.854698191780822,112.67080268065696,8
5558,5.6,97.16392228507412,4.854698191780822,110.03679707420513,13
5559,5.3,55.19857385552203,4.854698191780822,106.7342278684245,8
5560,5.1,55.19857385552203,4.854698191780822,104.79497731352735,19
5561,5.3,55.19857385552203,4.854698191780822,103.21996920058784,29
5562,5.0,55.19857385552203,67.96577468493152,102.14956899649242,43
5563,5.2,55.19857385552203,4.854698191780822,102.7413543687244,18
5564,5.0,106.92199389571088,4.854698191780822,100.81237051805734,21
5565,5.0,106.92199389571088,4.854698191780822,98.46287403602776,25
5566,5.5,55.19857385552203,5.914409483241313,96.93419052970152,24
5567,4.8,21.904727066198586,7.787172647572055,94.95418835947648,18
5568,4.5,21.904727066198586,8.075290057469092,95.4173770393474,20
5569,4.3,21.904727066198586,7.066879122829462,93.764206059429,19
5570,4.5,21.904727066198586,6.34658559808687,93.89242472734266,22
5571,4.6,21.904727066198586,7.499055237675016,94.47154513286308,25
5572,4.5,34.80523813220465,8.939642287160202,95.99701090089252,41
5573,4.3,34.80523813220465,6.922820417880944,98.25181654772824,74
5574,4.3,159.49333885459012,4.854698191780822,100.10836770065188,64
5575,4.8,106.92199389571088,30.0991287890411,101.98850629847058,33
5576,5.3,97.16392228507412,4.854698191780822,102.81206704919164,21
5577,5.2,97.16392228507412,4.854698191780822,102.88443354131115,9
5578,5.3,97.16392228507412,4.854698191780822,102.09743327581153,11
5579,5.7,97.16392228507412,42.721344087671234,103.6687109193086,7
5580,6.4,201.45868728414223,4.854698191780822,102.09085801836596,8
5581,6.6,148.88734232526292,4.854698191780822,100.03615476208704,8
5582,5.5,97.16392228507412,4.854698191780822,100.0258984477906,9
5583,5.9,55.19857385552203,4.854698191780822,99.917028011019,10
5584,6.2,55.19857385552203,4.854698191780822,97.89120176319489,17
5585,6.3,55.19857385552203,4.854698191780822,96.35393411782812,28
5586,6.2,55.19857385552203,67.96577468493152,97.67234481747374,39
5587,6.2,55.19857385552203,4.854698191780822,98.13672374881648,24
5588,6.1,106.92199389571088,7.210937827777981,96.65157527272464,34
5589,6.4,106.92199389571088,8.651524877263165,94.82225045774632,47
5590,6.4,55.19857385552203,9.22775969705724,94.33109171397996,35
5591,5.2,21.904727066198586,8.939642287160202,92.92603114211347,31
5592,5.5,21.904727066198586,10.380229336645383,94.95772431969544,34
5593,5.5,21.904727066198586,11.532698976233537,93.15084973512738,33
5594,6.1,21.904727066198586,11.964875091079092,92.123008028314,36
5595,6.2,21.904727066198586,12.108933796027612,94.0452488120253,36
5596,6.2,34.80523813220465,12.685168615821684,92.46362835199328,49
5597,5.9,34.80523813220465,10.092111926748352,93.24806508257814,94
5598,6.1,159.49333885459012,7.210937827777981,95.33182886253574,56
5599,6.8,106.92199389571088,30.0991287890411,97.0269639388794,19
5600,5.9,97.16392228507412,4.854698191780822,98.04812540159182,7
5601,6.2,97.16392228507412,4.854698191780822,98.85167030752554,11
5602,5.9,97.16392228507412,4.854698191780822,99.37352562708504,11
5603,6.2,97.16392228507412,42.721344087671234,99.6597152628728,9
5604,5.9,201.45868728414223,4.854698191780822,101.17657514548893,9
5605,5.8,148.88734232526292,4.854698191780822,100.12010880895852,6
5606,5.7,97.16392228507412,4.854698191780822,100.1182156663922,5
5607,5.9,55.19857385552203,4.854698191780822,99.11714422776105,9
5608,5.9,55.19857385552203,4.854698191780822,98.43516070014468,23
5609,6.4,55.19857385552203,4.854698191780822,98.51956972946064,24
5610,6.0,55.19857385552203,67.96577468493152,98.31906696401776,31
5611,5.8,55.19857385552203,4.854698191780822,99.5240770949958,23
5612,5.9,106.92199389571088,4.854698191780822,100.41839148185296,26
5613,5.5,106.92199389571088,4.854698191780822,97.42592216957826,18
5614,5.2,55.19857385552203,4.905998548601684,98.42284790385948,9
5615,5.2,21.904727066198586,5.338174663447239,96.38762746460768,4
5616,5.9,21.904727066198586,6.634703007983905,97.54159897941312,4
5617,5.7,21.904727066198586,7.643113942623536,97.78132591912032,4
5618,5.9,21.904727066198586,8.507466172314647,97.35844426206648,4
5619,5.4,21.904727066198586,10.236170631696872,99.16631495132243,4
5620,5.7,34.80523813220465,10.668346746542426,101.46779556300002,9
5621,5.6,34.80523813220465,9.22775969705724,110.82875974116688,54
5622,5.7,159.49333885459012,7.210937827777981,118.00046171933516,47
5623,6.1,106.92199389571088,30.29448785081048,120.9311042815124,16
5624,5.2,97.16392228507412,4.854698191780822,119.30807993578138,15
5625,5.3,97.16392228507412,4.854698191780822,122.24591317775472,13
5626,5.0,97.16392228507412,4.854698191780822,122.67183002438698,8
5627,5.2,97.16392228507412,42.721344087671234,123.63996476919918,6
5628,5.2,201.45868728414223,4.854698191780822,125.01579241697586,8
5629,5.4,148.88734232526292,4.854698191780822,123.56978511649211,6
5630,5.0,97.16392228507412,4.854698191780822,123.06526298500744,8
5631,5.3,55.19857385552203,4.854698191780822,118.41799316461172,6
5632,5.4,55.19857385552203,4.854698191780822,116.71305941430612,20
5633,5.7,55.19857385552203,4.854698191780822,116.45938072668292,19
5634,5.4,55.19857385552203,67.96577468493152,116.11445148004448,29
5635,5.4,55.19857385552203,4.905998548601684,111.98592579813818,19
5636,5.6,106.92199389571088,6.058468188189831,110.69713945729296,29
5637,5.4,106.92199389571088,7.354996532726499,108.17411912236854,14
5638,5.5,55.19857385552203,9.22775969705724,108.1917049308075,10
5639,5.9,21.904727066198586,10.956464156439464,104.95286745738252,5
5640,6.3,21.904727066198586,11.676757681182051,102.25409595773472,5
5641,6.3,21.904727066198586,11.964875091079092,101.00671241526987,4
5642,6.6,21.904727066198586,12.397051205924647,100.92585396456792,3
5643,6.4,21.904727066198586,13.405462140564278,103.02357118382608,4
5644,6.7,34.80523813220465,13.693579550461315,104.78964184095834,7
5645,6.3,34.80523813220465,11.388640271285018,111.2731535142706,63
5646,6.8,139.10000313127276,6.922820417880944,119.87455808746851,34
5647,6.6,86.52865817239348,30.0991287890411,122.30941608994311,20
5648,6.6,34.80523813220465,4.854698191780822,120.77089416211793,13
5649,5.5,34.80523813220465,4.854698191780822,119.41187380263362,10
5650,5.8,34.80523813220465,4.854698191780822,119.41924703114812,14
5651,6.0,34.80523813220465,42.721344087671234,119.79528736360813,13
5652,5.4,139.10000313127276,4.854698191780822,111.55700154895946,12
5653,5.3,86.52865817239348,4.854698191780822,118.86500399287,11
5654,5.3,34.80523813220465,4.854698191780822,117.83342287643868,11
5655,5.9,34.80523813220465,4.854698191780822,115.6593605453422,15
5656,5.8,34.80523813220465,4.854698191780822,112.81712592881432,16
5657,5.5,34.80523813220465,4.854698191780822,111.21201974858673,38
5658,5.5,34.80523813220465,67.96577468493152,111.86025048933784,29
5659,5.8,34.80523813220465,4.854698191780822,110.19889344981452,19
5660,6.1,86.52865817239348,4.854698191780822,109.67744647881116,12
5661,6.3,86.52865817239348,4.854698191780822,106.6374137415521,12
5662,6.4,34.80523813220465,4.854698191780822,106.18803376678936,19
5663,6.3,21.904727066198586,4.854698191780822,104.7817084017176,18
5664,6.6,21.904727066198586,4.854698191780822,102.5782092138796,18
5665,7.1,21.904727066198586,4.854698191780822,99.57980676622316,19
5666,7.0,21.904727066198586,4.854698191780822,101.14916770858336,18
5667,6.9,21.904727066198586,4.854698191780822,101.4034761953258,22
5668,6.9,21.904727066198586,4.854698191780822,104.40651122445674,25
5669,6.7,21.904727066198586,4.854698191780822,112.7317187409864,27
5670,7.5,126.1994920652667,4.854698191780822,123.55865145686596,20
5671,7.4,73.62814710638742,30.0991287890411,124.52620122424958,25
5672,6.1,21.904727066198586,4.854698191780822,125.18619614862516,32
5673,5.5,21.904727066198586,4.854698191780822,125.68020173421876,29
5674,5.8,21.904727066198586,4.854698191780822,127.13943215831618,33
5675,6.2,21.904727066198586,42.721344087671234,127.2136809198156,17
5676,6.0,126.1994920652667,4.854698191780822,126.80211957875454,25
5677,5.8,73.62814710638742,4.854698191780822,126.2582414658237,18
5678,6.3,21.904727066198586,4.854698191780822,127.82224808875849,15
5679,6.6,21.904727066198586,4.854698191780822,124.02453342500944,15
5680,6.2,21.904727066198586,5.19411595849872,120.6891536543722,23
5681,5.7,21.904727066198586,5.770350778292794,118.85582134532446,35
5682,5.7,21.904727066198586,69.88983820608311,117.98224611177696,13
5683,5.7,21.904727066198586,7.643113942623536,118.51719552647144,21
5684,5.8,73.62814710638742,7.354996532726499,114.28836868681262,14
5685,5.9,73.62814710638742,7.066879122829462,110.57803795618,39
5686,6.1,21.904727066198586,6.778761712932424,109.66405300861048,28
5687,6.0,21.904727066198586,6.634703007983905,107.7600992330481,23
5688,6.8,21.904727066198586,6.634703007983905,105.88103647661757,23
5689,6.2,21.904727066198586,6.34658559808687,106.71201491510423,20
5690,6.3,21.904727066198586,5.770350778292794,104.95099279923308,19
5691,6.2,21.904727066198586,5.338174663447239,106.75532559525917,18
5692,6.1,34.80523813220465,4.854698191780822,109.156177948878,19
5693,5.9,34.80523813220465,4.854698191780822,118.81204541360458,23
5694,5.5,159.49333885459012,4.854698191780822,123.92018840841963,29
5695,5.8,106.92199389571088,30.0991287890411,125.72230790694636,32
5696,5.6,97.16392228507412,4.854698191780822,125.36669237189577,30
5697,5.6,97.16392228507412,4.854698191780822,127.6018975296648,31
5698,6.0,97.16392228507412,4.854698191780822,126.5472404913522,32
5699,6.3,97.16392228507412,42.721344087671234,125.11300160295433,20
5700,5.6,201.45868728414223,4.854698191780822,125.96959098632604,12
5701,5.8,148.88734232526292,4.854698191780822,126.57880957994776,17
5702,6.0,97.16392228507412,4.854698191780822,124.4210836073591,19
5703,5.6,55.19857385552203,4.854698191780822,122.60180138815775,25
5704,5.3,55.19857385552203,4.854698191780822,123.20749284092282,54
5705,5.5,55.19857385552203,4.854698191780822,116.7198862047972,40
5706,5.4,55.19857385552203,67.96577468493152,114.25315067767268,57
5707,5.6,55.19857385552203,4.854698191780822,113.27052813685472,59
5708,5.5,106.92199389571088,4.854698191780822,112.80889577239792,43
5709,5.8,106.92199389571088,4.854698191780822,108.88156789417216,40
5710,5.3,55.19857385552203,4.854698191780822,107.2516680702376,36
5711,5.3,21.904727066198586,4.854698191780822,105.04130391494292,30
5712,5.0,21.904727066198586,4.854698191780822,101.79903643445984,31
5713,5.0,21.904727066198586,4.854698191780822,101.82227170892855,32
5714,4.9,21.904727066198586,4.854698191780822,100.61367185586543,33
5715,4.8,21.904727066198586,4.854698191780822,102.75243450811078,33
5716,4.7,34.80523813220465,4.854698191780822,104.8498895627634,42
5717,4.4,34.80523813220465,4.854698191780822,114.07197802139451,99
5718,4.4,159.49333885459012,4.854698191780822,122.8180560179326,70
5719,4.6,106.92199389571088,30.0991287890411,124.99269946043589,27
5720,5.1,97.16392228507412,4.854698191780822,126.19805898313707,15
5721,6.0,97.16392228507412,4.854698191780822,123.3330431080795,17
5722,5.6,97.16392228507412,4.854698191780822,124.30399727012656,15
5723,5.7,97.16392228507412,42.721344087671234,122.87482407846164,9
5724,5.8,201.45868728414223,4.854698191780822,121.38286306783424,5
5725,5.7,148.88734232526292,4.854698191780822,119.71156032470614,11
5726,5.6,97.16392228507412,4.854698191780822,118.02774628923432,7
5727,5.5,55.19857385552203,4.854698191780822,114.01036704364064,9
5728,5.4,55.19857385552203,4.854698191780822,110.42871697053072,31
5729,5.9,55.19857385552203,4.854698191780822,108.59216160740615,24
5730,5.2,55.19857385552203,67.96577468493152,106.79829836094324,41
5731,5.3,55.19857385552203,4.854698191780822,106.44359822737476,56
5732,5.6,106.92199389571088,4.854698191780822,104.58655608967833,50
5733,5.5,106.92199389571088,4.854698191780822,101.78573224520086,35
5734,5.1,55.19857385552203,4.854698191780822,100.1138334098314,31
5735,4.9,21.904727066198586,4.854698191780822,99.05142753482058,22
5736,4.6,21.904727066198586,4.854698191780822,98.27659738523784,18
5737,4.5,21.904727066198586,4.854698191780822,96.90114244612852,18
5738,4.6,21.904727066198586,4.854698191780822,96.87685211013894,17
5739,4.5,21.904727066198586,4.854698191780822,97.46961244475187,15
5740,4.7,34.80523813220465,4.854698191780822,98.22506452233654,16
5741,4.9,34.80523813220465,4.854698191780822,100.70774847684056,68
5742,4.6,185.56530667972552,4.854698191780822,102.91842819616734,35
5743,4.7,132.99396172084624,30.0991287890411,104.70468818581668,17
5744,5.1,142.97609432066915,4.854698191780822,105.9400973297199,6
5745,5.6,142.97609432066915,4.854698191780822,106.1281836411672,11
5746,5.7,142.97609432066915,4.854698191780822,106.36669568351338,11
5747,5.4,142.97609432066915,42.721344087671234,105.43864095354876,8
5748,5.6,273.3428271448726,4.854698191780822,105.91048372329274,7
5749,5.7,220.7714821859934,4.854698191780822,105.25232962937554,7
5750,5.3,142.97609432066915,4.854698191780822,105.26842411989244,7
5751,5.2,55.19857385552203,4.854698191780822,103.72625894974244,12
5752,5.4,55.19857385552203,4.854698191780822,104.639202004428,23
5753,5.8,55.19857385552203,4.854698191780822,100.58092169759992,23
5754,6.4,55.19857385552203,67.96577468493152,100.35858666117412,41
5755,6.4,55.19857385552203,4.854698191780822,101.6466460691016,42
5756,6.8,132.99396172084624,4.854698191780822,101.88774399680128,42
5757,6.2,132.99396172084624,4.854698191780822,99.48940250354975,25
5758,7.1,55.19857385552203,4.854698191780822,101.11347176249431,13
5759,6.2,21.904727066198586,4.854698191780822,99.23387634074317,14
5760,6.0,21.904727066198586,4.854698191780822,100.60371080898648,22
5761,6.2,21.904727066198586,4.854698191780822,99.6347012559214,20
5762,6.1,21.904727066198586,4.854698191780822,98.86278874469072,21
5763,5.9,21.904727066198586,4.854698191780822,99.90729312641726,22
5764,5.8,34.80523813220465,4.854698191780822,98.52402471555718,23
5765,6.4,34.80523813220465,4.854698191780822,99.17406282151522,72
5766,6.5,133.84188663953668,4.854698191780822,100.76742245684298,46
5767,6.6,81.27054168065742,30.0991287890411,100.68748158226045,21
5768,6.7,142.97609432066915,4.854698191780822,102.88967381309254,8
5769,7.0,142.97609432066915,4.854698191780822,102.96170371968624,9
5770,7.7,142.97609432066915,4.854698191780822,104.76040118482489,6
5771,7.8,142.97609432066915,42.721344087671234,103.5295567253877,9
5772,8.1,221.6194071046838,4.854698191780822,102.44937886882404,6
5773,7.8,169.04806214580455,4.854698191780822,102.48805141009808,7
5774,7.5,142.97609432066915,4.854698191780822,101.73888053067331,9
5775,7.4,55.19857385552203,4.854698191780822,101.0204286982936,10
5776,7.4,55.19857385552203,4.854698191780822,102.10093649565808,18
5777,7.7,55.19857385552203,4.854698191780822,101.24295389466828,17
5778,7.6,55.19857385552203,67.96577468493152,101.05121709210523,33
5779,7.0,55.19857385552203,4.854698191780822,101.865004781259,28
5780,7.0,81.27054168065742,4.854698191780822,100.7340167662504,32
5781,7.6,81.27054168065742,6.34658559808687,98.72251968672374,28
5782,7.9,55.19857385552203,6.634703007983905,98.56582317710952,27
5783,8.9,21.904727066198586,7.499055237675016,97.38657355773618,18
5784,8.6,21.904727066198586,8.21934876241761,97.42425543091552,18
5785,8.8,21.904727066198586,8.795583582211684,97.49406213332888,20
5786,9.0,21.904727066198586,8.939642287160202,97.4353023466768,20
5787,9.5,21.904727066198586,9.37181840200576,99.00216076477928,20
5788,9.8,34.80523813220465,9.515877106954274,103.91512547272087,22
5789,10.1,34.80523813220465,8.21934876241761,111.32574023056094,53
5790,10.7,133.84188663953668,5.19411595849872,119.447331384314,47
5791,9.9,81.27054168065742,30.0991287890411,122.0235464882752,22
5792,8.9,142.97609432066915,4.854698191780822,123.35720417396404,10
5793,8.1,142.97609432066915,4.854698191780822,125.12306860299412,10
5794,7.5,142.97609432066915,4.854698191780822,122.0768582044724,8
5795,6.9,142.97609432066915,42.721344087671234,121.6985156560109,10
5796,6.2,221.6194071046838,4.854698191780822,121.01553191605842,6
5797,6.0,169.04806214580455,4.854698191780822,118.51137607629424,10
5798,6.4,142.97609432066915,4.854698191780822,118.66455994263367,7
5799,7.0,55.19857385552203,4.854698191780822,114.46165779969432,15
5800,6.7,55.19857385552203,4.854698191780822,111.7155804487668,22
5801,6.5,55.19857385552203,4.854698191780822,110.7078769704944,24
5802,6.7,55.19857385552203,67.96577468493152,111.14302140717598,35
5803,6.8,55.19857385552203,4.854698191780822,109.7532768056798,20
5804,7.0,81.27054168065742,5.770350778292794,108.8152599415176,24
5805,7.0,81.27054168065742,7.931231352520573,108.46592089291276,28
5806,7.3,55.19857385552203,9.37181840200576,105.53635320561824,7
5807,7.8,21.904727066198586,10.380229336645383,102.70808809654416,5
5808,7.8,21.904727066198586,10.524288041593906,99.08480024341438,4
5809,7.8,21.904727066198586,10.668346746542426,101.19481636544177,4
5810,8.0,21.904727066198586,10.956464156439464,101.80378837935844,4
5811,8.2,21.904727066198586,10.524288041593906,101.73093090246616,4
5812,8.3,34.80523813220465,10.092111926748352,103.59057451041662,11
5813,8.8,34.80523813220465,8.21934876241761,110.74350139517954,58
5814,10.3,113.44855091621928,5.338174663447239,118.06838470261042,42
5815,11.1,60.87720595734003,30.0991287890411,121.31093053666548,20
5816,9.2,34.80523813220465,4.854698191780822,119.34320226088096,14
5817,8.7,34.80523813220465,4.854698191780822,118.4842607656634,12
5818,8.5,34.80523813220465,4.854698191780822,118.64846327747952,7
5819,7.8,34.80523813220465,42.721344087671234,120.02585859710943,8
5820,7.8,113.44855091621928,4.854698191780822,120.06936656519102,9
5821,7.4,60.87720595734003,4.854698191780822,123.77321856811072,12
5822,7.5,34.80523813220465,4.854698191780822,122.50795382897624,11
5823,7.7,34.80523813220465,4.854698191780822,117.2437191153374,22
5824,7.1,34.80523813220465,4.854698191780822,113.03478936110774,15
5825,7.1,34.80523813220465,4.854698191780822,112.57809294002617,27
5826,7.0,34.80523813220465,67.96577468493152,114.90195769730327,22
5827,7.1,34.80523813220465,5.19411595849872,112.0900047841006,17
5828,7.7,60.87720595734003,6.634703007983905,110.19249276741736,14
5829,8.1,60.87720595734003,7.499055237675016,109.3503714875027,15
5830,8.7,34.80523813220465,6.202526893138352,107.51958386651332,11
5831,8.7,21.904727066198586,5.338174663447239,105.89263430049004,7
5832,8.5,21.904727066198586,5.19411595849872,104.46696227484756,5
5833,8.7,21.904727066198586,5.19411595849872,106.62768030670856,4
5834,9.6,21.904727066198586,6.778761712932424,103.69397549280008,19
5835,10.5,21.904727066198586,7.787172647572055,104.35985438159224,14
5836,11.0,21.904727066198586,8.36340746736613,108.74364297438096,16
5837,11.5,21.904727066198586,8.075290057469092,118.49384149264452,13
5838,13.0,100.54803985021324,5.48223336839576,123.29104518396322,14
5839,12.1,47.97669489133397,30.0991287890411,124.80905255018465,25
5840,9.5,21.904727066198586,4.854698191780822,120.28369422470853,43
5841,9.6,21.904727066198586,4.854698191780822,117.54735755741548,41
5842,9.4,21.904727066198586,4.854698191780822,124.50388654622982,22
5843,9.2,21.904727066198586,42.721344087671234,123.01255448902936,20
5844,8.3,100.54803985021324,4.854698191780822,122.1243182133727,22
5845,7.6,47.97669489133397,4.854698191780822,121.9041655462716,25
5846,7.5,21.904727066198586,4.854698191780822,121.3111766331178,20
5847,7.4,21.904727066198586,4.854698191780822,119.03191042451866,20
5848,7.6,21.904727066198586,4.854698191780822,116.02801278926624,25
5849,7.8,21.904727066198586,4.854698191780822,119.2561172195775,27
5850,8.0,21.904727066198586,67.96577468493152,116.27019682747462,28
5851,8.3,21.904727066198586,4.854698191780822,116.4263907542506,20
5852,9.0,47.97669489133397,6.058468188189831,116.69600590874828,17
5853,9.5,47.97669489133397,7.210937827777981,114.4202913660818,22
5854,10.1,21.904727066198586,8.507466172314647,110.10485585149728,27
5855,9.2,21.904727066198586,9.803994516851317,107.40194480897186,22
5856,9.0,21.904727066198586,10.236170631696872,107.76128573931123,25
5857,8.9,21.904727066198586,11.2445815663365,104.97570465241564,26
5858,8.5,21.904727066198586,12.829227320770205,104.3551060610891,28
5859,8.5,21.904727066198586,13.405462140564278,105.14735191415014,30
5860,8.9,34.80523813220465,14.26981437025539,108.0514558070156,30
5861,9.5,34.80523813220465,12.685168615821684,118.41694341887091,33
5862,9.2,113.44855091621928,9.803994516851317,125.3691845062198,29
5863,10.4,60.87720595734003,31.446957490398628,125.0231749481054,31
5864,10.2,122.58275859735178,4.854698191780822,122.13620031066309,27
5865,9.6,122.58275859735178,4.854698191780822,122.40179480245448,35
5866,9.2,122.58275859735178,4.854698191780822,123.09806497212816,34
5867,9.3,122.58275859735178,42.721344087671234,116.83366310652754,30
5868,8.6,201.22607138136644,4.854698191780822,118.89002597349145,27
5869,8.4,148.6547264224872,4.854698191780822,120.01140740749788,20
5870,8.3,122.58275859735178,4.854698191780822,120.52212713442032,12
5871,8.2,34.80523813220465,4.854698191780822,118.8217742575472,14
5872,7.9,34.80523813220465,4.854698191780822,115.14605082541809,24
5873,8.1,34.80523813220465,4.854698191780822,113.10799272614088,27
5874,7.3,34.80523813220465,67.96577468493152,112.82998492149662,43
5875,7.7,34.80523813220465,4.854698191780822,114.49239267326622,36
5876,8.6,60.87720595734003,4.854698191780822,114.99885047355735,38
5877,9.7,60.87720595734003,4.854698191780822,112.2399996656806,23
5878,10.8,34.80523813220465,4.854698191780822,108.5685359855455,25
5879,13.0,21.904727066198586,4.854698191780822,105.46987140279438,21
5880,11.0,21.904727066198586,4.854698191780822,106.87492206797992,18
5881,12.1,21.904727066198586,5.050057253550202,106.261408444915,20
5882,12.0,21.904727066198586,5.770350778292794,104.90765892294716,21
5883,12.1,21.904727066198586,5.48223336839576,108.8951183006966,23
5884,12.3,34.80523813220465,6.490644303035387,112.806894864473,32
5885,12.6,34.80523813220465,7.210937827777981,120.60644700360773,80
5886,12.8,113.44855091621928,6.922820417880944,124.55900188242528,75
5887,12.3,60.87720595734003,31.446957490398628,126.2751615936283,21
5888,10.0,122.58275859735178,5.626292073344276,125.90160046848187,11
5889,8.4,122.58275859735178,4.854698191780822,124.94648757252168,5
5890,7.1,122.58275859735178,4.854698191780822,125.05036033038196,5
5891,6.9,122.58275859735178,42.721344087671234,123.94281768396606,6
5892,6.7,201.22607138136644,4.854698191780822,123.0471104419304,8
5893,6.9,148.6547264224872,4.854698191780822,120.4391337939743,10
5894,7.2,122.58275859735178,4.854698191780822,117.34182413106248,8
5895,7.0,34.80523813220465,4.854698191780822,114.35202454848977,11
5896,6.7,34.80523813220465,4.854698191780822,111.60441806511416,20
5897,6.8,34.80523813220465,4.854698191780822,111.35398514444609,23
5898,6.9,34.80523813220465,70.89824914072275,111.85696932412031,39
5899,7.4,34.80523813220465,11.676757681182051,113.12539538179551,32
5900,7.8,60.87720595734003,13.405462140564278,112.10880754372468,28
5901,8.1,60.87720595734003,14.990107894997983,110.31211412765369,25
5902,8.0,34.80523813220465,15.99851882963761,107.11075205767952,27
5903,8.6,21.904727066198586,16.430694944483168,107.09159217428862,20
5904,8.7,21.904727066198586,15.99851882963761,105.4578195629829,23
5905,9.2,21.904727066198586,15.710401419740574,105.5090328750171,22
5906,9.3,21.904727066198586,15.710401419740574,105.42839478755964,24
5907,9.4,21.904727066198586,15.99851882963761,105.4798763048585,26
5908,9.4,34.80523813220465,16.430694944483168,106.62701692152469,30
5909,10.1,34.80523813220465,15.27822530489502,107.3220947859024,76
5910,11.0,113.44855091621928,12.541109910873166,108.62223599531056,65
5911,10.3,60.87720595734003,34.904366409163075,109.8081621135762,24
5912,9.7,122.58275859735178,7.066879122829462,109.07354825611068,7
5913,8.3,122.58275859735178,5.050057253550202,110.56860123851214,5
5914,7.5,122.58275859735178,4.854698191780822,109.96000217488915,8
5915,7.3,122.58275859735178,42.721344087671234,110.93795093693748,8
5916,7.6,201.22607138136644,4.854698191780822,109.52992681770968,4
5917,6.8,148.6547264224872,4.854698191780822,108.98117268474203,8
5918,6.6,122.58275859735178,4.854698191780822,109.65802334349608,8
5919,6.9,34.80523813220465,4.854698191780822,110.2900484456026,9
5920,7.5,34.80523813220465,4.854698191780822,107.8641066976066,20
5921,8.7,34.80523813220465,5.770350778292794,108.07471935176898,35
5922,8.6,34.80523813220465,72.77101230505349,107.83664320338444,28
5923,9.0,34.80523813220465,13.11734473066724,109.14620784101038,34
5924,8.7,60.87720595734003,15.134166599946504,106.8752154023865,28
5925,9.0,60.87720595734003,16.718812354380205,105.06168413228802,18
5926,9.8,34.80523813220465,18.01534069891687,104.20543809998031,21
5927,10.3,21.904727066198586,19.311869043453537,102.15806035100891,17
5928,11.9,21.904727066198586,20.32027997809317,102.17110708737648,16
5929,11.6,21.904727066198586,21.18463220778428,103.39882478084306,18
5930,11.6,21.904727066198586,21.904925732526877,103.24653046196472,21
5931,11.4,21.904727066198586,22.337101847372427,103.71344622850896,21
5932,12.1,34.80523813220465,21.904925732526877,104.3749503511576,29
5933,13.0,34.80523813220465,19.88810386324761,106.04884163752922,77
5934,13.9,113.44855091621928,16.86287105932872,108.59314575158902,64
5935,14.4,60.87720595734003,37.20930568833937,108.14471681819715,33
5936,12.2,122.58275859735178,7.931231352520573,107.42943234501728,13
5937,10.8,122.58275859735178,4.905998548601684,106.63477264457428,8
5938,10.0,122.58275859735178,4.854698191780822,107.09265980038042,11
5939,8.8,122.58275859735178,42.721344087671234,108.47785131547604,8
5940,8.0,201.22607138136644,4.854698191780822,107.97281137869211,7
5941,7.7,148.6547264224872,4.854698191780822,107.05113763857597,8
5942,8.0,122.58275859735178,4.854698191780822,106.30872251149113,6
5943,8.5,34.80523813220465,4.854698191780822,106.68855867332512,12
5944,9.0,34.80523813220465,4.854698191780822,108.15302767781937,30
5945,9.5,34.80523813220465,4.854698191780822,108.39254947674304,25
5946,9.3,34.80523813220465,67.96577468493152,108.87797648070251,23
5947,9.8,34.80523813220465,6.34658559808687,107.14196124380504,25
5948,10.4,60.87720595734003,7.066879122829462,106.9132458215967,35
5949,12.0,60.87720595734003,7.787172647572055,105.87207020548152,22
5950,12.8,34.80523813220465,8.507466172314647,103.63326396918823,11
5951,13.6,21.904727066198586,9.22775969705724,103.60927469964892,4
5952,14.1,21.904727066198586,8.651524877263165,103.9799377581788,6
5953,14.2,21.904727066198586,7.787172647572055,104.86422078488494,4
5954,14.5,21.904727066198586,8.36340746736613,103.10643066326612,4
5955,15.8,21.904727066198586,8.651524877263165,106.89962244391016,10
5956,16.4,34.80523813220465,9.515877106954274,109.77359867025784,24
5957,17.4,34.80523813220465,9.948053221799832,119.00524647193684,64
5958,18.9,113.44855091621928,7.066879122829462,125.47719124955132,53
5959,18.3,60.87720595734003,30.0991287890411,128.15753801402238,20
5960,15.7,122.58275859735178,4.854698191780822,121.9870757672482,8
5961,11.8,122.58275859735178,4.854698191780822,116.10157291562666,12
5962,10.2,122.58275859735178,4.854698191780822,123.87811219736123,14
5963,9.6,122.58275859735178,42.721344087671234,124.29689937485446,18
5964,9.0,201.22607138136644,4.854698191780822,122.2851609105896,6
5965,9.3,148.6547264224872,4.854698191780822,122.48183921393424,9
5966,8.6,122.58275859735178,4.854698191780822,120.78190749181454,8
5967,8.9,34.80523813220465,4.854698191780822,117.24432499344654,12
5968,8.8,34.80523813220465,4.854698191780822,115.96480586937442,15
5969,8.3,34.80523813220465,4.854698191780822,114.31272063752516,29
5970,8.4,34.80523813220465,67.96577468493152,114.15657624415392,37
5971,8.8,34.80523813220465,5.338174663447239,113.39988558982456,19
5972,10.0,60.87720595734003,6.922820417880944,112.43123014019672,46
5973,11.3,60.87720595734003,8.075290057469092,109.7885753972123,38
5974,12.3,34.80523813220465,8.507466172314647,107.43428069883534,26
5975,12.1,21.904727066198586,8.651524877263165,104.10088878829929,17
5976,12.3,21.904727066198586,8.507466172314647,103.20844398543792,13
5977,13.3,21.904727066198586,8.651524877263165,102.39644191511826,12
5978,14.1,21.904727066198586,8.651524877263165,102.33130995798004,14
5979,14.1,21.904727066198586,8.939642287160202,103.73197957473654,16
5980,15.0,34.80523813220465,8.795583582211684,106.70032128637824,22
5981,15.1,34.80523813220465,8.21934876241761,114.5750450789118,76
5982,14.7,113.44855091621928,6.490644303035387,123.71027212143991,41
5983,15.4,60.87720595734003,30.15042914586196,127.47244342614913,22
5984,11.8,34.80523813220465,4.854698191780822,128.23259513652442,12
5985,9.8,34.80523813220465,4.854698191780822,125.6147003303691,12
5986,8.7,34.80523813220465,4.854698191780822,126.21435752711884,7
5987,8.3,34.80523813220465,42.721344087671234,126.50047709126092,10
5988,7.8,113.44855091621928,4.854698191780822,127.84046091761348,11
5989,6.7,60.87720595734003,4.854698191780822,123.51576942188176,13
5990,6.9,34.80523813220465,4.854698191780822,122.42256246767516,10
5991,7.2,34.80523813220465,4.854698191780822,119.76440413144836,16
5992,7.1,34.80523813220465,4.854698191780822,118.25140374675335,19
5993,8.2,34.80523813220465,4.854698191780822,115.90797256972697,28
5994,8.3,34.80523813220465,67.96577468493152,114.40290429532767,22
5995,8.6,34.80523813220465,4.854698191780822,113.164919897631,13
5996,8.8,60.87720595734003,4.854698191780822,111.82054233746533,21
5997,8.3,60.87720595734003,4.854698191780822,109.49245745491795,21
5998,8.2,34.80523813220465,4.854698191780822,107.36581019021796,10
5999,8.2,21.904727066198586,4.854698191780822,104.44935085401396,6
6000,9.3,21.904727066198586,4.854698191780822,102.21615578597168,5
6001,8.7,21.904727066198586,4.854698191780822,101.16953222021476,4
6002,9.3,21.904727066198586,4.854698191780822,100.71706522701842,4
6003,8.9,21.904727066198586,4.854698191780822,102.60324605452249,8
6004,9.4,21.904727066198586,4.854698191780822,111.97593104438138,23
6005,10.4,21.904727066198586,4.854698191780822,119.9329895038912,14
6006,12.2,100.54803985021324,4.854698191780822,127.09800507648616,13
6007,11.2,47.97669489133397,30.0991287890411,128.21215221713774,25
6008,9.8,21.904727066198586,4.854698191780822,129.8838834846234,30
6009,9.0,21.904727066198586,4.854698191780822,129.75775597208178,31
6010,8.8,21.904727066198586,4.854698191780822,127.7973011331232,38
6011,9.0,21.904727066198586,42.721344087671234,127.31653884694472,26
6012,8.2,100.54803985021324,4.854698191780822,127.85152970056072,21
6013,8.3,47.97669489133397,4.854698191780822,127.8995653842746,23
6014,8.9,21.904727066198586,4.854698191780822,125.57704189494711,14
6015,8.0,21.904727066198586,4.854698191780822,122.20977046451765,26
6016,8.5,21.904727066198586,4.854698191780822,121.0316580596291,26
6017,8.3,21.904727066198586,4.854698191780822,119.27355273641771,23
6018,8.6,21.904727066198586,67.96577468493152,119.68625431229314,21
6019,8.8,21.904727066198586,4.854698191780822,118.96761908550272,16
6020,9.0,47.97669489133397,4.854698191780822,117.12324445159466,17
6021,8.8,47.97669489133397,4.854698191780822,114.2108869645554,36
6022,8.7,21.904727066198586,4.854698191780822,111.15476577743856,29
6023,8.9,21.904727066198586,4.854698191780822,108.57570914743016,25
6024,7.9,21.904727066198586,4.854698191780822,107.20131663944578,25
6025,7.9,21.904727066198586,4.854698191780822,107.40442256652724,31
6026,7.4,21.904727066198586,4.854698191780822,109.18607570790988,29
6027,7.2,21.904727066198586,4.854698191780822,110.57231902257044,33
6028,7.3,34.80523813220465,4.854698191780822,113.49840620289666,36
6029,7.6,34.80523813220465,4.854698191780822,122.21088641588234,33
6030,8.4,113.44855091621928,4.854698191780822,130.656847795419,31
6031,9.6,60.87720595734003,30.0991287890411,133.2385185810655,42
6032,8.4,122.58275859735178,4.854698191780822,133.96104628777584,41
6033,8.4,122.58275859735178,4.854698191780822,134.57211489365778,35
6034,8.3,122.58275859735178,4.854698191780822,134.3306365252471,31
6035,8.2,122.58275859735178,42.721344087671234,132.62836247714935,26
6036,8.1,201.22607138136644,4.854698191780822,132.24848584289927,30
6037,7.7,148.6547264224872,4.854698191780822,130.57944677636755,24
6038,8.1,122.58275859735178,4.854698191780822,130.07716778323825,13
6039,8.0,34.80523813220465,4.854698191780822,127.088364667793,25
6040,8.0,34.80523813220465,4.854698191780822,125.24570195667783,21
6041,8.2,34.80523813220465,4.854698191780822,122.98535666299506,42
6042,8.9,34.80523813220465,67.96577468493152,122.53962307169988,42
6043,8.7,34.80523813220465,4.854698191780822,121.8544761717187,31
6044,8.8,60.87720595734003,4.854698191780822,121.56586918496669,27
6045,8.3,60.87720595734003,4.854698191780822,118.96528811596382,35
6046,8.2,34.80523813220465,4.854698191780822,115.32577239456388,20
6047,7.9,21.904727066198586,4.854698191780822,111.9425583357876,20
6048,7.8,21.904727066198586,4.854698191780822,110.7395549117672,17
6049,7.6,21.904727066198586,4.854698191780822,111.17082909815444,18
6050,7.6,21.904727066198586,4.854698191780822,110.85952131445208,19
6051,7.6,21.904727066198586,4.905998548601684,111.2051899377661,18
6052,7.5,34.80523813220465,5.19411595849872,114.71366189579794,32
6053,7.7,34.80523813220465,4.854698191780822,123.79114760680056,82
6054,8.3,113.44855091621928,4.854698191780822,130.81544687102777,60
6055,9.2,60.87720595734003,30.0991287890411,134.20758250006264,12
6056,8.8,122.58275859735178,4.854698191780822,134.26296809534688,8
6057,8.6,122.58275859735178,4.854698191780822,131.14761462122203,10
6058,8.9,122.58275859735178,4.854698191780822,132.03653469949043,12
6059,8.3,122.58275859735178,42.721344087671234,130.21438171745174,8
6060,7.6,201.22607138136644,4.854698191780822,129.49920621776226,7
6061,7.8,148.6547264224872,4.854698191780822,127.29850361346767,4
6062,8.1,122.58275859735178,4.854698191780822,118.33198239412512,12
6063,8.4,34.80523813220465,4.854698191780822,113.06876118227244,8
6064,8.2,34.80523813220465,4.854698191780822,110.13402401972138,17
6065,8.2,34.80523813220465,4.854698191780822,109.29665069787028,31
6066,7.9,34.80523813220465,67.96577468493152,107.67445150617422,26
6067,7.8,34.80523813220465,4.854698191780822,106.40768868357944,28
6068,8.0,60.87720595734003,4.854698191780822,106.86246767864507,52
6069,7.8,60.87720595734003,4.854698191780822,108.6961476880314,37
6070,7.6,34.80523813220465,4.854698191780822,105.82546120463718,23
6071,7.1,21.904727066198586,4.854698191780822,103.77197405385108,20
6072,7.0,21.904727066198586,4.854698191780822,102.65401018314496,20
6073,7.3,21.904727066198586,4.854698191780822,101.98653474814896,18
6074,7.5,21.904727066198586,4.854698191780822,102.26266958602837,20
6075,7.5,21.904727066198586,4.854698191780822,101.83003335182411,21
6076,7.6,34.80523813220465,4.854698191780822,103.05630466987245,34
6077,8.0,34.80523813220465,4.854698191780822,107.3253591580876,75
6078,8.1,113.44855091621928,4.854698191780822,108.76166262295747,61
6079,8.4,60.87720595734003,30.0991287890411,111.08895714566636,21
6080,8.8,122.58275859735178,4.854698191780822,111.5015875625774,9
6081,8.1,122.58275859735178,4.854698191780822,112.27763442171889,7
6082,7.6,122.58275859735178,4.854698191780822,112.72722944394609,9
6083,7.7,122.58275859735178,42.721344087671234,112.3547916397685,8
6084,7.7,201.22607138136644,4.854698191780822,111.82137461947804,7
6085,7.7,148.6547264224872,4.854698191780822,111.0209189066152,11
6086,7.6,122.58275859735178,4.854698191780822,110.47028757842128,8
6087,7.6,34.80523813220465,4.854698191780822,108.6056507616472,11
6088,7.3,34.80523813220465,4.854698191780822,107.35357580168808,33
6089,7.3,34.80523813220465,4.854698191780822,105.75346959582228,50
6090,7.9,34.80523813220465,67.96577468493152,106.0722885766933,50
6091,8.5,34.80523813220465,4.854698191780822,106.1798972405892,49
6092,9.0,60.87720595734003,4.854698191780822,96.87713179265592,38
6093,9.0,60.87720595734003,4.854698191780822,85.49666557431772,39
6094,9.0,34.80523813220465,4.854698191780822,78.84853337557868,23
6095,8.7,21.904727066198586,4.854698191780822,73.95974169402663,18
6096,9.1,21.904727066198586,4.854698191780822,77.41202706537575,16
6097,9.6,21.904727066198586,4.854698191780822,83.35982034808832,16
6098,10.8,21.904727066198586,4.854698191780822,94.16781583927197,19
6099,10.8,21.904727066198586,4.854698191780822,95.81619367699662,20
6100,11.5,34.80523813220465,4.854698191780822,96.08108841883627,41
6101,13.1,34.80523813220465,4.854698191780822,96.81267059030569,70
6102,14.0,113.44855091621928,4.854698191780822,100.37475810968816,66
6103,13.6,60.87720595734003,30.0991287890411,101.41979998926266,34
6104,12.5,122.58275859735178,4.854698191780822,102.81206173341164,16
6105,10.3,122.58275859735178,4.854698191780822,100.93798529945336,20
6106,8.7,122.58275859735178,4.854698191780822,108.47030290784724,6
6107,8.3,122.58275859735178,42.721344087671234,108.16550816280156,8
6108,7.6,201.22607138136644,4.854698191780822,109.46007553523204,10
6109,7.6,148.6547264224872,4.854698191780822,108.5184728150066,5
6110,7.1,122.58275859735178,4.854698191780822,106.601102010673,13
6111,7.5,34.80523813220465,4.854698191780822,103.89208144551972,17
6112,7.0,34.80523813220465,4.854698191780822,106.24123119371612,29
6113,7.4,34.80523813220465,4.854698191780822,105.55404255095442,32
6114,7.7,34.80523813220465,67.96577468493152,103.10106232951154,31
6115,8.4,34.80523813220465,4.854698191780822,102.12113911762522,52
6116,9.4,60.87720595734003,4.854698191780822,101.2306036462966,40
6117,8.9,60.87720595734003,4.854698191780822,100.87989699246836,40
6118,8.9,34.80523813220465,4.854698191780822,99.6692273679664,31
6119,8.9,21.904727066198586,4.854698191780822,98.98330218946498,25
6120,9.5,21.904727066198586,4.854698191780822,96.47971562141568,26
6121,9.4,21.904727066198586,5.626292073344276,87.69153036483137,26
6122,9.6,21.904727066198586,7.499055237675016,90.16063745472404,28
6123,9.2,21.904727066198586,8.507466172314647,98.08349491046232,32
6124,9.1,34.80523813220465,9.22775969705724,99.85700862612843,43
6125,8.7,34.80523813220465,10.236170631696872,109.90066937131353,91
6126,9.7,113.44855091621928,10.092111926748352,119.64508154221184,60
6127,10.0,60.87720595734003,33.319720654729366,121.14771627668044,33
6128,9.4,122.58275859735178,5.914409483241313,121.21570981485416,21
6129,8.9,122.58275859735178,4.854698191780822,120.0327147452038,14
6130,8.8,122.58275859735178,4.854698191780822,123.36205301103482,11
6131,8.9,122.58275859735178,42.721344087671234,120.083858468845,8
6132,8.1,201.22607138136644,4.854698191780822,120.34376290137742,8
6133,7.8,148.6547264224872,4.854698191780822,117.3900979375586,5
6134,7.8,122.58275859735178,4.854698191780822,114.92781099343202,10
6135,8.0,34.80523813220465,4.854698191780822,111.52270896879578,11
6136,8.0,34.80523813220465,4.854698191780822,109.05302704978186,19
6137,7.6,34.80523813220465,4.854698191780822,107.4459194783766,23
6138,8.0,34.80523813220465,71.47448396051682,107.49056647314072,56
6139,8.7,34.80523813220465,10.812405451490944,106.7071991808454,55
6140,9.2,60.87720595734003,12.685168615821684,105.42261073564482,44
6141,9.2,60.87720595734003,14.413873075203906,101.8151332204272,39
6142,9.6,34.80523813220465,15.134166599946504,106.69866964936328,30
6143,9.4,21.904727066198586,15.27822530489502,105.67029116958103,27
6144,8.6,21.904727066198586,15.566342714792055,101.0906776977673,29
6145,9.1,21.904727066198586,15.854460124689094,98.07608592124583,30
6146,8.9,21.904727066198586,16.430694944483168,98.44587839998424,33
6147,10.0,21.904727066198586,16.430694944483168,100.6306208580206,34
6148,10.7,34.80523813220465,15.99851882963761,103.58459063349832,43
6149,11.3,34.80523813220465,15.710401419740574,110.4030096167262,74
6150,12.4,113.44855091621928,13.693579550461315,118.76902516833984,71
6151,11.4,60.87720595734003,35.19248381906011,120.08007580810782,34
6152,10.5,34.80523813220465,6.778761712932424,119.35582433891275,18
6153,9.6,34.80523813220465,4.854698191780822,118.3285117938378,16
6154,8.9,34.80523813220465,4.854698191780822,118.11084389145664,20
6155,8.0,34.80523813220465,42.721344087671234,118.19363462819597,11
6156,7.1,113.44855091621928,4.854698191780822,117.62910483069942,7
6157,6.3,60.87720595734003,4.854698191780822,118.59573605545816,13
6158,6.4,34.80523813220465,4.854698191780822,115.89063660294894,13
6159,6.7,34.80523813220465,4.854698191780822,112.62882167038622,14
6160,7.5,34.80523813220465,4.854698191780822,109.62747150189531,16
6161,7.2,34.80523813220465,4.854698191780822,109.28885655622872,32
6162,7.5,34.80523813220465,69.16954468134053,109.199388595718,32
6163,8.1,34.80523813220465,6.634703007983905,107.83283178910987,34
6164,9.1,60.87720595734003,6.634703007983905,106.84108990685392,26
6165,9.4,60.87720595734003,6.922820417880944,104.09308159883405,27
6166,9.3,34.80523813220465,7.066879122829462,101.8379044514628,24
6167,8.5,21.904727066198586,7.354996532726499,99.3936796821529,25
6168,9.2,21.904727066198586,7.931231352520573,97.52108780057844,19
6169,9.1,21.904727066198586,9.37181840200576,97.39234093743184,21
6170,9.2,21.904727066198586,11.10052286138798,96.74543515485075,20
6171,9.7,21.904727066198586,12.397051205924647,98.11203702477586,20
6172,10.1,21.904727066198586,13.5495208455128,102.0168972754931,20
6173,11.5,21.904727066198586,13.981696960358352,110.04620322613786,24
6174,13.7,100.54803985021324,11.388640271285018,117.75696262963764,33
6175,12.4,47.97669489133397,32.59942712998678,119.75448029502957,43
6176,11.1,21.904727066198586,4.854698191780822,121.20291243689483,34
6177,9.8,21.904727066198586,4.854698191780822,120.83281381755256,44
6178,9.0,21.904727066198586,4.854698191780822,118.22752284663854,34
6179,8.9,21.904727066198586,42.721344087671234,117.76376368692088,30
6180,8.1,100.54803985021324,4.854698191780822,109.62396006675236,28
6181,8.7,47.97669489133397,4.854698191780822,114.15602799393274,27
6182,8.7,21.904727066198586,4.854698191780822,113.9298413124427,19
6183,10.1,21.904727066198586,4.854698191780822,112.71274466826983,19
6184,10.0,21.904727066198586,4.854698191780822,115.20596993536732,31
6185,10.1,21.904727066198586,6.058468188189831,115.99903417692512,37
6186,10.3,21.904727066198586,72.0507187803109,115.77808800884284,55
6187,11.7,21.904727066198586,10.956464156439464,116.80759440049482,37
6188,12.2,47.97669489133397,12.973286025718725,113.98251054413656,36
6189,12.8,47.97669489133397,14.125755665306873,111.60662302650394,36
6190,13.3,21.904727066198586,15.99851882963761,107.8274368764552,34
6191,12.7,21.904727066198586,16.718812354380205,106.69367221207828,35
6192,12.4,21.904727066198586,17.15098846922576,107.14873246023224,35
6193,13.0,21.904727066198586,17.727223289019836,106.03045664988947,33
6194,12.5,21.904727066198586,18.159399403865383,105.1879781253948,36
6195,12.0,21.904727066198586,18.30345810881391,105.29424890411016,41
6196,12.0,34.80523813220465,17.15098846922576,111.61772128786768,43
6197,11.9,34.80523813220465,14.846049190049468,120.5626197262854,41
6198,13.3,113.44855091621928,12.685168615821684,128.64915898902413,59
6199,13.4,60.87720595734003,36.05683604875122,130.77886814301584,56
6200,12.0,122.58275859735178,9.22775969705724,130.71190393315513,59
6201,10.9,122.58275859735178,7.931231352520573,130.91608026503158,45
6202,10.6,122.58275859735178,6.922820417880944,130.6256219370743,33
6203,10.8,122.58275859735178,44.21323149397728,128.525869861387,28
6204,10.5,201.22607138136644,5.914409483241313,129.00300678559165,29
6205,10.4,148.6547264224872,6.490644303035387,127.31309192604112,27
6206,8.9,122.58275859735178,6.34658559808687,126.5271993966098,21
6207,8.1,34.80523813220465,6.490644303035387,122.09842903572886,25
6208,7.9,34.80523813220465,7.354996532726499,120.58743656612332,37
6209,8.6,34.80523813220465,8.36340746736613,120.33228383686313,48
6210,9.4,34.80523813220465,72.33883619020794,119.69310659436567,57
6211,10.2,34.80523813220465,9.659935811902796,116.21414760538016,57
6212,10.4,60.87720595734003,9.515877106954274,112.39811089765936,44
6213,10.3,60.87720595734003,9.37181840200576,109.42190932200496,41
6214,10.7,34.80523813220465,8.939642287160202,106.76064644943312,29
6215,10.5,21.904727066198586,8.939642287160202,103.66291514851513,28
6216,10.4,21.904727066198586,9.22775969705724,102.54135636075706,26
6217,10.3,21.904727066198586,9.37181840200576,100.7066833878256,26
6218,9.8,21.904727066198586,9.659935811902796,100.6461352036362,26
6219,10.2,21.904727066198586,9.803994516851317,102.28065903130934,28
6220,10.7,34.80523813220465,10.380229336645383,106.37090493559718,38
6221,11.8,34.80523813220465,10.956464156439464,115.44530954801212,78
6222,12.4,113.44855091621928,10.380229336645383,122.829445680692,51
6223,12.4,60.87720595734003,34.904366409163075,125.31150491023048,33
6224,11.5,122.58275859735178,8.507466172314647,125.86388863363334,15
6225,11.0,122.58275859735178,7.643113942623536,118.7507022786758,10
6226,9.5,122.58275859735178,7.354996532726499,123.84588830131776,9
6227,8.8,122.58275859735178,46.23005336325655,123.3413961315023,10
6228,8.4,201.22607138136644,7.787172647572055,121.05428830168096,6
6229,8.2,148.6547264224872,7.210937827777981,120.61531469118704,13
6230,8.1,122.58275859735178,7.931231352520573,117.29945084038886,6
6231,8.0,34.80523813220465,7.066879122829462,113.32366974809126,11
6232,8.0,34.80523813220465,7.210937827777981,110.87358094853988,19
6233,7.6,34.80523813220465,8.651524877263165,108.04777728724156,22
6234,7.6,34.80523813220465,72.48289489515645,107.50976211723356,62
6235,7.9,34.80523813220465,9.515877106954274,105.76466100414956,50
6236,8.1,60.87720595734003,9.659935811902796,105.27813327128634,46
6237,8.3,60.87720595734003,9.803994516851317,103.12267906977723,46
6238,8.4,34.80523813220465,9.948053221799832,102.29854723514356,38
6239,8.2,21.904727066198586,10.092111926748352,101.24542524912502,29
6240,8.9,21.904727066198586,9.948053221799832,100.76254293322388,27
6241,8.9,21.904727066198586,9.659935811902796,100.37757535228572,26
6242,8.7,21.904727066198586,9.948053221799832,98.7267293012471,31
6243,9.1,21.904727066198586,10.236170631696872,98.67166579390684,33
6244,9.7,34.80523813220465,10.092111926748352,98.96877114233996,48
6245,9.8,34.80523813220465,10.236170631696872,101.24307821143286,81
6246,10.1,113.44855091621928,9.803994516851317,102.94243099678307,66
6247,10.9,60.87720595734003,33.89595547452344,104.69207178600442,29
6248,11.2,122.58275859735178,7.499055237675016,106.61459466849634,11
6249,10.2,122.58275859735178,6.058468188189831,108.06793883272672,7
6250,9.4,122.58275859735178,6.058468188189831,108.28826257129391,11
6251,8.8,122.58275859735178,44.3572901989258,107.96956778637428,11
6252,8.6,201.22607138136644,6.634703007983905,108.01272080532634,8
6253,8.4,148.6547264224872,5.914409483241313,107.80288957082692,10
6254,8.0,122.58275859735178,6.202526893138352,106.9566467491988,8
6255,8.9,34.80523813220465,6.490644303035387,106.4393681954236,11
6256,9.7,34.80523813220465,6.922820417880944,106.64739919269388,14
6257,9.0,34.80523813220465,8.075290057469092,104.4470488796388,29
6258,9.6,34.80523813220465,72.19477748525942,106.51313841590802,42
6259,11.1,34.80523813220465,9.515877106954274,106.06406228629872,23
6260,11.8,60.87720595734003,9.515877106954274,104.88922669735314,34
6261,11.3,60.87720595734003,9.803994516851317,103.21451859305613,24
6262,11.9,34.80523813220465,10.092111926748352,101.57334279156667,30
6263,12.8,21.904727066198586,10.380229336645383,99.93443525757456,7
6264,13.5,21.904727066198586,11.2445815663365,99.370946024017,8
6265,13.4,21.904727066198586,12.108933796027612,98.78638975017309,14
6266,13.4,21.904727066198586,12.252992500976127,98.5562014944596,15
6267,12.1,21.904727066198586,12.252992500976127,99.2272683429252,16
6268,12.8,34.80523813220465,12.973286025718725,100.40190024084544,24
6269,13.4,34.80523813220465,13.261403435615758,101.87765923722368,73
6270,14.7,113.44855091621928,11.676757681182051,101.76323948855044,56
6271,14.8,60.87720595734003,34.18407288442048,102.96035496131924,13
6272,12.5,122.58275859735178,7.210937827777981,104.6881592510963,15
6273,11.5,122.58275859735178,6.202526893138352,106.47971146219538,12
6274,11.3,122.58275859735178,5.626292073344276,108.8326735911718,10
6275,10.9,122.58275859735178,43.20482055933765,107.95194766699156,7
6276,9.9,201.22607138136644,5.48223336839576,108.16685559222353,11
6277,9.4,148.6547264224872,5.770350778292794,108.87840089741188,8
6278,10.3,122.58275859735178,6.202526893138352,109.53426799778852,9
6279,11.0,34.80523813220465,6.922820417880944,109.50060110909588,15
6280,10.3,34.80523813220465,7.643113942623536,109.51191550524273,21
6281,10.5,34.80523813220465,8.507466172314647,109.13142791872986,35
6282,11.3,34.80523813220465,72.33883619020794,109.0232584400418,31
6283,11.5,34.80523813220465,10.236170631696872,108.74938703713242,34
6284,11.6,60.87720595734003,10.956464156439464,107.17411953829055,22
6285,12.2,60.87720595734003,10.956464156439464,105.44115809620156,20
6286,11.7,34.80523813220465,11.2445815663365,104.43380123094911,9
6287,11.9,21.904727066198586,11.532698976233537,103.653485558825,7
6288,12.2,21.904727066198586,11.532698976233537,103.66805901137704,4
6289,13.0,21.904727066198586,11.532698976233537,103.28307934912064,5
6290,14.0,21.904727066198586,11.532698976233537,103.5281476812428,4
6291,13.3,21.904727066198586,11.676757681182051,104.84331333881238,6
6292,13.0,34.80523813220465,11.820816386130574,110.12846830472108,15
6293,13.4,34.80523813220465,11.820816386130574,120.54826615372512,66
6294,14.5,113.44855091621928,11.388640271285018,127.88161967336563,41
6295,14.6,60.87720595734003,35.76871863885418,130.18715260080322,16
6296,14.3,122.58275859735178,9.948053221799832,128.8902648903939,12
6297,12.9,122.58275859735178,9.37181840200576,129.5914610967618,10
6298,11.6,122.58275859735178,8.36340746736613,129.71393413135263,8
6299,10.8,122.58275859735178,45.50975983851395,129.47832921661163,13
6300,11.0,201.22607138136644,7.210937827777981,129.65708077671692,5
6301,11.6,148.6547264224872,6.634703007983905,128.8115476117215,6
6302,10.9,122.58275859735178,6.634703007983905,128.02246464777252,10
6303,10.6,34.80523813220465,6.922820417880944,124.48844323876538,12
6304,11.2,34.80523813220465,8.075290057469092,122.53159261947376,17
6305,12.3,34.80523813220465,10.668346746542426,121.00811894000694,30
6306,11.8,34.80523813220465,75.07595158422978,121.07886919337392,32
6307,13.5,34.80523813220465,12.108933796027612,119.70645524287572,34
6308,13.3,60.87720595734003,12.685168615821684,117.10347639464418,40
6309,13.5,60.87720595734003,14.125755665306873,113.94833321974876,48
6310,14.4,34.80523813220465,16.14257753458613,111.642591406319,30
6311,14.9,21.904727066198586,17.727223289019836,109.34815927732195,27
6312,14.5,21.904727066198586,18.879692928607984,108.30432540875708,28
6313,15.2,21.904727066198586,19.311869043453537,106.99943261688988,24
6314,16.1,21.904727066198586,19.74404515829909,107.13505036733912,23
6315,17.0,21.904727066198586,19.74404515829909,108.77283168084602,23
6316,17.8,34.80523813220465,19.311869043453537,114.47848176020582,33
6317,17.8,34.80523813220465,17.87128199396835,124.24100551851238,62
6318,19.7,113.44855091621928,15.566342714792055,132.3010254420485,59
6319,19.9,60.87720595734003,38.64989273782456,134.76840852783005,21
6320,17.4,34.80523813220465,11.820816386130574,134.1105944022078,16
6321,15.0,34.80523813220465,10.668346746542426,134.2793542288858,13
6322,13.5,34.80523813220465,9.948053221799832,133.1314456028199,19
6323,11.8,34.80523813220465,46.51817077315358,131.040329978281,13
6324,11.4,113.44855091621928,7.066879122829462,131.00874421746633,6
6325,10.4,60.87720595734003,6.634703007983905,132.0505110932956,7
6326,11.4,34.80523813220465,6.922820417880944,130.04085750211735,11
6327,11.7,34.80523813220465,7.499055237675016,127.69011157015665,21
6328,12.0,34.80523813220465,8.651524877263165,124.88343819301956,28
6329,11.1,34.80523813220465,9.37181840200576,122.93807195402223,27
6330,11.7,34.80523813220465,72.91507101000201,122.89610628702565,25
6331,14.1,34.80523813220465,10.524288041593906,120.5610461345862,23
6332,16.1,60.87720595734003,10.812405451490944,118.5283707458323,24
6333,17.4,60.87720595734003,10.812405451490944,116.19209859554825,41
6334,19.1,34.80523813220465,10.668346746542426,113.90398982851173,33
6335,19.6,21.904727066198586,10.380229336645383,111.989999860271,35
6336,19.0,21.904727066198586,10.380229336645383,110.43159123695034,27
6337,19.0,21.904727066198586,10.236170631696872,109.49172810573656,32
6338,20.2,21.904727066198586,10.236170631696872,110.28986118517008,33
6339,19.7,21.904727066198586,10.236170631696872,111.4699465901384,35
6340,20.0,21.904727066198586,10.236170631696872,116.29576911214136,32
6341,21.7,21.904727066198586,10.092111926748352,124.50671647421154,34
6342,24.4,100.54803985021324,9.37181840200576,131.48713433681075,38
6343,25.2,47.97669489133397,33.463779359677886,133.43669448461773,47
6344,20.3,21.904727066198586,6.490644303035387,134.02779146333705,48
6345,17.0,21.904727066198586,5.19411595849872,134.5323785923138,54
6346,13.9,21.904727066198586,4.854698191780822,133.41064281324373,44
6347,11.6,21.904727066198586,42.721344087671234,133.09911273328595,34
6348,10.6,100.54803985021324,4.854698191780822,131.3994813527374,41
6349,10.0,47.97669489133397,4.854698191780822,130.0286227511479,26
6350,9.9,21.904727066198586,4.854698191780822,128.66971897638447,23
6351,10.0,21.904727066198586,4.854698191780822,124.9333898529912,38
6352,9.5,21.904727066198586,4.854698191780822,122.7003749174037,46
6353,9.5,21.904727066198586,5.914409483241313,122.1163162730576,57
6354,10.5,21.904727066198586,69.45766209123757,121.04557887937044,53
6355,12.1,21.904727066198586,6.202526893138352,119.6027070434064,51
6356,13.5,47.97669489133397,6.058468188189831,116.9185398036721,42
6357,14.6,47.97669489133397,5.770350778292794,114.20013579946436,47
6358,15.2,21.904727066198586,5.48223336839576,111.10008077779835,45
6359,15.2,21.904727066198586,5.19411595849872,108.65769502674912,42
6360,14.8,21.904727066198586,5.19411595849872,107.26991098157497,45
6361,13.7,21.904727066198586,5.050057253550202,106.71012153091156,45
6362,13.3,21.904727066198586,4.854698191780822,107.08098356875266,44
6363,13.2,21.904727066198586,5.050057253550202,108.25840975476584,44
6364,13.2,34.80523813220465,4.905998548601684,113.38565693809475,45
6365,13.8,34.80523813220465,4.854698191780822,122.18914632535753,47
6366,14.9,113.44855091621928,4.854698191780822,130.66729016201614,52
6367,17.1,60.87720595734003,30.0991287890411,133.7430932662845,51
6368,16.6,122.58275859735178,4.854698191780822,134.13317051995398,61
6369,13.7,122.58275859735178,4.854698191780822,133.6420562354387,55
6370,12.5,122.58275859735178,4.854698191780822,133.7718203455801,48
6371,11.2,122.58275859735178,42.721344087671234,134.47923287342903,41
6372,9.1,201.22607138136644,4.905998548601684,134.59835515440935,33
6373,8.2,148.6547264224872,5.626292073344276,133.1064102119352,33
6374,8.7,122.58275859735178,6.058468188189831,132.37360408211612,26
6375,8.7,34.80523813220465,6.058468188189831,129.08849745532856,38
6376,9.0,34.80523813220465,6.490644303035387,124.7755695391554,44
6377,9.3,34.80523813220465,7.931231352520573,124.82131847095508,72
6378,9.2,34.80523813220465,71.47448396051682,123.89717687996452,58
6379,9.9,34.80523813220465,9.37181840200576,122.21031098269516,57
6380,10.1,60.87720595734003,10.380229336645383,118.16391494779477,47
6381,10.1,60.87720595734003,11.676757681182051,115.79713432784236,68
6382,10.2,34.80523813220465,11.820816386130574,113.86735733863368,42
6383,10.1,21.904727066198586,11.820816386130574,110.53180782547528,44
6384,10.6,21.904727066198586,11.676757681182051,110.3937600386777,45
6385,11.4,21.904727066198586,11.2445815663365,109.1435420981434,48
6386,12.1,21.904727066198586,10.956464156439464,108.58610596745758,51
6387,12.8,21.904727066198586,10.668346746542426,109.98564682665209,53
6388,13.4,34.80523813220465,10.524288041593906,114.19790075559216,72
6389,13.5,34.80523813220465,10.524288041593906,123.5887485576486,119
6390,13.9,113.44855091621928,10.380229336645383,130.63047524423283,110
6391,14.9,60.87720595734003,35.33654252400863,132.88009317302146,65
6392,14.0,122.58275859735178,9.083700992108724,132.31695429769252,53
6393,12.4,122.58275859735178,8.21934876241761,130.168473674691,44
6394,11.3,122.58275859735178,7.931231352520573,133.48384678234277,40
6395,10.1,122.58275859735178,45.07758372366839,131.11142914011842,37
6396,9.0,201.22607138136644,6.778761712932424,130.04055510672208,34
6397,9.0,148.6547264224872,6.202526893138352,128.08097942529096,25
6398,9.4,122.58275859735178,5.914409483241313,126.9213329528743,27
6399,10.0,34.80523813220465,6.490644303035387,121.88833382442616,39
6400,9.6,34.80523813220465,8.36340746736613,115.95492226374532,59
6401,10.0,34.80523813220465,9.803994516851317,113.8180759501973,74
6402,10.3,34.80523813220465,73.20318841989905,113.33059463888634,92
6403,10.5,34.80523813220465,10.524288041593906,113.13364619726612,81
6404,10.3,60.87720595734003,10.380229336645383,110.24457798818806,64
6405,11.4,60.87720595734003,9.948053221799832,106.50710113956316,67
6406,11.7,34.80523813220465,9.515877106954274,103.79835554521271,55
6407,11.8,21.904727066198586,9.083700992108724,104.790859154583,57
6408,11.3,21.904727066198586,8.795583582211684,104.19565585661115,57
6409,11.1,21.904727066198586,8.21934876241761,102.95321115703788,58
6410,11.4,21.904727066198586,8.075290057469092,101.9104694396408,62
6411,11.3,21.904727066198586,8.21934876241761,101.72029450989828,62
6412,11.3,34.80523813220465,8.795583582211684,102.5060922009815,79
6413,10.6,34.80523813220465,9.515877106954274,105.55679588337856,119
6414,11.0,113.44855091621928,9.083700992108724,107.72537075892274,107
6415,11.7,60.87720595734003,32.16725101514122,109.21560559080172,73
6416,12.1,122.58275859735178,5.19411595849872,108.78355699191609,57
6417,12.9,122.58275859735178,4.854698191780822,108.58375663431498,51
6418,13.2,122.58275859735178,4.854698191780822,108.67779652808272,42
6419,12.3,122.58275859735178,42.721344087671234,107.73842389838896,41
6420,11.1,201.22607138136644,4.854698191780822,107.16955859903317,33
6421,10.1,148.6547264224872,4.854698191780822,106.96820494634748,27
6422,9.2,122.58275859735178,4.854698191780822,107.54123213901964,27
6423,9.1,34.80523813220465,4.854698191780822,107.6145253890604,30
6424,9.0,34.80523813220465,4.854698191780822,106.91755655675362,50
6425,9.6,34.80523813220465,4.854698191780822,106.57284332408508,67
6426,10.9,34.80523813220465,70.17795561598015,107.5804122164724,72
6427,12.4,34.80523813220465,9.22775969705724,106.91155359135252,76
6428,12.0,60.87720595734003,11.532698976233537,106.0482316517719,88
6429,13.6,60.87720595734003,13.261403435615758,104.85384160358213,56
6430,14.0,34.80523813220465,14.413873075203906,103.32256327172686,45
6431,16.2,21.904727066198586,15.710401419740574,102.71962998391324,43
6432,16.4,21.904727066198586,16.86287105932872,102.17289355190285,41
6433,15.8,21.904727066198586,17.583164584071316,102.6462915497423,43
6434,14.7,21.904727066198586,18.30345810881391,101.38011696653206,38
6435,13.6,21.904727066198586,18.735634223659464,101.19343112149376,35
6436,13.2,34.80523813220465,19.16781033850502,102.3578104503262,52
6437,12.9,34.80523813220465,19.311869043453537,104.1965520487973,93
6438,15.1,113.44855091621928,17.006929764277242,105.10657335748262,96
6439,15.5,60.87720595734003,36.92118827844233,106.14012699074098,59
6440,15.0,122.58275859735178,6.058468188189831,106.29422239254072,50
6441,14.3,122.58275859735178,4.854698191780822,105.71835319056864,46
6442,13.1,122.58275859735178,4.854698191780822,105.83674141065345,36
6443,12.1,122.58275859735178,42.721344087671234,106.10405241613869,30
6444,11.7,201.22607138136644,4.854698191780822,107.62228824008776,26
6445,10.6,148.6547264224872,4.854698191780822,107.58093280047486,23
6446,10.3,122.58275859735178,4.854698191780822,108.13664661843409,10
6447,10.5,34.80523813220465,4.854698191780822,109.10654124887256,18
6448,11.1,34.80523813220465,4.854698191780822,108.40438663152962,28
6449,11.0,34.80523813220465,4.854698191780822,108.69084483502162,63
6450,11.4,34.80523813220465,68.1611337467009,109.90604483304584,60
6451,11.8,34.80523813220465,6.634703007983905,109.62786414473771,82
6452,12.0,60.87720595734003,7.643113942623536,108.28723445111274,74
6453,12.8,60.87720595734003,8.651524877263165,106.42937924069956,58
6454,12.5,34.80523813220465,8.795583582211684,105.2852825121609,45
6455,10.9,21.904727066198586,9.515877106954274,104.17305460972304,42
6456,11.0,21.904727066198586,10.236170631696872,103.94801202906918,37
6457,12.2,21.904727066198586,10.956464156439464,103.65998675778984,45
6458,12.2,21.904727066198586,11.964875091079092,103.45863636706008,50
6459,10.9,21.904727066198586,12.397051205924647,105.16568410642924,49
6460,11.5,34.80523813220465,12.397051205924647,110.03714042526916,58
6461,11.3,34.80523813220465,11.820816386130574,119.18849324892838,101
6462,12.2,113.44855091621928,9.948053221799832,127.52358920361442,84
6463,13.1,60.87720595734003,31.446957490398628,129.82948118782974,63
6464,11.9,122.58275859735178,4.854698191780822,129.24687520118738,50
6465,11.1,122.58275859735178,4.854698191780822,127.84928402512853,35
6466,10.0,122.58275859735178,4.854698191780822,128.05401054023707,31
6467,9.7,122.58275859735178,42.721344087671234,127.63867137096614,23
6468,9.5,201.22607138136644,4.854698191780822,127.3252656663535,21
6469,9.6,148.6547264224872,4.854698191780822,125.91287535871813,24
6470,9.5,122.58275859735178,4.854698191780822,125.6724292181368,35
6471,10.1,34.80523813220465,4.854698191780822,121.72773444495836,50
6472,9.9,34.80523813220465,4.854698191780822,119.9340508476975,84
6473,10.4,34.80523813220465,5.338174663447239,118.66492636901556,64
6474,9.8,34.80523813220465,70.32201432092867,118.31394848959307,91
6475,10.5,34.80523813220465,8.36340746736613,116.11140674622466,81
6476,10.1,60.87720595734003,9.37181840200576,114.1350768134882,79
6477,10.1,60.87720595734003,9.659935811902796,110.80551492245677,64
6478,9.8,34.80523813220465,9.659935811902796,108.7751452532867,58
6479,9.5,21.904727066198586,10.092111926748352,106.89402214884558,54
6480,8.4,21.904727066198586,8.651524877263165,106.01993454659204,58
6481,8.1,21.904727066198586,7.499055237675016,104.93643783109796,59
6482,9.3,21.904727066198586,7.210937827777981,105.15486915197792,64
6483,8.7,21.904727066198586,6.778761712932424,105.81229377590051,62
6484,9.0,34.80523813220465,6.778761712932424,107.7787155779319,74
6485,9.3,34.80523813220465,6.34658559808687,115.86869354627788,115
6486,9.9,113.44855091621928,5.914409483241313,123.49041979590996,109
6487,10.6,60.87720595734003,30.58260526070752,126.78194196511612,72
6488,10.2,34.80523813220465,4.854698191780822,126.96853828758636,67
6489,10.7,34.80523813220465,4.854698191780822,126.2654688728272,62
6490,10.2,34.80523813220465,4.854698191780822,125.54485665912196,56
6491,10.2,34.80523813220465,42.721344087671234,125.21237648603832,54
6492,9.9,113.44855091621928,4.854698191780822,123.5282182538102,70
6493,10.2,60.87720595734003,4.854698191780822,118.72672738590516,64
6494,11.1,34.80523813220465,4.854698191780822,126.33390023797352,66
6495,11.7,34.80523813220465,4.854698191780822,121.66772170479288,74
6496,11.7,34.80523813220465,4.854698191780822,119.034760649115,68
6497,11.5,34.80523813220465,4.854698191780822,116.52268345142828,94
6498,12.4,34.80523813220465,68.1611337467009,117.38258323680763,84
6499,12.3,34.80523813220465,5.48223336839576,115.11047750470904,80
6500,12.0,60.87720595734003,6.058468188189831,113.75067850426495,74
6501,11.7,60.87720595734003,6.34658559808687,111.05683159155323,74
6502,10.9,34.80523813220465,6.634703007983905,108.09202426955916,73
6503,9.5,21.904727066198586,7.066879122829462,104.54360072109247,71
6504,10.5,21.904727066198586,7.499055237675016,104.07192322378188,74
6505,10.3,21.904727066198586,7.787172647572055,103.44984587910425,78
6506,10.5,21.904727066198586,7.931231352520573,104.33156065918146,80
6507,10.8,21.904727066198586,8.36340746736613,105.8974532967048,84
6508,10.8,21.904727066198586,8.651524877263165,109.9956128268715,86
6509,10.0,21.904727066198586,8.507466172314647,120.07084435203666,92
6510,11.3,100.54803985021324,7.787172647572055,129.33497676460652,92
6511,13.6,47.97669489133397,31.15884008050159,134.78236740372378,104
6512,14.0,21.904727066198586,4.854698191780822,139.6017427302544,110
6513,12.7,21.904727066198586,4.854698191780822,139.4584196358526,94
6514,11.7,21.904727066198586,4.854698191780822,139.06114276221157,71
6515,11.2,21.904727066198586,42.721344087671234,137.38474037384623,68
6516,11.9,100.54803985021324,4.854698191780822,137.49752491609735,65
6517,10.1,47.97669489133397,4.854698191780822,136.53737845971062,48
6518,10.1,21.904727066198586,4.854698191780822,135.07275988849673,63
6519,11.5,21.904727066198586,4.854698191780822,130.8977765846635,65
6520,13.3,21.904727066198586,4.854698191780822,128.13253028935645,66
6521,13.3,21.904727066198586,5.914409483241313,126.3747648136268,65
6522,13.7,21.904727066198586,70.32201432092867,125.65127966244695,75
6523,14.7,21.904727066198586,8.36340746736613,123.126613247914,61
6524,14.4,47.97669489133397,9.659935811902796,120.87983769086485,57
6525,13.9,47.97669489133397,10.524288041593906,118.39166724731396,58
6526,14.1,21.904727066198586,10.812405451490944,114.82568036166022,56
6527,14.3,21.904727066198586,10.812405451490944,111.0561186729646,55
6528,15.8,21.904727066198586,10.812405451490944,109.26119263293717,46
6529,15.4,21.904727066198586,10.524288041593906,108.27334528442516,47
6530,15.9,21.904727066198586,9.37181840200576,107.97507747155214,46
6531,16.6,21.904727066198586,8.651524877263165,109.7184124167244,47
6532,16.6,34.80523813220465,8.21934876241761,114.27119678433614,45
6533,17.7,34.80523813220465,8.21934876241761,123.25460575355044,49
6534,20.7,113.44855091621928,8.21934876241761,130.1693477580648,58
6535,23.6,60.87720595734003,32.59942712998678,133.3947261597311,58
6536,20.6,122.58275859735178,6.490644303035387,133.80178575999406,55
6537,18.3,122.58275859735178,5.48223336839576,126.19675299263665,62
6538,14.7,122.58275859735178,4.905998548601684,132.30549613385878,59
6539,12.4,122.58275859735178,42.772644444492094,132.52764463473113,47
6540,12.3,201.22607138136644,5.050057253550202,132.4010107941426,50
6541,12.3,148.6547264224872,5.338174663447239,131.3160546554066,71
6542,11.3,122.58275859735178,6.058468188189831,130.1185414656417,48
6543,11.2,34.80523813220465,6.778761712932424,126.87654074066508,81
6544,11.7,34.80523813220465,7.499055237675016,124.89059564919052,67
6545,13.2,34.80523813220465,7.354996532726499,123.73983534877009,63
6546,13.3,34.80523813220465,70.03389691103163,123.34850042987308,86
6547,13.4,34.80523813220465,6.778761712932424,122.84109629992513,81
6548,12.6,60.87720595734003,6.778761712932424,119.50635961785711,68
6549,13.0,60.87720595734003,6.922820417880944,115.99038419470028,72
6550,13.0,34.80523813220465,6.922820417880944,112.58914734620473,64
6551,12.8,21.904727066198586,6.778761712932424,109.573867417797,54
6552,12.6,21.904727066198586,6.778761712932424,108.80849247029902,54
6553,12.8,21.904727066198586,6.634703007983905,108.73346083937842,54
6554,12.6,21.904727066198586,6.34658559808687,108.87893513330393,56
6555,12.7,21.904727066198586,6.34658559808687,109.62992630494604,59
6556,12.1,34.80523813220465,6.634703007983905,113.8380388788108,75
6557,12.1,34.80523813220465,7.066879122829462,121.73727457871026,130
6558,12.8,113.44855091621928,7.354996532726499,129.49131627126712,120
6559,13.4,60.87720595734003,31.446957490398628,132.20749562153637,67
6560,14.2,122.58275859735178,4.854698191780822,132.23953503585054,56
6561,12.5,122.58275859735178,4.854698191780822,132.142674395903,51
6562,11.0,122.58275859735178,4.854698191780822,131.68702470023266,54
6563,10.9,122.58275859735178,42.721344087671234,129.6816981539909,51
6564,11.5,201.22607138136644,4.854698191780822,128.0277190546962,43
6565,10.2,148.6547264224872,4.854698191780822,126.36821226905953,33
6566,10.1,122.58275859735178,4.854698191780822,122.9959728797615,33
6567,9.9,34.80523813220465,4.854698191780822,118.86293651688165,50
6568,10.2,34.80523813220465,4.854698191780822,116.4532953666915,57
6569,10.8,34.80523813220465,5.19411595849872,114.5037893431902,81
6570,10.7,34.80523813220465,68.30519245164942,113.0899311553901,88
6571,10.8,34.80523813220465,4.854698191780822,110.66234260290643,83
6572,11.0,60.87720595734003,4.854698191780822,108.66127484215323,92
6573,12.2,60.87720595734003,4.854698191780822,105.98425575597489,90
6574,12.7,34.80523813220465,4.854698191780822,103.95240842077234,59
6575,11.4,21.904727066198586,4.854698191780822,102.65549823911108,60
6576,11.0,21.904727066198586,4.905998548601684,101.63082352905798,60
6577,11.0,21.904727066198586,5.19411595849872,101.2462460538854,61
6578,10.7,21.904727066198586,5.48223336839576,101.05349236676712,64
6579,10.8,21.904727066198586,5.19411595849872,101.5460548388984,66
6580,10.8,34.80523813220465,4.905998548601684,101.86398016466008,86
6581,10.5,34.80523813220465,4.905998548601684,104.41368885642916,129
6582,10.5,113.44855091621928,4.905998548601684,106.28966036596468,125
6583,11.3,60.87720595734003,30.0991287890411,107.74302627656787,84
6584,12.3,122.58275859735178,4.854698191780822,109.85570137592408,64
6585,12.7,122.58275859735178,4.854698191780822,110.7801685584409,57
6586,13.0,122.58275859735178,4.854698191780822,111.16753621405822,52
6587,11.9,122.58275859735178,42.721344087671234,110.92452581368303,43
6588,12.5,201.22607138136644,4.854698191780822,110.7260748185148,47
6589,12.1,148.6547264224872,4.854698191780822,110.55555679759506,49
6590,11.9,122.58275859735178,4.854698191780822,109.75355600494404,49
6591,11.2,34.80523813220465,4.854698191780822,109.52000249803817,63
6592,11.0,34.80523813220465,4.854698191780822,108.94892220979844,73
6593,11.5,34.80523813220465,5.050057253550202,108.18011447653916,89
6594,12.1,34.80523813220465,68.30519245164942,106.63560069812564,107
6595,12.9,34.80523813220465,5.19411595849872,104.64091779324272,110
6596,13.0,60.87720595734003,4.905998548601684,102.34409078453336,94
6597,12.9,60.87720595734003,4.854698191780822,100.15150827584615,71
6598,13.5,34.80523813220465,4.854698191780822,98.39839688633748,82
6599,13.6,21.904727066198586,4.854698191780822,95.75756038174636,63
6600,14.0,21.904727066198586,4.854698191780822,96.28549079217676,61
6601,13.1,21.904727066198586,5.050057253550202,96.96138014043945,64
6602,13.4,21.904727066198586,5.19411595849872,96.73378260260672,64
6603,12.9,21.904727066198586,5.050057253550202,96.83436199311804,67
6604,13.0,34.80523813220465,4.854698191780822,98.45879018802718,81
6605,12.8,34.80523813220465,4.854698191780822,101.01029198904764,126
6606,13.9,113.44855091621928,4.854698191780822,100.845806774385,134
6607,15.9,60.87720595734003,30.0991287890411,101.99780045658336,86
6608,15.8,122.58275859735178,4.854698191780822,103.11643254500068,27
6609,15.3,122.58275859735178,4.854698191780822,104.95523430843656,27
6610,15.9,122.58275859735178,4.854698191780822,105.46937256516476,59
6611,14.1,122.58275859735178,42.721344087671234,104.65792514816494,55
6612,11.8,201.22607138136644,4.854698191780822,103.57605530298343,53
6613,10.8,148.6547264224872,4.854698191780822,101.30945079913994,46
6614,10.2,122.58275859735178,4.854698191780822,104.04541753646885,49
6615,11.0,34.80523813220465,4.854698191780822,104.47103379990358,59
6616,11.0,34.80523813220465,4.854698191780822,104.00056672986622,79
6617,10.9,34.80523813220465,4.854698191780822,103.93495417788888,85
6618,11.4,34.80523813220465,67.96577468493152,102.95754291368851,111
6619,13.0,34.80523813220465,4.854698191780822,102.11360919441329,104
6620,13.9,60.87720595734003,4.854698191780822,100.04937148260206,107
6621,15.2,60.87720595734003,4.854698191780822,98.0720290145849,103
6622,15.6,34.80523813220465,4.854698191780822,96.05043050326148,83
6623,14.3,21.904727066198586,4.854698191780822,95.05183295616388,84
6624,13.7,21.904727066198586,4.854698191780822,94.57344029974264,88
6625,13.9,21.904727066198586,4.854698191780822,94.18707044019776,81
6626,14.3,21.904727066198586,4.854698191780822,94.27162130418968,83
6627,15.5,21.904727066198586,4.854698191780822,95.41488683803426,85
6628,16.5,34.80523813220465,4.854698191780822,99.98792819354516,100
6629,18.0,34.80523813220465,4.854698191780822,109.63841451831983,148
6630,18.7,113.44855091621928,4.854698191780822,116.21325225888629,131
6631,20.0,60.87720595734003,30.0991287890411,119.50587696919392,108
6632,18.4,122.58275859735178,4.854698191780822,120.0444385772254,87
6633,17.7,122.58275859735178,4.854698191780822,121.65113755844816,78
6634,15.9,122.58275859735178,4.854698191780822,118.7455010295523,70
6635,13.0,122.58275859735178,42.721344087671234,120.5742260070806,60
6636,10.6,201.22607138136644,4.854698191780822,120.32523704556714,53
6637,9.8,148.6547264224872,4.854698191780822,119.3349907096946,47
6638,9.4,122.58275859735178,4.854698191780822,115.69247447209956,57
6639,10.0,34.80523813220465,4.854698191780822,112.0454061146094,72
6640,9.6,34.80523813220465,4.854698191780822,109.31266376030234,70
6641,10.7,34.80523813220465,4.854698191780822,109.15562450368996,93
6642,11.0,34.80523813220465,67.96577468493152,108.18099592951708,122
6643,11.1,34.80523813220465,4.854698191780822,105.7297970984469,107
6644,11.0,60.87720595734003,4.854698191780822,104.26691485428871,82
6645,10.9,60.87720595734003,4.854698191780822,100.35482103509568,75
6646,10.7,34.80523813220465,4.905998548601684,98.55656103449004,65
6647,11.9,21.904727066198586,5.914409483241313,96.29792307269923,58
6648,10.8,21.904727066198586,6.922820417880944,95.02764325755514,56
6649,10.5,21.904727066198586,7.787172647572055,95.21234740396451,52
6650,10.6,21.904727066198586,8.939642287160202,95.52587247200124,52
6651,9.7,21.904727066198586,9.515877106954274,96.16167503987808,51
6652,10.5,34.80523813220465,9.22775969705724,100.81724303451185,58
6653,11.0,34.80523813220465,9.659935811902796,112.51351563620774,102
6654,11.5,113.44855091621928,8.795583582211684,121.04675801602949,80
6655,11.7,60.87720595734003,33.03160324483233,124.21860687533096,56
6656,11.6,34.80523813220465,6.490644303035387,122.77183929749113,38
6657,11.7,34.80523813220465,5.19411595849872,121.8841509096161,27
6658,11.1,34.80523813220465,4.854698191780822,113.98606426389328,27
6659,9.9,34.80523813220465,42.721344087671234,116.62256236710874,17
6660,9.0,113.44855091621928,4.854698191780822,118.80809820531314,17
6661,8.4,60.87720595734003,4.854698191780822,118.2363588811641,12
6662,8.0,34.80523813220465,4.854698191780822,117.40626515761124,29
6663,8.5,34.80523813220465,4.854698191780822,114.04696147736628,45
6664,8.7,34.80523813220465,4.854698191780822,113.17237854106538,66
6665,8.8,34.80523813220465,5.050057253550202,108.52083978687384,66
6666,8.8,34.80523813220465,68.59330986154646,106.90226813178889,63
6667,8.9,34.80523813220465,6.34658559808687,104.4236308148253,58
6668,9.0,60.87720595734003,6.634703007983905,104.0597398184149,66
6669,9.7,60.87720595734003,6.490644303035387,100.45150673755532,65
6670,8.8,34.80523813220465,6.634703007983905,97.88125835504054,53
6671,8.7,21.904727066198586,6.490644303035387,97.71845485987528,56
6672,9.4,21.904727066198586,6.202526893138352,100.92448261413588,54
6673,10.8,21.904727066198586,5.914409483241313,98.29146356813052,55
6674,10.5,21.904727066198586,5.770350778292794,97.71100708962727,52
6675,9.1,21.904727066198586,5.48223336839576,96.79758875588264,54
6676,9.2,21.904727066198586,5.050057253550202,100.9919770730536,50
6677,8.9,21.904727066198586,5.48223336839576,106.13049153538827,54
6678,10.0,100.54803985021324,5.338174663447239,115.18316777615708,60
6679,11.1,47.97669489133397,30.58260526070752,118.84916200190403,69
6680,10.9,21.904727066198586,4.905998548601684,120.101405858692,88
6681,11.4,21.904727066198586,4.854698191780822,120.95419820455788,97
6682,11.5,21.904727066198586,4.854698191780822,121.14988221541236,89
6683,10.6,21.904727066198586,42.721344087671234,120.604826657207,62
6684,9.5,100.54803985021324,4.854698191780822,118.82533752154534,53
6685,9.1,47.97669489133397,4.854698191780822,119.28859252785333,50
6686,8.9,21.904727066198586,4.854698191780822,118.69539315813596,54
6687,10.1,21.904727066198586,4.854698191780822,114.29495735452142,70
6688,10.0,21.904727066198586,4.854698191780822,112.8526144386694,86
6689,10.1,21.904727066198586,4.854698191780822,112.65866796300246,73
6690,10.7,21.904727066198586,67.96577468493152,110.44905297025112,80
6691,10.6,21.904727066198586,4.854698191780822,108.01030236704348,68
6692,11.2,47.97669489133397,4.854698191780822,104.5915822805007,65
6693,11.7,47.97669489133397,4.905998548601684,101.37367170407062,62
6694,11.5,21.904727066198586,4.854698191780822,97.88056573306652,60
6695,11.4,21.904727066198586,4.854698191780822,97.20081869908051,67
6696,11.3,21.904727066198586,4.854698191780822,95.83249874489024,53
6697,11.3,21.904727066198586,4.854698191780822,95.20021039085954,55
6698,11.1,21.904727066198586,5.338174663447239,96.2457720087442,56
6699,11.4,21.904727066198586,5.626292073344276,98.50347717195464,59
6700,11.3,34.80523813220465,6.778761712932424,103.84846981972773,57
6701,11.5,34.80523813220465,6.922820417880944,114.04676165236278,63
6702,12.8,113.44855091621928,5.914409483241313,123.26233828046908,76
6703,14.3,60.87720595734003,31.15884008050159,124.58218701942334,83
6704,13.5,122.58275859735178,5.48223336839576,120.3899633120393,110
6705,11.7,122.58275859735178,4.905998548601684,118.35361677311548,106
6706,10.7,122.58275859735178,4.854698191780822,116.12793978859324,79
6707,10.6,122.58275859735178,42.721344087671234,116.66753749047594,81
6708,9.7,201.22607138136644,4.854698191780822,115.80050247855112,91
6709,8.9,148.6547264224872,4.854698191780822,115.6869128372533,64
6710,8.4,122.58275859735178,4.854698191780822,116.11551234059806,62
6711,8.2,34.80523813220465,4.854698191780822,112.36060891530845,58
6712,8.4,34.80523813220465,4.854698191780822,110.62729626929854,74
6713,8.6,34.80523813220465,4.854698191780822,109.94640972537724,100
6714,9.3,34.80523813220465,68.1611337467009,109.08103480739015,114
6715,10.3,34.80523813220465,5.770350778292794,108.96130640667435,119
6716,10.3,60.87720595734003,6.202526893138352,106.31283378408408,112
6717,10.7,60.87720595734003,6.490644303035387,103.5190677249022,117
6718,9.7,34.80523813220465,7.354996532726499,101.2049841236756,99
6719,9.0,21.904727066198586,8.075290057469092,99.6700305340022,87
6720,9.0,21.904727066198586,8.507466172314647,98.22053523613287,81
6721,8.7,21.904727066198586,8.795583582211684,97.57265835719264,81
6722,8.9,21.904727066198586,9.083700992108724,97.37038567862936,75
6723,10.1,21.904727066198586,9.803994516851317,97.81274157497435,73
6724,10.2,34.80523813220465,10.092111926748352,101.22603122978688,81
6725,9.7,34.80523813220465,9.948053221799832,109.99934522932485,118
6726,9.5,113.44855091621928,9.803994516851317,118.03351475624864,124
6727,10.1,60.87720595734003,33.60783806462641,120.25794482791656,83
6728,10.8,122.58275859735178,6.922820417880944,118.60914958064711,75
6729,11.2,122.58275859735178,4.854698191780822,111.98146767089888,69
6730,11.1,122.58275859735178,4.854698191780822,118.06910160803407,65
6731,10.2,122.58275859735178,42.721344087671234,116.98057882253082,67
6732,9.8,201.22607138136644,4.854698191780822,115.74229698277934,59
6733,8.9,148.6547264224872,4.854698191780822,113.27474053008125,60
6734,9.0,122.58275859735178,4.854698191780822,111.11798794930222,56
6735,9.8,34.80523813220465,4.854698191780822,106.27839779867304,62
6736,10.3,34.80523813220465,4.854698191780822,104.096452528246,75
6737,10.9,34.80523813220465,4.854698191780822,103.77362146240463,89
6738,12.0,34.80523813220465,67.96577468493152,102.66044263940906,89
6739,13.0,34.80523813220465,4.854698191780822,101.1071349902706,77
6740,13.4,60.87720595734003,4.854698191780822,99.60605028893065,77
6741,14.0,60.87720595734003,4.854698191780822,99.22867932008104,71
6742,13.6,34.80523813220465,4.854698191780822,96.82585142930556,58
6743,14.3,21.904727066198586,4.854698191780822,95.68578527015411,51
6744,14.8,21.904727066198586,4.854698191780822,98.4533924966693,46
6745,15.1,21.904727066198586,4.854698191780822,94.53007259576566,47
6746,16.4,21.904727066198586,4.854698191780822,92.33951515763982,45
6747,16.7,21.904727066198586,4.854698191780822,92.11124106598636,44
6748,15.8,34.80523813220465,4.905998548601684,93.79560274761342,56
6749,15.8,34.80523813220465,5.19411595849872,96.37112281333692,95
6750,15.7,113.44855091621928,5.19411595849872,97.78529390727913,78
6751,15.4,60.87720595734003,30.0991287890411,98.63200596730722,53
6752,16.1,122.58275859735178,4.854698191780822,98.4599202745342,45
6753,16.2,122.58275859735178,4.854698191780822,98.68619974054825,34
6754,15.5,122.58275859735178,4.854698191780822,100.6497772378292,25
6755,13.1,122.58275859735178,42.721344087671234,99.04232112039308,17
6756,11.8,201.22607138136644,4.854698191780822,97.9780082093,13
6757,10.5,148.6547264224872,4.854698191780822,97.32932127797255,16
6758,9.8,122.58275859735178,4.854698191780822,96.7383909006316,24
6759,9.3,34.80523813220465,4.854698191780822,94.99249942770912,28
6760,10.4,34.80523813220465,4.854698191780822,95.25594996876782,37
6761,11.0,34.80523813220465,4.854698191780822,94.7323775314486,42
6762,13.6,34.80523813220465,67.96577468493152,93.7408608449644,77
6763,15.5,34.80523813220465,4.854698191780822,92.18213653679842,69
6764,16.1,60.87720595734003,5.050057253550202,90.44217735356544,57
6765,15.8,60.87720595734003,5.626292073344276,88.73729941895002,42
6766,16.8,34.80523813220465,5.914409483241313,87.94824859130753,34
6767,17.6,21.904727066198586,6.202526893138352,86.97905262350218,29
6768,18.0,21.904727066198586,6.634703007983905,86.03968965886303,28
6769,17.9,21.904727066198586,6.778761712932424,85.93567627445859,28
6770,18.6,21.904727066198586,6.922820417880944,84.9486761887939,26
6771,19.2,21.904727066198586,6.922820417880944,84.98916527707668,25
6772,19.6,34.80523813220465,6.778761712932424,86.0288762749831,38
6773,19.4,34.80523813220465,7.066879122829462,87.92749530285558,91
6774,19.9,113.44855091621928,7.066879122829462,89.84335098907022,80
6775,20.7,60.87720595734003,32.0231923101927,90.96286295989408,37
6776,21.2,122.58275859735178,6.634703007983905,92.82582578921448,31
6777,18.4,122.58275859735178,6.058468188189831,93.72056942530828,23
6778,14.1,122.58275859735178,5.338174663447239,94.80868821152998,12
6779,12.8,122.58275859735178,43.060761854389135,95.76917995199165,15
6780,11.2,201.22607138136644,4.854698191780822,96.97940800431236,7
6781,10.4,148.6547264224872,4.854698191780822,96.05927765259982,12
6782,10.2,122.58275859735178,4.854698191780822,96.95772989095003,30
6783,10.7,34.80523813220465,5.338174663447239,95.96145135288629,26
6784,12.0,34.80523813220465,6.202526893138352,97.17071447032012,47
6785,12.5,34.80523813220465,6.634703007983905,97.1875250205684,66
6786,12.9,34.80523813220465,69.88983820608311,96.32401980739026,57
6787,13.8,34.80523813220465,7.066879122829462,95.725920496626,52
6788,13.7,60.87720595734003,7.354996532726499,93.99154203672204,52
6789,12.7,60.87720595734003,7.499055237675016,92.19501485958988,46
6790,12.2,34.80523813220465,7.931231352520573,90.7670037699253,31
6791,12.2,21.904727066198586,8.939642287160202,89.97950490842238,30
6792,12.7,21.904727066198586,9.37181840200576,89.64550611363748,27
6793,12.9,21.904727066198586,9.37181840200576,89.82906434701293,28
6794,12.4,21.904727066198586,10.524288041593906,90.10076679086086,29
6795,12.5,21.904727066198586,11.10052286138798,92.34018530836192,36
6796,13.0,34.80523813220465,11.2445815663365,96.37636683032696,60
6797,14.6,34.80523813220465,11.2445815663365,106.45289975509164,96
6798,16.1,113.44855091621928,11.10052286138798,114.82449023100158,126
6799,17.2,60.87720595734003,36.05683604875122,118.06791655152908,73
6800,16.5,122.58275859735178,10.236170631696872,118.04495093208322,56
6801,15.5,122.58275859735178,9.22775969705724,111.91147455374526,27
6802,14.7,122.58275859735178,8.651524877263165,117.78629280833918,24
6803,13.7,122.58275859735178,45.22164242861691,116.24699803858697,25
6804,12.8,201.22607138136644,5.626292073344276,114.22848098829076,25
6805,11.9,148.6547264224872,5.626292073344276,114.46904637148296,33
6806,11.5,122.58275859735178,6.634703007983905,113.61391375346317,43
6807,11.9,34.80523813220465,8.21934876241761,110.44489578864886,46
6808,12.4,34.80523813220465,9.659935811902796,109.61771656230536,61
6809,13.5,34.80523813220465,11.388640271285018,110.2071240894837,85
6810,14.1,34.80523813220465,76.37247992876645,109.22530254006422,70
6811,15.9,34.80523813220465,14.990107894997983,108.97105760105568,82
6812,17.1,60.87720595734003,14.557931780152426,105.04827398986818,78
6813,17.1,60.87720595734003,13.693579550461315,99.42924031747778,74
6814,17.7,34.80523813220465,14.125755665306873,96.60416238096542,60
6815,18.2,21.904727066198586,14.846049190049468,95.10720502037168,63
6816,20.1,21.904727066198586,15.566342714792055,94.84698901064216,61
6817,20.2,21.904727066198586,15.710401419740574,94.64866607744712,63
6818,20.1,21.904727066198586,16.430694944483168,94.86440012321953,65
6819,20.2,21.904727066198586,17.15098846922576,96.52600482976652,70
6820,20.4,34.80523813220465,16.430694944483168,101.65389473922518,76
6821,20.3,34.80523813220465,15.99851882963761,109.85596897712284,110
6822,20.6,113.44855091621928,15.566342714792055,117.96165725006608,123
6823,23.7,60.87720595734003,40.23453849225826,121.58154046690606,83
6824,21.6,34.80523813220465,13.5495208455128,120.620084758063,58
6825,18.7,34.80523813220465,12.108933796027612,118.908265018807,39
6826,18.3,34.80523813220465,10.668346746542426,118.7373532677262,33
6827,17.5,34.80523813220465,47.814699117690246,119.24337263697883,17
6828,14.2,113.44855091621928,9.515877106954274,119.90941800633618,14
6829,12.0,60.87720595734003,9.659935811902796,119.4958285743842,15
6830,12.2,34.80523813220465,9.37181840200576,119.10447215074072,15
6831,13.1,34.80523813220465,9.515877106954274,118.24676150022428,34
6832,13.3,34.80523813220465,11.676757681182051,114.57458308930278,56
6833,13.6,34.80523813220465,12.108933796027612,115.6524752812709,63
6834,15.3,34.80523813220465,75.2200102891783,114.60541763375004,74
6835,16.2,34.80523813220465,12.252992500976127,112.2434468282106,63
6836,15.8,60.87720595734003,12.829227320770205,110.49765792567987,51
6837,15.2,60.87720595734003,13.261403435615758,107.61828243740294,60
6838,14.4,34.80523813220465,13.693579550461315,103.68126932879338,52
6839,15.6,21.904727066198586,14.701990485100946,101.10534985468922,51
6840,16.6,21.904727066198586,16.718812354380205,103.58939211180164,54
6841,16.5,21.904727066198586,18.159399403865383,102.70236493447324,53
6842,16.1,21.904727066198586,19.311869043453537,103.19861281272992,54
6843,15.8,21.904727066198586,20.032162568196128,104.905571029531,55
6844,14.9,21.904727066198586,20.464338683041685,109.49576495740924,54
6845,14.4,21.904727066198586,20.89651479788724,119.20954506675376,55
6846,15.6,100.54803985021324,20.89651479788724,127.72999018942936,64
6847,16.9,47.97669489133397,44.70035834566234,130.29409087235064,77
6848,16.2,21.904727066198586,17.15098846922576,129.81691359654312,80
6849,15.6,21.904727066198586,15.27822530489502,128.05240541629732,61
6850,15.0,21.904727066198586,13.5495208455128,126.15394791564955,47
6851,13.4,21.904727066198586,50.407755806763575,125.06621198640248,37
6852,12.2,100.54803985021324,11.676757681182051,124.72056462620856,26
6853,11.1,47.97669489133397,11.388640271285018,124.23179556718767,23
6854,10.3,21.904727066198586,11.532698976233537,124.1926789166556,11
6855,11.1,21.904727066198586,12.541109910873166,119.1982315162992,31
6856,12.6,21.904727066198586,16.28663623953465,118.80285696702632,32
6857,12.8,21.904727066198586,19.16781033850502,120.44797635241171,22
6858,12.9,21.904727066198586,83.14323906134682,117.37800381313336,61
6859,13.1,21.904727066198586,20.464338683041685,113.76445483144028,44
6860,13.7,47.97669489133397,20.464338683041685,112.66489105002168,37
6861,13.3,47.97669489133397,20.75245609293872,110.62944432767948,33
6862,12.7,21.904727066198586,21.18463220778428,108.95374942130958,30
6863,13.0,21.904727066198586,21.3286909127328,107.31432710234776,43
6864,13.7,21.904727066198586,21.18463220778428,106.3605841070614,39
6865,13.9,21.904727066198586,19.0237516335565,106.1415245576336,35
6866,14.7,21.904727066198586,17.15098846922576,105.7325807549798,37
6867,14.5,21.904727066198586,16.574753649431685,107.53244128862426,45
6868,13.2,34.80523813220465,15.566342714792055,112.07107758689878,44
6869,13.4,34.80523813220465,14.846049190049468,121.52023236780012,54
6870,15.0,113.44855091621928,14.125755665306873,125.82929136262396,61
6871,17.4,60.87720595734003,38.36177532792752,128.57519631314037,74
6872,16.4,122.58275859735178,12.108933796027612,128.89490230439569,71
6873,16.0,122.58275859735178,11.10052286138798,120.26092214798064,83
6874,15.4,122.58275859735178,10.380229336645383,127.2475450964349,66
6875,15.2,122.58275859735178,47.814699117690246,128.82100317624577,26
6876,14.1,201.22607138136644,9.659935811902796,129.88982870132338,28
6877,11.8,148.6547264224872,9.37181840200576,129.4220793238214,23
6878,10.9,122.58275859735178,8.939642287160202,127.89403757711942,41
6879,10.4,34.80523813220465,8.651524877263165,125.63774882765804,38
6880,10.6,34.80523813220465,8.507466172314647,123.70215516697527,48
6881,11.9,34.80523813220465,8.507466172314647,120.48149258706606,87
6882,13.4,34.80523813220465,72.0507187803109,119.2461994238178,96
6883,14.6,34.80523813220465,9.37181840200576,117.2769473313652,71
6884,14.7,60.87720595734003,9.37181840200576,115.25003509384558,73
6885,15.1,60.87720595734003,9.083700992108724,110.93357653323348,73
6886,13.9,34.80523813220465,8.507466172314647,107.42449869709252,47
6887,13.3,21.904727066198586,8.21934876241761,105.09183596144224,40
6888,13.7,21.904727066198586,8.21934876241761,102.78124096166714,41
6889,13.1,21.904727066198586,8.21934876241761,102.65313609977116,42
6890,12.6,21.904727066198586,8.075290057469092,102.26104899800129,47
6891,11.4,21.904727066198586,7.354996532726499,99.8732323867504,50
6892,11.4,34.80523813220465,7.066879122829462,105.99810759138914,62
6893,11.1,34.80523813220465,8.075290057469092,119.9837799697874,117
6894,11.2,113.44855091621928,8.507466172314647,128.75057501082276,88
6895,12.4,60.87720595734003,33.319720654729366,132.26081446571135,60
6896,12.4,122.58275859735178,7.931231352520573,133.02311592585212,46
6897,12.6,122.58275859735178,7.354996532726499,130.47078727941215,28
6898,12.0,122.58275859735178,7.787172647572055,131.96334800667643,25
6899,11.1,122.58275859735178,49.39934487212395,130.68600931891808,15
6900,12.4,201.22607138136644,12.829227320770205,129.530801281192,14
6901,11.2,148.6547264224872,12.685168615821684,126.9761363494331,5
6902,11.2,122.58275859735178,12.829227320770205,124.69402740665495,18
6903,10.8,34.80523813220465,12.973286025718725,120.6547226223016,11
6904,11.1,34.80523813220465,14.413873075203906,120.15842617714564,57
6905,10.9,34.80523813220465,13.5495208455128,120.3666794706713,78
6906,10.6,34.80523813220465,76.6605973386635,117.44250065537234,74
6907,10.2,34.80523813220465,13.11734473066724,114.067914107569,69
6908,10.7,60.87720595734003,13.693579550461315,113.50312552823604,74
6909,10.7,60.87720595734003,14.990107894997983,109.8457759689339,78
6910,10.4,34.80523813220465,16.28663623953465,107.837075714577,53
6911,10.4,21.904727066198586,17.006929764277242,105.3684062100306,52
6912,10.2,21.904727066198586,17.87128199396835,105.77363766521928,51
6913,9.7,21.904727066198586,19.0237516335565,105.25556512721016,54
6914,9.9,21.904727066198586,19.599986453350574,104.13428408895818,57
6915,10.1,21.904727066198586,19.455927748402058,105.0801283183871,59
6916,9.9,34.80523813220465,19.74404515829909,106.90586353209352,69
6917,9.6,34.80523813220465,19.74404515829909,108.74481268761178,122
6918,10.0,113.44855091621928,19.311869043453537,110.10332659823598,109
6919,10.0,60.87720595734003,42.53947777143456,110.08890234996409,72
6920,10.7,122.58275859735178,15.134166599946504,111.19594470899216,56
6921,10.9,122.58275859735178,13.405462140564278,110.5131783119546,32
6922,10.9,122.58275859735178,11.388640271285018,110.13315017797396,31
6923,10.5,122.58275859735178,47.526581707793206,109.26631136665718,33
6924,9.7,201.22607138136644,8.21934876241761,109.8957818740244,27
6925,9.2,148.6547264224872,7.210937827777981,109.75238025105408,33
6926,8.5,122.58275859735178,7.354996532726499,109.909846703079,38
6927,8.7,34.80523813220465,8.651524877263165,109.79206085752108,49
6928,8.9,34.80523813220465,11.2445815663365,109.21821370578078,56
6929,10.8,34.80523813220465,12.397051205924647,109.75372478095969,72
6930,13.5,34.80523813220465,76.22842122381793,110.58203107348068,62
6931,13.8,34.80523813220465,13.837638255409832,111.37220280582837,72
6932,14.8,60.87720595734003,14.413873075203906,110.63051956500176,81
6933,15.5,60.87720595734003,15.134166599946504,109.57765913952284,65
6934,14.3,34.80523813220465,16.86287105932872,107.25025624738949,66
6935,12.9,21.904727066198586,18.01534069891687,107.30188334457296,47
6936,12.9,21.904727066198586,19.0237516335565,107.1901777848528,48
6937,12.9,21.904727066198586,20.032162568196128,104.79669805568255,46
6938,13.3,21.904727066198586,21.18463220778428,106.31095985081376,48
6939,13.3,21.904727066198586,21.040573502835763,106.6508753503876,44
6940,13.3,34.80523813220465,20.75245609293872,106.18006952018712,61
6941,13.0,34.80523813220465,21.61680832262984,110.1208928349394,108
6942,15.1,113.44855091621928,22.769277962217984,112.13757388730453,105
6943,17.5,60.87720595734003,44.98847575555937,113.0965573959986,69
6944,17.0,122.58275859735178,17.15098846922576,112.54704044859804,55
6945,15.6,122.58275859735178,14.701990485100946,113.19998930655672,34
6946,14.9,122.58275859735178,12.829227320770205,111.22077205957694,29
6947,13.4,122.58275859735178,49.11122746222691,110.52926639937286,23
6948,12.6,201.22607138136644,10.380229336645383,109.0845729422464,22
6949,12.0,148.6547264224872,10.092111926748352,109.17200375087752,26
6950,11.9,122.58275859735178,10.524288041593906,111.46374682006338,21
6951,12.9,34.80523813220465,11.820816386130574,112.06448662373953,37
6952,13.3,34.80523813220465,14.557931780152426,112.86343990386754,47
6953,13.2,34.80523813220465,16.28663623953465,114.00375566305355,78
6954,12.8,34.80523813220465,79.97394755247942,114.26845758705431,71
6955,13.4,34.80523813220465,16.86287105932872,115.83851767530038,70
6956,12.2,60.87720595734003,16.86287105932872,113.24568073128164,61
6957,12.1,60.87720595734003,17.727223289019836,111.68094282615452,66
6958,11.7,34.80523813220465,18.30345810881391,108.36394755990428,37
6959,10.7,21.904727066198586,18.879692928607984,110.21449574742684,36
6960,11.3,21.904727066198586,19.599986453350574,108.09451096729002,27
6961,11.4,21.904727066198586,20.464338683041685,108.33714757167922,25
6962,10.8,21.904727066198586,20.464338683041685,107.99131814601962,29
6963,11.0,21.904727066198586,20.464338683041685,110.33533659592509,33
6964,11.4,34.80523813220465,20.89651479788724,114.39831822692835,41
6965,11.8,34.80523813220465,21.18463220778428,125.70249418261298,79
6966,13.2,113.44855091621928,21.18463220778428,135.40786956049268,91
6967,15.2,60.87720595734003,44.98847575555937,137.17911380052968,42
6968,15.6,122.58275859735178,17.006929764277242,138.45900563326916,43
6969,14.6,122.58275859735178,14.990107894997983,132.46292549623675,39
6970,12.9,122.58275859735178,13.261403435615758,135.8846657915233,43
6971,11.9,122.58275859735178,49.68746228202099,136.85416814155892,36
6972,11.3,201.22607138136644,11.10052286138798,136.6518706962933,37
6973,10.5,148.6547264224872,10.956464156439464,135.70565242925204,33
6974,10.6,122.58275859735178,11.388640271285018,131.85094559652083,30
6975,11.1,34.80523813220465,12.829227320770205,132.60558170187235,34
6976,12.3,34.80523813220465,16.718812354380205,132.65672252599717,62
6977,13.3,34.80523813220465,19.74404515829909,134.63345319605926,75
6978,13.8,34.80523813220465,85.16006093062609,132.5914598489957,84
6979,14.1,34.80523813220465,23.20145407706354,128.9778538434806,109
6980,14.1,60.87720595734003,24.20986501170317,128.01777915012417,111
6981,13.8,60.87720595734003,24.786099831497243,126.00547407203442,95
6982,14.7,34.80523813220465,25.79451076613688,123.6601859963964,77
6983,14.7,21.904727066198586,25.79451076613688,122.2658067596016,82
6984,16.0,21.904727066198586,25.36233465129132,120.65455034270369,79
6985,17.5,21.904727066198586,25.36233465129132,120.67622289865965,80
6986,17.6,21.904727066198586,25.650452061188357,121.77720381870635,83
6987,18.2,21.904727066198586,25.2182759463428,125.1124637426668,90
6988,20.4,34.80523813220465,24.93015853644576,126.73760811812048,110
6989,20.1,34.80523813220465,24.353923716651693,136.11463368399234,132
6990,25.8,113.44855091621928,23.921747601806132,144.36390177934973,125
6991,30.2,60.87720595734003,47.86964985452974,146.65173533395702,109
6992,28.2,34.80523813220465,20.608397387990205,146.67445642752196,86
6993,23.7,34.80523813220465,17.583164584071316,145.58858126290835,75
6994,23.2,34.80523813220465,15.566342714792055,145.37266406435162,61
6995,21.9,34.80523813220465,52.56863638099136,145.18782158684851,53
6996,18.8,113.44855091621928,14.701990485100946,144.05824829420445,51
6997,17.6,60.87720595734003,15.134166599946504,142.3720021685602,53
6998,17.2,34.80523813220465,15.27822530489502,138.6242952220994,48
6999,17.2,34.80523813220465,15.27822530489502,135.96796104411183,56
7000,17.6,34.80523813220465,14.990107894997983,134.25270078705086,77
7001,19.7,34.80523813220465,14.26981437025539,130.95553386352907,88
7002,22.8,34.80523813220465,76.6605973386635,131.67069655702122,111
7003,24.7,34.80523813220465,13.11734473066724,130.84372682073575,96
7004,25.5,60.87720595734003,12.252992500976127,126.27409541729467,94
7005,24.2,60.87720595734003,11.10052286138798,121.52759134035917,83
7006,25.5,34.80523813220465,9.803994516851317,118.41715387543444,83
7007,25.6,21.904727066198586,8.939642287160202,115.08316792648112,84
7008,26.7,21.904727066198586,8.651524877263165,113.67070488931002,81
7009,28.2,21.904727066198586,8.36340746736613,112.52391028159788,77
7010,27.6,21.904727066198586,8.21934876241761,112.79874142442732,75
7011,28.5,21.904727066198586,8.21934876241761,113.7851347862906,75
7012,27.4,21.904727066198586,8.075290057469092,117.58492042961024,73
7013,26.8,21.904727066198586,7.787172647572055,125.7580160551668,73
7014,30.4,100.54803985021324,7.354996532726499,135.96060642082736,75
7015,34.6,47.97669489133397,31.735074900295665,139.2069805830025,81
7016,32.0,21.904727066198586,4.905998548601684,138.67330321030423,99
7017,29.5,21.904727066198586,4.854698191780822,138.24910601850857,119
7018,26.4,21.904727066198586,4.854698191780822,137.5708911373002,113
7019,19.5,21.904727066198586,42.721344087671234,136.8163905843392,96
7020,18.1,100.54803985021324,4.854698191780822,133.87303847538615,74
7021,16.2,47.97669489133397,4.854698191780822,133.0499253375054,61
7022,15.8,21.904727066198586,4.854698191780822,133.81799466059462,78
7023,16.5,21.904727066198586,4.854698191780822,130.8999373284286,74
7024,17.5,21.904727066198586,4.854698191780822,130.50178733791918,90
7025,19.0,21.904727066198586,4.854698191780822,129.66506580318648,94
7026,22.1,21.904727066198586,67.96577468493152,126.98165956568737,102
7027,24.6,21.904727066198586,4.854698191780822,126.72302681271162,87
7028,27.7,47.97669489133397,4.905998548601684,125.79343111060705,87
7029,29.5,47.97669489133397,5.338174663447239,120.31080881046024,107
7030,28.4,21.904727066198586,5.914409483241313,119.53864561187632,70
7031,29.8,21.904727066198586,6.202526893138352,118.3974823482166,70
7032,30.7,21.904727066198586,6.778761712932424,119.1171246736945,70
7033,31.0,21.904727066198586,7.354996532726499,115.86142590848468,73
7034,28.9,21.904727066198586,7.643113942623536,111.77908650209794,72
7035,22.3,21.904727066198586,7.931231352520573,111.01575837153412,77
7036,22.1,34.80523813220465,8.795583582211684,116.48374741660368,77
7037,21.9,34.80523813220465,8.939642287160202,129.27126436236006,81
7038,24.1,113.44855091621928,9.948053221799832,137.49365430336346,94
7039,25.3,60.87720595734003,35.19248381906011,141.53078529612804,92
7040,23.6,122.58275859735178,8.21934876241761,141.41046285699497,102
7041,19.3,122.58275859735178,7.066879122829462,138.8894807612688,118
7042,18.3,122.58275859735178,6.490644303035387,140.56233003394323,88
7043,17.5,122.58275859735178,44.64540760882284,141.25223733574578,78
7044,17.1,201.22607138136644,6.922820417880944,138.25958958240088,81
7045,16.2,148.6547264224872,7.787172647572055,134.86318683176785,74
7046,15.9,122.58275859735178,8.795583582211684,136.5513031454738,60
7047,15.8,34.80523813220465,9.37181840200576,135.1961802192498,80
7048,15.7,34.80523813220465,9.948053221799832,128.69821651063373,79
7049,16.1,34.80523813220465,10.524288041593906,126.94204468159155,80
7050,16.2,34.80523813220465,74.64377546938424,124.22650721175977,80
7051,16.0,34.80523813220465,11.820816386130574,120.22175125232972,63
7052,15.9,60.87720595734003,13.5495208455128,117.10514591201007,66
7053,15.5,60.87720595734003,14.990107894997983,115.20870430012184,56
7054,14.3,34.80523813220465,15.710401419740574,114.71624451919551,38
7055,13.7,21.904727066198586,16.430694944483168,111.85666946580189,36
7056,13.5,21.904727066198586,16.86287105932872,112.93544963465978,34
7057,13.6,21.904727066198586,17.583164584071316,111.26213583529945,28
7058,13.3,21.904727066198586,18.159399403865383,111.46978010957322,26
7059,13.3,21.904727066198586,18.735634223659464,113.0130514452202,35
7060,13.5,34.80523813220465,18.735634223659464,117.75786872850476,58
7061,13.4,34.80523813220465,18.735634223659464,125.88642137944711,113
7062,13.8,113.44855091621928,19.16781033850502,133.6360730833995,107
7063,15.2,60.87720595734003,43.98006482091974,136.65891482969926,73
7064,15.8,122.58275859735178,17.439105879122796,136.4669993444396,65
7065,15.8,122.58275859735178,15.710401419740574,132.4268532170849,56
7066,16.5,122.58275859735178,13.5495208455128,134.75963797404927,55
7067,16.6,122.58275859735178,49.8315209869695,134.04587937136156,50
7068,15.1,201.22607138136644,11.10052286138798,134.42362461944987,22
7069,14.3,148.6547264224872,10.812405451490944,131.50267127449143,43
7070,14.6,122.58275859735178,11.10052286138798,130.8228760360457,42
7071,14.0,34.80523813220465,12.685168615821684,127.18804412090952,36
7072,13.4,34.80523813220465,14.846049190049468,131.55924929588474,80
7073,14.4,34.80523813220465,14.846049190049468,127.21994109648178,72
7074,13.7,34.80523813220465,78.96553661783979,124.92408905015344,85
7075,14.2,34.80523813220465,15.854460124689094,121.97101474198278,81
7076,13.8,60.87720595734003,17.439105879122796,124.35467646708187,71
7077,13.7,60.87720595734003,18.591575518710947,115.92872839525576,74
7078,13.5,34.80523813220465,18.447516813762427,114.46592105527058,46
7079,13.6,21.904727066198586,18.591575518710947,109.71755524719612,58
7080,13.8,21.904727066198586,19.311869043453537,107.8726021597713,41
7081,13.4,21.904727066198586,20.176221273144648,107.61129774408262,57
7082,13.0,21.904727066198586,20.464338683041685,107.79208971802342,40
7083,13.0,21.904727066198586,21.040573502835763,105.7799554697734,63
7084,13.0,34.80523813220465,21.18463220778428,107.80194988589516,54
7085,13.2,34.80523813220465,21.3286909127328,112.03268460732852,141
7086,13.4,113.44855091621928,21.47274961768132,112.66630782621026,83
7087,13.9,60.87720595734003,45.996886690199,114.78023757046442,76
7088,14.7,122.58275859735178,19.311869043453537,114.73195156183684,59
7089,15.8,122.58275859735178,18.30345810881391,115.48956571213157,64
7090,16.1,122.58275859735178,17.583164584071316,114.7636746872398,60
7091,15.2,122.58275859735178,55.59386918491025,115.29158854626424,34
7092,15.1,201.22607138136644,17.15098846922576,112.69403239771933,24
7093,14.4,148.6547264224872,16.28663623953465,111.0332637183937,33
7094,13.4,122.58275859735178,15.99851882963761,109.85566537359576,32
7095,12.9,34.80523813220465,17.29504717417428,112.9550033690249,32
7096,13.1,34.80523813220465,20.32027997809317,118.56887566064196,48
7097,13.5,34.80523813220465,22.337101847372427,113.5317055778888,65
7098,14.4,34.80523813220465,86.45658927516274,112.40055156556777,59
7099,14.7,34.80523813220465,24.353923716651693,112.6172269876565,56
7100,14.7,60.87720595734003,24.786099831497243,109.1874180631782,85
7101,15.1,60.87720595734003,25.074217241394283,107.99559819462824,50
7102,14.3,34.80523813220465,25.074217241394283,106.76695338080084,38
7103,15.4,21.904727066198586,24.93015853644576,105.89764128201642,22
7104,15.8,21.904727066198586,23.20145407706354,102.64071867927012,22
7105,15.5,21.904727066198586,21.904925732526877,102.0115105781348,20
7106,15.3,21.904727066198586,20.89651479788724,103.72014797735638,21
7107,15.4,21.904727066198586,20.32027997809317,104.09390445741852,23
7108,15.7,34.80523813220465,19.311869043453537,103.87078461856066,42
7109,16.6,34.80523813220465,18.01534069891687,107.84062423936692,87
7110,17.7,113.44855091621928,16.718812354380205,109.12480361113228,62
7111,17.7,60.87720595734003,40.81077331205233,109.36640291353848,44
7112,17.3,122.58275859735178,15.566342714792055,112.31526567417482,28
7113,16.7,122.58275859735178,14.701990485100946,112.4244740254173,27
7114,16.5,122.58275859735178,12.541109910873166,114.71885831239412,20
7115,16.4,122.58275859735178,49.39934487212395,112.53694264119676,16
7116,15.6,201.22607138136644,10.380229336645383,110.72052586905272,17
7117,14.1,148.6547264224872,9.22775969705724,111.84280035410258,6
7118,13.9,122.58275859735178,8.651524877263165,110.5074950182338,10
7119,14.6,34.80523813220465,9.083700992108724,111.95246127152583,16
7120,14.9,34.80523813220465,9.37181840200576,110.43918386220388,32
7121,14.4,34.80523813220465,9.37181840200576,109.26421090867004,46
7122,13.6,34.80523813220465,72.19477748525942,107.60183662215196,59
7123,13.5,34.80523813220465,8.939642287160202,107.38929470228176,65
7124,13.3,60.87720595734003,8.21934876241761,106.620671571565,52
7125,13.7,60.87720595734003,8.075290057469092,105.48677461675346,37
7126,13.0,34.80523813220465,8.21934876241761,104.46814322370436,29
7127,12.4,21.904727066198586,8.075290057469092,103.29175349398194,20
7128,12.6,21.904727066198586,8.36340746736613,103.4402639439913,21
7129,12.5,21.904727066198586,8.651524877263165,103.82586748552096,21
7130,13.3,21.904727066198586,9.659935811902796,103.87381739187542,21
7131,12.7,21.904727066198586,11.2445815663365,105.6977919950765,27
7132,12.4,34.80523813220465,12.829227320770205,110.25768670171811,35
7133,11.9,34.80523813220465,13.693579550461315,120.79294607146625,85
7134,13.4,113.44855091621928,14.26981437025539,129.45750174886572,77
7135,15.3,60.87720595734003,39.22612755761863,132.81506668579135,43
7136,15.5,122.58275859735178,12.685168615821684,137.74827750844574,38
7137,15.2,122.58275859735178,11.388640271285018,132.10795945285406,21
7138,13.9,122.58275859735178,9.803994516851317,136.91047795768756,24
7139,13.0,122.58275859735178,47.526581707793206,135.3225282158491,17
7140,12.8,201.22607138136644,9.803994516851317,132.30558976407505,16
7141,12.5,148.6547264224872,10.236170631696872,130.08866122452122,13
7142,11.3,122.58275859735178,10.092111926748352,128.08101095753153,6
7143,11.8,34.80523813220465,10.524288041593906,124.47993303739244,24
7144,13.1,34.80523813220465,11.10052286138798,123.67744935445184,36
7145,13.5,34.80523813220465,12.397051205924647,121.76358164915162,41
7146,14.0,34.80523813220465,75.9403038139209,120.49870737822224,59
7147,14.4,34.80523813220465,12.252992500976127,119.30779989082484,55
7148,14.5,60.87720595734003,11.676757681182051,117.08304797283937,50
7149,14.7,60.87720595734003,12.397051205924647,115.10800772082372,45
7150,14.8,34.80523813220465,13.11734473066724,111.89366753636952,30
7151,14.4,21.904727066198586,12.108933796027612,109.34298907718632,25
7152,14.0,21.904727066198586,11.964875091079092,107.45738634075948,25
7153,13.2,21.904727066198586,11.676757681182051,107.42855137529207,30
7154,12.7,21.904727066198586,11.964875091079092,108.01327630433843,31
7155,12.4,21.904727066198586,11.820816386130574,107.78670205415966,34
7156,12.2,34.80523813220465,11.676757681182051,112.22302940040537,48
7157,13.0,34.80523813220465,11.2445815663365,123.18304750162038,88
7158,15.0,113.44855091621928,10.812405451490944,134.77457797379634,90
7159,15.5,60.87720595734003,35.62465993390566,140.82149243191012,48
7160,14.9,34.80523813220465,9.803994516851317,140.40795639938472,42
7161,14.6,34.80523813220465,9.083700992108724,138.4384888970281,40
7162,14.7,34.80523813220465,7.210937827777981,137.02147518972004,28
7163,13.8,34.80523813220465,43.92511408408024,135.24003927043913,20
7164,13.3,113.44855091621928,6.34658559808687,126.22592635582755,26
7165,12.6,60.87720595734003,6.634703007983905,133.2138189300144,21
7166,12.8,34.80523813220465,6.634703007983905,133.16076551240093,25
7167,13.8,34.80523813220465,7.787172647572055,130.14422816039206,30
7168,13.6,34.80523813220465,9.803994516851317,129.1713330137585,43
7169,13.7,34.80523813220465,11.10052286138798,128.45235709379403,50
7170,13.8,34.80523813220465,74.78783417433274,126.79854846189954,53
7171,13.6,34.80523813220465,11.2445815663365,124.28129949350578,50
7172,13.7,60.87720595734003,12.397051205924647,122.0632199667644,41
7173,13.5,60.87720595734003,13.11734473066724,119.09554006973526,41
7174,13.5,34.80523813220465,13.837638255409832,116.48008653555424,38
7175,13.8,21.904727066198586,14.413873075203906,115.04417825060362,36
7176,15.4,21.904727066198586,15.134166599946504,113.56176450170584,32
7177,15.2,21.904727066198586,15.99851882963761,112.59854963211563,27
7178,15.2,21.904727066198586,16.28663623953465,113.31164074197125,26
7179,16.5,21.904727066198586,15.134166599946504,114.33983582734278,26
7180,16.2,21.904727066198586,14.125755665306873,119.816442235078,25
7181,16.2,21.904727066198586,13.837638255409832,131.10884422127037,29
7182,16.0,100.54803985021324,12.685168615821684,140.44911237643367,41
7183,14.6,47.97669489133397,37.35336439328789,144.87852642994977,43
7184,14.8,21.904727066198586,11.820816386130574,141.96340630787134,68
7185,13.1,21.904727066198586,11.388640271285018,141.69431137493655,87
7186,12.7,21.904727066198586,10.380229336645383,140.7770342681499,86
7187,12.8,21.904727066198586,46.95034688799913,139.25611494179603,65
7188,11.4,100.54803985021324,7.499055237675016,138.29360960802532,54
7189,10.2,47.97669489133397,5.914409483241313,137.36735088682846,48
7190,9.6,21.904727066198586,5.19411595849872,137.75608783905375,47
7191,10.3,21.904727066198586,6.202526893138352,137.32240475862503,71
7192,11.1,21.904727066198586,7.643113942623536,135.48412527057613,63
7193,12.0,21.904727066198586,9.083700992108724,127.90625734725424,48
7194,12.2,21.904727066198586,73.05912971495053,125.0448581356214,47
7195,12.4,21.904727066198586,10.524288041593906,120.62506661044746,39
7196,12.7,47.97669489133397,11.10052286138798,120.45460355952564,37
7197,13.1,47.97669489133397,10.524288041593906,115.92558604438469,45
7198,13.1,21.904727066198586,9.515877106954274,114.6997914551536,34
7199,13.1,21.904727066198586,9.659935811902796,112.5316538025161,31
7200,13.4,21.904727066198586,10.668346746542426,112.0744753368372,40
7201,13.4,21.904727066198586,10.812405451490944,112.62230428245498,45
7202,12.3,21.904727066198586,10.092111926748352,111.68673811369533,30
7203,12.5,21.904727066198586,9.803994516851317,113.67386802004846,31
7204,12.2,34.80523813220465,9.083700992108724,117.59800353074566,31
7205,12.1,34.80523813220465,9.803994516851317,129.30485827989062,33
7206,12.8,133.84188663953668,9.37181840200576,143.34907394771832,43
7207,14.3,81.27054168065742,32.74348583493529,141.9559625244584,48
7208,14.0,142.97609432066915,6.058468188189831,136.74595577419117,58
7209,14.0,142.97609432066915,5.19411595849872,136.1152726649134,93
7210,13.5,142.97609432066915,4.854698191780822,137.34985001005663,87
7211,12.4,142.97609432066915,42.721344087671234,136.84524548398167,68
7212,11.5,221.6194071046838,4.854698191780822,140.11498141202736,41
7213,10.7,169.04806214580455,4.854698191780822,136.10146637606886,52
7214,10.9,142.97609432066915,4.854698191780822,134.80755828117407,40
7215,10.2,55.19857385552203,4.854698191780822,132.52566801025586,70
7216,9.6,55.19857385552203,4.854698191780822,131.72600736894557,55
7217,9.9,55.19857385552203,4.854698191780822,128.30599603111062,51
7218,10.0,55.19857385552203,67.96577468493152,126.42881288617,92
7219,10.4,55.19857385552203,4.854698191780822,125.01643695530332,58
7220,10.7,81.27054168065742,4.854698191780822,123.77137846253144,82
7221,10.6,81.27054168065742,4.854698191780822,119.51622932997029,71
7222,10.1,55.19857385552203,5.19411595849872,115.48608278889964,62
7223,9.9,21.904727066198586,7.066879122829462,113.35928825293044,47
7224,10.1,21.904727066198586,8.36340746736613,112.66182601958724,49
7225,10.1,21.904727066198586,7.931231352520573,112.0304112656776,46
7226,10.4,21.904727066198586,8.939642287160202,112.2848473311405,45
7227,10.6,21.904727066198586,10.380229336645383,115.29093325556356,41
7228,10.0,34.80523813220465,10.956464156439464,120.39622228057364,38
7229,9.3,34.80523813220465,11.10052286138798,130.961445252538,49
7230,9.5,133.84188663953668,10.236170631696872,141.1245941010193,99
7231,10.6,81.27054168065742,35.19248381906011,141.50817655882264,95
7232,12.0,142.97609432066915,9.083700992108724,135.68984402435075,60
7233,12.6,142.97609432066915,8.21934876241761,132.8721598545939,44
7234,12.6,142.97609432066915,7.931231352520573,130.9047916020926,49
7235,12.7,142.97609432066915,45.941935953359504,119.24780237312032,37
7236,11.5,221.6194071046838,8.075290057469092,123.96349908857458,35
7237,10.9,169.04806214580455,8.21934876241761,124.6187002666905,34
7238,10.7,142.97609432066915,8.507466172314647,123.58857035820476,23
7239,10.9,55.19857385552203,8.795583582211684,121.0262209831738,25
7240,11.1,55.19857385552203,8.939642287160202,121.2623305345772,39
7241,11.5,55.19857385552203,9.659935811902796,119.91624093080542,60
7242,11.9,55.19857385552203,74.49971676443572,117.59495481009084,48
7243,12.2,55.19857385552203,12.397051205924647,112.73119320364349,60
7244,12.2,81.27054168065742,12.829227320770205,109.76978882655466,37
7245,12.4,81.27054168065742,12.829227320770205,108.0952650831738,52
7246,12.5,55.19857385552203,12.252992500976127,105.22824177627948,31
7247,12.8,21.904727066198586,12.252992500976127,101.02311256313794,35
7248,12.7,21.904727066198586,12.685168615821684,100.44112211965928,24
7249,12.9,21.904727066198586,13.261403435615758,97.30830268377233,22
7250,13.1,21.904727066198586,12.973286025718725,98.46267529834292,23
7251,12.7,21.904727066198586,12.108933796027612,97.12769482912132,25
7252,13.4,34.80523813220465,12.397051205924647,103.56729236043316,28
7253,13.9,34.80523813220465,13.405462140564278,103.33492052726314,39
7254,14.5,133.84188663953668,13.837638255409832,106.10271622234266,72
7255,15.4,81.27054168065742,38.79395144277308,108.9938940712097,75
7256,16.1,142.97609432066915,12.397051205924647,109.08429664249851,44
7257,16.2,142.97609432066915,11.2445815663365,110.40126664494544,52
7258,16.3,142.97609432066915,9.22775969705724,110.44167756709932,26
7259,14.5,142.97609432066915,45.79787724841098,109.51733687598434,24
7260,13.2,221.6194071046838,8.795583582211684,109.57238359029223,30
7261,13.6,169.04806214580455,9.515877106954274,109.08998029865886,24
7262,13.2,142.97609432066915,10.668346746542426,109.96554979540626,21
7263,13.9,55.19857385552203,11.388640271285018,110.71523860094342,21
7264,14.0,55.19857385552203,11.388640271285018,114.2565260771724,43
7265,14.8,55.19857385552203,11.676757681182051,108.06525943797014,43
7266,15.2,55.19857385552203,74.78783417433274,104.82212174013507,48
7267,15.6,55.19857385552203,11.820816386130574,106.5944518490544,53
7268,16.5,81.27054168065742,12.252992500976127,104.7139280988106,55
7269,17.1,81.27054168065742,12.541109910873166,102.41781364625032,56
7270,17.1,55.19857385552203,12.829227320770205,103.19663775882604,26
7271,18.2,21.904727066198586,11.820816386130574,104.2135091454357,32
7272,18.2,21.904727066198586,12.108933796027612,103.02624961207722,21
7273,17.1,21.904727066198586,13.405462140564278,99.43346732909936,14
7274,16.5,21.904727066198586,13.261403435615758,98.48615981040668,12
7275,16.0,21.904727066198586,12.829227320770205,98.15109387278272,14
7276,15.5,34.80523813220465,12.397051205924647,99.29112318391356,16
7277,15.6,34.80523813220465,11.820816386130574,98.83714348886188,39
7278,15.9,133.84188663953668,11.532698976233537,100.54296956533184,63
7279,16.3,81.27054168065742,36.344953458648256,103.38185765671057,86
7280,17.0,142.97609432066915,10.668346746542426,105.67800678265414,37
7281,16.2,142.97609432066915,9.803994516851317,107.33785112032211,40
7282,15.2,142.97609432066915,9.37181840200576,109.44537087956408,20
7283,14.3,142.97609432066915,46.80628818305061,109.69000609642777,37
7284,13.2,221.6194071046838,8.075290057469092,108.83358403931348,35
7285,12.0,169.04806214580455,7.210937827777981,107.69124997510428,29
7286,11.7,142.97609432066915,7.499055237675016,107.3120959244974,23
7287,11.4,55.19857385552203,8.795583582211684,107.70467268209508,28
7288,11.9,55.19857385552203,10.092111926748352,107.10438532378656,32
7289,13.7,55.19857385552203,10.524288041593906,108.13245645483308,40
7290,16.1,55.19857385552203,74.21159935453868,107.67456990309286,50
7291,16.5,55.19857385552203,11.964875091079092,106.0358881689384,53
7292,16.0,81.27054168065742,12.685168615821684,104.81202791956882,47
7293,16.0,81.27054168065742,13.11734473066724,103.4182201291262,43
7294,14.9,55.19857385552203,13.981696960358352,102.71833547066512,33
7295,14.1,21.904727066198586,15.42228400984354,100.97824097666798,28
7296,14.3,21.904727066198586,16.14257753458613,100.79726319205284,21
7297,15.9,21.904727066198586,14.701990485100946,100.62279796284164,20
7298,16.6,21.904727066198586,13.11734473066724,101.05267204525944,19
7299,17.1,21.904727066198586,12.108933796027612,101.11914067944645,19
7300,17.7,34.80523813220465,11.10052286138798,101.22180240596754,23
7301,17.3,34.80523813220465,10.236170631696872,105.5991589049317,33
7302,16.9,133.84188663953668,9.515877106954274,116.3620485528849,64
7303,18.1,81.27054168065742,34.18407288442048,125.6333270651866,85
7304,18.6,142.97609432066915,8.075290057469092,127.15787042456932,46
7305,18.5,142.97609432066915,6.922820417880944,128.9991801488561,22
7306,18.6,142.97609432066915,4.854698191780822,128.5401673766307,32
7307,17.8,142.97609432066915,42.721344087671234,128.63177965031372,35
7308,17.6,221.6194071046838,4.854698191780822,127.5902556089808,26
7309,16.3,169.04806214580455,5.19411595849872,126.33528342809744,47
7310,15.9,142.97609432066915,6.490644303035387,127.41663764261696,23
7311,16.0,55.19857385552203,7.354996532726499,127.66306560629243,27
7312,16.9,55.19857385552203,7.787172647572055,123.74139311394238,29
7313,16.5,55.19857385552203,8.075290057469092,119.71454078591296,31
7314,16.2,55.19857385552203,71.3304252555683,117.04917485604454,50
7315,16.0,55.19857385552203,8.36340746736613,115.42451687446273,45
7316,15.1,81.27054168065742,8.507466172314647,113.2294453725942,35
7317,14.7,81.27054168065742,8.507466172314647,110.15500914867016,41
7318,14.2,55.19857385552203,8.651524877263165,100.80670208435797,39
7319,14.4,21.904727066198586,8.939642287160202,105.01114109178911,20
7320,14.5,21.904727066198586,9.659935811902796,103.0699452030309,19
7321,14.6,21.904727066198586,10.092111926748352,101.92752717366002,17
7322,14.8,21.904727066198586,10.380229336645383,100.55642803302456,16
7323,15.7,21.904727066198586,11.532698976233537,100.10203648583452,14
7324,15.6,34.80523813220465,11.820816386130574,103.8634348278035,15
7325,16.5,34.80523813220465,11.2445815663365,106.89205156502942,23
7326,17.4,113.44855091621928,11.10052286138798,114.54223185616516,39
7327,18.3,60.87720595734003,35.9127773438027,122.81650308528758,61
7328,19.4,34.80523813220465,9.803994516851317,128.08297320523812,55
7329,19.5,34.80523813220465,9.22775969705724,128.42112857755936,41
7330,18.2,34.80523813220465,9.083700992108724,128.2527484667132,40
7331,17.3,34.80523813220465,46.37411206820506,128.12377677023437,43
7332,15.6,113.44855091621928,8.651524877263165,128.24176558193855,23
7333,13.9,60.87720595734003,9.083700992108724,127.82018701586878,36
7334,13.0,34.80523813220465,9.803994516851317,127.5528272018579,39
7335,13.7,34.80523813220465,10.236170631696872,126.9011465198736,39
7336,15.3,34.80523813220465,10.524288041593906,125.50695792628044,61
7337,15.9,34.80523813220465,10.812405451490944,122.7768430170616,37
7338,17.2,34.80523813220465,74.21159935453868,118.74261878946268,40
7339,17.5,34.80523813220465,11.388640271285018,116.97845287296224,33
7340,18.1,60.87720595734003,11.820816386130574,114.1067368196286,29
7341,17.7,60.87720595734003,11.964875091079092,113.43088915191385,26
7342,18.3,34.80523813220465,12.108933796027612,108.99602642387693,24
7343,18.6,21.904727066198586,12.108933796027612,107.33024907164038,19
7344,19.0,21.904727066198586,11.820816386130574,104.48871142636108,21
7345,19.3,21.904727066198586,11.676757681182051,104.93325537025036,13
7346,20.1,21.904727066198586,11.820816386130574,105.32857374139348,13
7347,20.3,21.904727066198586,11.820816386130574,104.86318010013278,12
7348,20.2,21.904727066198586,12.108933796027612,104.8793242448676,11
7349,22.6,21.904727066198586,11.676757681182051,110.00861945326253,12
7350,23.6,100.54803985021324,11.388640271285018,120.52349039036916,13
7351,26.0,47.97669489133397,36.344953458648256,130.11242541910198,25
7352,26.0,21.904727066198586,11.10052286138798,131.56950705993938,35
7353,24.2,21.904727066198586,11.10052286138798,130.69105725611325,32
7354,21.1,21.904727066198586,11.10052286138798,130.31435184708485,69
7355,20.0,21.904727066198586,49.25528616717543,131.65837433730778,61
7356,19.4,100.54803985021324,11.388640271285018,131.50057589065798,55
7357,18.8,47.97669489133397,11.388640271285018,131.8572242576039,38
7358,17.5,21.904727066198586,11.532698976233537,132.42345474226738,51
7359,17.1,21.904727066198586,11.532698976233537,132.4432067310646,30
7360,17.7,21.904727066198586,11.676757681182051,129.1039507902871,24
7361,17.9,21.904727066198586,11.676757681182051,125.62764570447672,41
7362,18.7,21.904727066198586,74.78783417433274,120.96439314575773,42
7363,18.7,21.904727066198586,11.820816386130574,119.26606256074275,48
7364,19.8,47.97669489133397,11.820816386130574,114.93501363373316,30
7365,19.1,47.97669489133397,11.820816386130574,111.35999644595675,28
7366,18.0,21.904727066198586,11.820816386130574,108.77628899168332,28
7367,17.4,21.904727066198586,11.676757681182051,107.87786502361776,27
7368,17.6,21.904727066198586,11.532698976233537,105.98169475813692,25
7369,17.5,21.904727066198586,11.532698976233537,103.28573131928484,22
7370,17.2,21.904727066198586,11.676757681182051,102.62985213758998,21
7371,16.2,21.904727066198586,11.964875091079092,104.06597015422504,20
7372,16.2,34.80523813220465,12.397051205924647,106.2946616692715,20
7373,15.8,34.80523813220465,12.685168615821684,110.82551759860723,21
7374,15.8,133.84188663953668,12.829227320770205,119.50197240795583,23
7375,16.5,81.27054168065742,38.50583403287604,127.08832552432196,33
7376,17.1,142.97609432066915,13.5495208455128,129.41460944476106,37
7377,16.6,142.97609432066915,13.837638255409832,129.39600795989867,60
7378,16.6,142.97609432066915,13.837638255409832,121.0060799759296,61
7379,15.9,142.97609432066915,51.41616674140321,128.61624778678666,48
7380,16.9,221.6194071046838,13.261403435615758,129.1331819021792,45
7381,16.3,169.04806214580455,13.11734473066724,128.65598070536154,34
7382,15.7,142.97609432066915,13.11734473066724,128.24722331744803,25
7383,15.4,55.19857385552203,13.261403435615758,127.3815260698906,57
7384,15.6,55.19857385552203,13.5495208455128,124.79827577269891,45
7385,15.8,55.19857385552203,13.693579550461315,123.08545992875504,52
7386,15.7,55.19857385552203,77.09277345350904,121.3897070137972,56
7387,15.4,55.19857385552203,14.26981437025539,119.83190813460747,61
7388,15.5,81.27054168065742,14.413873075203906,117.16201895919453,63
7389,15.0,81.27054168065742,14.26981437025539,114.70110276143406,49
7390,15.0,55.19857385552203,14.413873075203906,112.91375448663877,39
7391,14.0,21.904727066198586,14.701990485100946,110.47922171325084,20
7392,12.8,21.904727066198586,15.99851882963761,106.6510505295019,18
7393,12.7,21.904727066198586,16.574753649431685,104.78291943305676,11
7394,13.2,21.904727066198586,17.15098846922576,104.18282779210354,11
7395,12.8,21.904727066198586,16.86287105932872,105.34185437208193,12
7396,12.7,34.80523813220465,16.14257753458613,107.05425606843696,12
7397,13.0,34.80523813220465,15.27822530489502,111.35258032876251,32
7398,13.5,133.84188663953668,14.701990485100946,119.9054198148818,85
7399,13.4,81.27054168065742,39.946421082361226,128.15852542016117,92
7400,13.6,142.97609432066915,14.413873075203906,134.12908135617337,29
7401,14.2,142.97609432066915,14.125755665306873,135.1793331834205,30
7402,14.9,142.97609432066915,13.693579550461315,134.0054889874487,23
7403,16.6,142.97609432066915,51.41616674140321,132.26810614532783,24
7404,16.6,221.6194071046838,13.405462140564278,130.6664061719614,21
7405,15.7,169.04806214580455,13.405462140564278,129.19351032719,17
7406,14.0,142.97609432066915,13.405462140564278,128.19747812720487,22
7407,14.1,55.19857385552203,14.701990485100946,128.80558644768143,15
7408,14.8,55.19857385552203,15.854460124689094,126.41187850240988,26
7409,16.6,55.19857385552203,15.710401419740574,123.4873529532778,32
7410,17.2,55.19857385552203,79.39771273268535,121.42904281944196,57
7411,18.1,55.19857385552203,16.718812354380205,119.36722233778175,55
7412,18.2,81.27054168065742,17.006929764277242,117.24970323388207,42
7413,18.1,81.27054168065742,17.439105879122796,115.22721940355892,70
7414,17.9,55.19857385552203,18.30345810881391,112.60548273820709,48
7415,17.7,21.904727066198586,19.455927748402058,110.7058801702177,29
7416,17.7,21.904727066198586,20.176221273144648,109.41128029904118,15
7417,17.6,21.904727066198586,20.75245609293872,108.43525379553613,15
7418,17.4,21.904727066198586,21.18463220778428,106.7058430528743,14
7419,18.0,21.904727066198586,21.47274961768132,106.2893896236232,15
7420,18.0,34.80523813220465,21.040573502835763,106.87463598236428,20
7421,17.8,34.80523813220465,21.47274961768132,110.23398847113492,26
7422,17.7,133.84188663953668,20.89651479788724,113.09920284225096,65
7423,17.1,81.27054168065742,46.14094539514752,115.2633178991713,76
7424,17.4,142.97609432066915,19.88810386324761,115.88940032165468,29
7425,17.4,142.97609432066915,17.583164584071316,116.15719602962724,26
7426,17.6,142.97609432066915,17.583164584071316,117.3469255884974,18
7427,17.6,142.97609432066915,53.00081249583691,117.45924077153536,21
7428,17.2,221.6194071046838,13.837638255409832,116.50085673785176,16
7429,16.0,169.04806214580455,13.405462140564278,116.06106099365242,16
7430,15.7,142.97609432066915,14.26981437025539,116.41665840672567,10
7431,15.1,55.19857385552203,16.718812354380205,115.76579792543588,10
7432,15.5,55.19857385552203,17.87128199396835,118.89356024232583,27
7433,16.5,55.19857385552203,18.591575518710947,117.60175876689046,39
7434,16.5,55.19857385552203,82.42294553660423,113.85505662366668,31
7435,16.2,55.19857385552203,20.176221273144648,111.65720231095752,58
7436,16.6,81.27054168065742,21.040573502835763,110.48874420827812,50
7437,16.3,81.27054168065742,21.61680832262984,107.90920492960652,31
7438,15.9,55.19857385552203,21.904925732526877,105.94892369919089,24
7439,16.6,21.904727066198586,21.47274961768132,105.92307475233672,18
7440,15.3,21.904727066198586,21.47274961768132,105.40384615298636,11
7441,14.3,21.904727066198586,21.47274961768132,104.76930765343567,11
7442,14.5,21.904727066198586,21.040573502835763,104.6505805523746,10
7443,15.4,21.904727066198586,20.608397387990205,105.0199095917458,11
7444,15.5,34.80523813220465,20.032162568196128,104.47633556559472,12
7445,15.9,34.80523813220465,19.0237516335565,105.05160891695182,29
7446,15.6,133.84188663953668,18.159399403865383,107.2192524436738,79
7447,16.3,81.27054168065742,43.40383000112566,109.29474209121663,83
7448,17.4,142.97609432066915,18.159399403865383,109.53607669194044,27
7449,17.2,142.97609432066915,17.87128199396835,111.68952696519504,19
7450,17.1,142.97609432066915,17.29504717417428,113.28122928528828,13
7451,16.9,142.97609432066915,54.87357566016765,114.18727958548526,13
7452,16.8,221.6194071046838,16.718812354380205,114.78679857195446,18
7453,15.6,169.04806214580455,16.574753649431685,115.2245700912847,31
7454,14.3,142.97609432066915,16.430694944483168,114.89133894346,23
7455,15.2,55.19857385552203,16.718812354380205,106.20789497070338,17
7456,16.4,55.19857385552203,17.006929764277242,115.93675631040504,25
7457,16.5,55.19857385552203,17.006929764277242,119.18126016370532,36
7458,17.2,55.19857385552203,80.11800625742794,119.09677345151316,49
7459,17.2,55.19857385552203,17.15098846922576,117.88276310089482,50
7460,16.7,81.27054168065742,17.439105879122796,117.07159693698335,58
7461,16.4,81.27054168065742,18.447516813762427,115.08807849908808,55
7462,16.2,55.19857385552203,19.455927748402058,112.6145904815796,28
7463,16.0,21.904727066198586,20.032162568196128,111.25632170090223,23
7464,15.9,21.904727066198586,20.75245609293872,111.0376051400989,23
7465,16.0,21.904727066198586,21.18463220778428,111.7376731929707,19
7466,15.9,21.904727066198586,21.61680832262984,110.25334914603474,18
7467,16.1,21.904727066198586,22.048984437475397,110.7952309419416,17
7468,15.9,34.80523813220465,22.481160552320947,114.41631576669252,20
7469,16.3,34.80523813220465,22.769277962217984,119.89008246057826,32
7470,16.1,133.84188663953668,22.913336667166504,129.96567654610345,79
7471,16.1,81.27054168065742,48.01370855947826,139.28523865076906,76
7472,16.5,142.97609432066915,22.625219257269464,142.9692951721459,37
7473,15.8,142.97609432066915,22.19304314242391,143.04739243756683,25
7474,15.1,142.97609432066915,21.61680832262984,141.39773240953863,21
7475,14.9,142.97609432066915,59.05127810367469,140.46081518696155,20
7476,14.8,221.6194071046838,20.608397387990205,141.17105993824265,27
7477,14.1,169.04806214580455,20.176221273144648,141.66717407630657,15
7478,13.4,142.97609432066915,20.89651479788724,142.47050526372084,18
7479,13.1,55.19857385552203,22.481160552320947,136.3158093788605,16
7480,14.3,55.19857385552203,23.34551278201205,141.36862839311434,28
7481,14.7,55.19857385552203,24.06580630675465,138.93739502773448,43
7482,14.7,55.19857385552203,88.04123502959645,133.58893238373994,38
7483,14.4,55.19857385552203,25.50639335623984,131.6097504142094,50
7484,14.7,81.27054168065742,26.08262817603391,130.89093130975556,62
7485,14.7,81.27054168065742,26.946980405725025,127.16634740231714,50
7486,14.5,55.19857385552203,28.099450045313173,124.29221411883248,35
7487,14.4,21.904727066198586,28.81974357005576,121.91455270124446,27
7488,14.8,21.904727066198586,29.1078609799528,118.87649151430702,19
7489,14.6,21.904727066198586,29.540037094798357,118.4561364233342,20
7490,13.8,21.904727066198586,28.675684865107243,116.2283825393954,17
7491,14.1,21.904727066198586,27.23509781562206,116.89808770248356,18
7492,14.4,34.80523813220465,25.50639335623984,116.02527395442397,20
7493,15.2,34.80523813220465,24.786099831497243,120.4654993379959,28
7494,15.7,113.44855091621928,23.48957148696057,129.21458075024543,89
7495,17.3,60.87720595734003,47.5815324446327,137.33039824201737,65
7496,17.9,34.80523813220465,21.61680832262984,139.35816861557072,33
7497,16.8,34.80523813220465,22.048984437475397,139.69997882828224,23
7498,16.6,34.80523813220465,21.76086702757836,134.34391945138597,25
7499,16.3,34.80523813220465,59.05127810367469,141.5729846158192,19
7500,15.5,113.44855091621928,20.032162568196128,133.66700536571122,22
7501,15.0,60.87720595734003,18.447516813762427,119.13490124614827,17
7502,13.3,34.80523813220465,17.29504717417428,135.2445465686436,28
7503,13.8,34.80523813220465,16.430694944483168,138.37723214352462,20
7504,14.7,34.80523813220465,15.854460124689094,134.74575593533947,28
7505,15.9,34.80523813220465,15.134166599946504,129.8827045895907,34
7506,16.3,34.80523813220465,77.81306697825164,126.40401585969396,44
7507,15.9,34.80523813220465,13.837638255409832,125.40947340705956,38
7508,16.0,60.87720595734003,13.405462140564278,122.84181260128284,27
7509,16.3,60.87720595734003,12.541109910873166,119.54661577832448,27
7510,16.5,34.80523813220465,11.820816386130574,114.31002444973622,25
7511,16.3,21.904727066198586,10.956464156439464,110.73998101986108,22
7512,16.7,21.904727066198586,10.236170631696872,107.68572168469636,24
7513,16.5,21.904727066198586,9.22775969705724,105.92854698542808,16
7514,16.5,21.904727066198586,8.507466172314647,105.77730434530147,18
7515,17.2,21.904727066198586,8.075290057469092,106.27149006334986,17
7516,17.4,21.904727066198586,7.643113942623536,107.9085478267081,17
7517,18.2,21.904727066198586,7.354996532726499,113.29431214479732,17
7518,17.4,100.54803985021324,7.210937827777981,123.77528978930772,21
7519,18.0,47.97669489133397,32.31130972008974,132.83658013078625,23
7520,19.2,21.904727066198586,7.066879122829462,135.6499988703295,38
7521,18.3,21.904727066198586,6.778761712932424,136.01472202793946,49
7522,17.5,21.904727066198586,6.34658559808687,134.1471187642877,69
7523,16.5,21.904727066198586,44.3572901989258,132.79950510222147,60
7524,15.0,100.54803985021324,6.778761712932424,132.39308363718732,59
7525,15.0,47.97669489133397,7.066879122829462,131.5377137420775,49
7526,14.3,21.904727066198586,8.075290057469092,130.85899035818494,51
7527,14.6,21.904727066198586,9.083700992108724,132.2350724385235,45
7528,15.6,21.904727066198586,9.803994516851317,129.50512268092484,31
7529,17.2,21.904727066198586,10.236170631696872,130.63681274133566,37
7530,17.1,21.904727066198586,73.77942323969312,125.77008577532924,41
7531,16.4,21.904727066198586,11.820816386130574,124.84679084312008,40
7532,16.2,47.97669489133397,12.829227320770205,123.00586494231337,43
7533,15.8,47.97669489133397,13.837638255409832,121.6758420420266,32
7534,14.7,21.904727066198586,14.413873075203906,123.89511798171208,31
7535,14.0,21.904727066198586,14.990107894997983,120.55146830712144,21
7536,13.0,21.904727066198586,16.28663623953465,115.09302628215514,19
7537,12.2,21.904727066198586,17.006929764277242,112.7422287629656,14
7538,11.6,21.904727066198586,18.01534069891687,113.15161752056974,14
7539,11.6,21.904727066198586,18.735634223659464,111.90906348506653,13
7540,11.5,34.80523813220465,19.599986453350574,115.67257062113218,14
7541,11.0,34.80523813220465,19.0237516335565,123.31065521727128,14
7542,11.1,133.84188663953668,18.447516813762427,128.37611914324836,18
7543,12.0,81.27054168065742,42.53947777143456,136.0671649765429,22
7544,12.5,142.97609432066915,16.28663623953465,138.56359686712443,37
7545,12.1,142.97609432066915,14.990107894997983,141.94656446700887,55
7546,11.9,142.97609432066915,13.981696960358352,140.8004436344143,52
7547,12.5,142.97609432066915,50.983990626557656,140.1326643542649,79
7548,12.7,221.6194071046838,12.397051205924647,139.61895063505924,65
7549,12.5,169.04806214580455,11.820816386130574,139.40673575647344,48
7550,12.2,142.97609432066915,11.532698976233537,140.04029156159945,54
7551,12.6,55.19857385552203,12.397051205924647,141.86341974764545,46
7552,12.1,55.19857385552203,11.388640271285018,138.83245089857374,48
7553,12.0,55.19857385552203,11.676757681182051,137.9537107806706,59
7554,11.6,55.19857385552203,76.08436251886943,134.1622956786852,74
7555,11.4,55.19857385552203,14.26981437025539,131.8853221418462,69
7556,11.3,81.27054168065742,15.27822530489502,128.0041558932508,51
7557,11.3,81.27054168065742,15.99851882963761,124.76656231235056,35
7558,11.4,55.19857385552203,16.14257753458613,120.31809118746168,25
7559,10.8,21.904727066198586,15.99851882963761,116.63937690419203,21
7560,10.2,21.904727066198586,17.29504717417428,113.96946767379082,20
7561,9.8,21.904727066198586,18.30345810881391,112.69991732864132,13
7562,9.7,21.904727066198586,18.735634223659464,111.56897969272974,12
7563,9.5,21.904727066198586,18.879692928607984,111.1966908512059,12
7564,9.6,34.80523813220465,19.0237516335565,114.0858557108298,14
7565,9.4,34.80523813220465,19.0237516335565,119.16714447230096,35
7566,9.2,133.84188663953668,19.455927748402058,128.97129102979284,69
7567,9.2,81.27054168065742,45.420651870404924,138.27855193623873,91
7568,9.4,142.97609432066915,19.16781033850502,140.28626321388546,25
7569,9.4,142.97609432066915,17.006929764277242,140.28496725087916,27
7570,9.6,142.97609432066915,14.557931780152426,131.56843882978166,22
7571,10.0,142.97609432066915,50.839931921609136,135.3683193114494,24
7572,10.2,221.6194071046838,12.541109910873166,133.9960772781096,21
7573,10.1,169.04806214580455,12.829227320770205,133.4607985266802,20
7574,9.4,142.97609432066915,14.846049190049468,134.39483000558536,30
7575,9.7,55.19857385552203,18.447516813762427,134.16365772650224,20
7576,10.3,55.19857385552203,20.032162568196128,131.18698026772282,36
7577,11.4,55.19857385552203,21.76086702757836,129.120782966095,52
7578,12.5,55.19857385552203,86.16847186526572,126.67892371889414,39
7579,13.1,55.19857385552203,23.63363019190909,125.20908275624984,84
7580,13.9,81.27054168065742,24.20986501170317,123.58661113082772,38
7581,13.9,81.27054168065742,24.64204112654873,122.82043313810712,54
7582,14.1,55.19857385552203,24.93015853644576,120.62002761342778,33
7583,14.0,21.904727066198586,24.93015853644576,118.36871660870268,24
7584,13.9,21.904727066198586,24.93015853644576,117.52027571203614,18
7585,14.8,21.904727066198586,24.93015853644576,117.32784664993864,15
7586,15.6,21.904727066198586,25.2182759463428,116.55160733539782,15
7587,16.2,21.904727066198586,24.93015853644576,116.0531117278848,15
7588,16.9,34.80523813220465,24.93015853644576,116.45757094521235,17
7589,17.5,34.80523813220465,25.2182759463428,117.0435786686282,41
7590,16.9,133.84188663953668,25.074217241394283,119.18836591183428,69
7591,17.3,81.27054168065742,50.03053042875752,119.30687132070584,62
7592,17.9,142.97609432066915,24.353923716651693,121.67083119447835,26
7593,18.4,142.97609432066915,22.913336667166504,121.6538836420814,35
7594,18.6,142.97609432066915,21.18463220778428,121.82809721743388,27
7595,18.4,142.97609432066915,57.03445623439544,121.76364507607232,23
7596,19.4,221.6194071046838,17.439105879122796,119.85687804474738,20
7597,19.0,169.04806214580455,17.006929764277242,120.08066416830552,15
7598,18.5,142.97609432066915,16.86287105932872,120.40967072077228,16
7599,17.9,55.19857385552203,17.29504717417428,122.63555272526482,19
7600,18.5,55.19857385552203,17.29504717417428,125.16431144472116,20
7601,18.2,55.19857385552203,17.727223289019836,124.58368800239998,40
7602,17.5,55.19857385552203,81.4145346019646,121.5464870053204,47
7603,17.7,55.19857385552203,19.311869043453537,116.70320347489576,68
7604,17.3,81.27054168065742,19.455927748402058,116.87797496552402,44
7605,18.1,81.27054168065742,19.599986453350574,112.71721765553056,59
7606,18.4,55.19857385552203,19.599986453350574,110.60902085921512,39
7607,18.1,21.904727066198586,19.599986453350574,109.87284102128088,34
7608,16.2,21.904727066198586,19.599986453350574,109.02345874829804,21
7609,17.1,21.904727066198586,20.32027997809317,108.66815032035676,19
7610,17.1,21.904727066198586,19.88810386324761,109.07172071510232,18
7611,16.5,21.904727066198586,19.455927748402058,108.74668178835482,19
7612,15.9,34.80523813220465,19.311869043453537,109.87883999984696,19
7613,16.2,34.80523813220465,18.879692928607984,111.43089034619746,36
7614,15.9,133.84188663953668,18.879692928607984,116.2120726389745,70
7615,16.6,81.27054168065742,44.12412352586826,121.15424538349038,94
7616,18.0,142.97609432066915,18.30345810881391,121.78300043519214,27
7617,17.8,142.97609432066915,17.583164584071316,123.93064188982956,22
7618,17.3,142.97609432066915,17.15098846922576,124.99216884893929,21
7619,16.7,142.97609432066915,54.58545825027062,124.69562008683694,24
7620,17.5,221.6194071046838,16.86287105932872,122.3951073095626,21
7621,17.0,169.04806214580455,17.006929764277242,123.15321739797058,19
7622,15.7,142.97609432066915,17.29504717417428,125.3017921344411,16
7623,16.0,55.19857385552203,17.727223289019836,127.7392259947751,18
7624,17.1,55.19857385552203,18.01534069891687,129.44280011352734,18
7625,17.0,55.19857385552203,18.447516813762427,126.95339532169308,59
7626,16.7,55.19857385552203,81.70265201186164,127.17543412419592,40
7627,16.3,55.19857385552203,18.735634223659464,125.5719724530055,39
7628,16.7,81.27054168065742,19.0237516335565,124.13354738784162,63
7629,15.9,81.27054168065742,19.0237516335565,122.07551862790729,53
7630,15.1,55.19857385552203,19.16781033850502,119.56494156750492,32
7631,14.3,21.904727066198586,19.16781033850502,119.17605456530724,24
7632,14.4,21.904727066198586,19.16781033850502,112.8350954399202,18
7633,15.8,21.904727066198586,18.879692928607984,111.34746896464664,18
7634,15.3,21.904727066198586,18.735634223659464,112.7756166940204,18
7635,14.6,21.904727066198586,18.591575518710947,112.0709669220238,19
7636,14.6,34.80523813220465,18.30345810881391,115.90292910261952,22
7637,15.1,34.80523813220465,17.87128199396835,120.84789625604152,33
7638,15.2,133.84188663953668,17.006929764277242,130.78831162622188,89
7639,15.7,81.27054168065742,41.53106683679493,141.5333831419866,69
7640,17.0,142.97609432066915,15.42228400984354,144.5539360825481,39
7641,17.1,142.97609432066915,14.557931780152426,143.71741811802755,25
7642,19.1,142.97609432066915,14.701990485100946,142.07498211423373,19
7643,19.5,142.97609432066915,52.8567537908884,143.33736014319086,12
7644,19.7,221.6194071046838,15.134166599946504,143.44019777370536,10
7645,19.0,169.04806214580455,15.27822530489502,143.6859253833632,13
7646,19.2,142.97609432066915,15.42228400984354,144.3155243151432,28
7647,19.0,55.19857385552203,15.710401419740574,144.47344055464572,21
7648,19.7,55.19857385552203,15.566342714792055,140.0122116785213,26
7649,19.1,55.19857385552203,15.710401419740574,136.42272300451873,37
7650,19.2,55.19857385552203,78.67741920794275,134.04446211192027,53
7651,19.0,55.19857385552203,15.99851882963761,131.0684463469402,54
7652,18.5,81.27054168065742,15.854460124689094,127.97670750067644,72
7653,18.2,81.27054168065742,15.99851882963761,126.64906606983875,43
7654,18.9,55.19857385552203,16.718812354380205,124.29683051134056,47
7655,17.8,21.904727066198586,17.29504717417428,121.9319806068542,28
7656,16.4,21.904727066198586,17.583164584071316,119.35608106692511,19
7657,16.5,21.904727066198586,17.29504717417428,118.72277111662508,15
7658,16.4,21.904727066198586,16.574753649431685,117.235093295749,12
7659,16.1,21.904727066198586,15.854460124689094,117.44939473880596,14
7660,16.0,34.80523813220465,15.566342714792055,119.88847479956166,17
7661,16.5,34.80523813220465,15.27822530489502,124.46533638870945,33
7662,17.1,113.44855091621928,15.134166599946504,132.23711901383132,84
7663,18.7,60.87720595734003,40.37859719720678,139.45453488797642,60
7664,19.4,34.80523813220465,14.701990485100946,140.94320228962852,54
7665,19.8,34.80523813220465,14.26981437025539,139.69085441269058,36
7666,20.3,34.80523813220465,13.693579550461315,137.8002421576605,18
7667,21.0,34.80523813220465,51.12804933150617,136.6391249055628,20
7668,20.6,113.44855091621928,12.973286025718725,137.7779102033557,18
7669,20.4,60.87720595734003,13.261403435615758,139.15577717764924,20
7670,20.0,34.80523813220465,13.5495208455128,141.30459511105573,27
7671,20.4,34.80523813220465,13.837638255409832,143.98543539737642,35
7672,21.3,34.80523813220465,13.981696960358352,140.06532211995682,37
7673,21.7,34.80523813220465,14.125755665306873,135.80696575984572,40
7674,22.2,34.80523813220465,77.23683215845756,131.62148765649422,36
7675,21.9,34.80523813220465,14.26981437025539,130.30561826213784,28
7676,21.4,60.87720595734003,14.26981437025539,127.45346693716894,28
7677,21.0,60.87720595734003,14.413873075203906,123.56584962707936,46
7678,20.6,34.80523813220465,14.413873075203906,120.60287383292864,29
7679,19.6,21.904727066198586,14.557931780152426,118.32813606484088,32
7680,19.2,21.904727066198586,14.557931780152426,115.10636985651156,23
7681,19.4,21.904727066198586,14.701990485100946,113.72670687345024,23
7682,19.6,21.904727066198586,14.701990485100946,112.83568524987612,21
7683,19.1,21.904727066198586,15.42228400984354,112.03257635871722,18
7684,19.0,21.904727066198586,16.28663623953465,112.80383031729129,17
7685,19.5,21.904727066198586,16.86287105932872,116.625315095467,17
7686,19.4,100.54803985021324,17.29504717417428,126.85530299135216,16
7687,20.3,47.97669489133397,42.68353647638308,134.35760939713597,21
7688,21.3,21.904727066198586,17.15098846922576,137.01773819636574,43
7689,22.1,21.904727066198586,16.574753649431685,136.60358867450074,59
7690,22.9,21.904727066198586,16.14257753458613,137.82343865109772,51
7691,22.4,21.904727066198586,53.577047315630985,138.4303286914442,70
7692,22.8,100.54803985021324,15.42228400984354,138.01694150075934,76
7693,22.8,47.97669489133397,15.27822530489502,138.6803101332501,45
7694,23.1,21.904727066198586,15.134166599946504,138.68420829138952,36
7695,23.5,21.904727066198586,15.27822530489502,139.90711109628953,44
7696,23.6,21.904727066198586,15.42228400984354,136.04342313240087,41
7697,23.9,21.904727066198586,15.27822530489502,133.47089717977377,50
7698,23.3,21.904727066198586,78.82147791289127,130.32543826875673,49
7699,22.6,21.904727066198586,15.854460124689094,128.6587545760267,44
7700,22.1,47.97669489133397,15.710401419740574,126.46725419101315,32
7701,22.0,47.97669489133397,15.42228400984354,123.82090413522236,34
7702,22.4,21.904727066198586,14.990107894997983,121.929366451216,24
7703,21.6,21.904727066198586,14.557931780152426,120.27167246737942,28
7704,21.4,21.904727066198586,14.413873075203906,116.38152653738472,25
7705,20.8,21.904727066198586,15.27822530489502,113.22120168510136,23
7706,20.3,21.904727066198586,17.29504717417428,114.2812149758503,24
7707,19.9,21.904727066198586,19.0237516335565,116.29177671971976,24
7708,19.9,34.80523813220465,20.032162568196128,118.41245218881969,23
7709,20.9,34.80523813220465,20.32027997809317,122.80590317830074,22
7710,20.6,133.84188663953668,20.89651479788724,133.3092458799279,23
7711,21.4,81.27054168065742,46.86123891989011,143.242996711721,25
7712,22.1,142.97609432066915,21.904925732526877,145.6172902202266,35
7713,24.2,142.97609432066915,20.89651479788724,146.5871281892826,58
7714,25.7,142.97609432066915,19.88810386324761,144.97694966759698,61
7715,25.1,142.97609432066915,57.03445623439544,144.2644246883135,62
7716,26.2,221.6194071046838,19.0237516335565,143.1364371895,46
7717,25.8,169.04806214580455,19.311869043453537,143.8973943613616,71
7718,26.4,142.97609432066915,20.464338683041685,144.90906268665003,51
7719,25.6,55.19857385552203,21.040573502835763,146.28145114556676,50
7720,25.7,55.19857385552203,20.32027997809317,141.73044442311908,64
7721,25.2,55.19857385552203,20.032162568196128,136.75906521260032,70
7722,25.4,55.19857385552203,82.99918035639831,133.81114551966482,55
7723,24.3,55.19857385552203,20.176221273144648,132.00791236522386,46
7724,24.0,81.27054168065742,21.18463220778428,130.1049168798233,67
7725,24.3,81.27054168065742,21.18463220778428,127.86852678636248,39
7726,24.6,55.19857385552203,20.608397387990205,125.04461723413591,33
7727,23.8,21.904727066198586,20.176221273144648,123.50276364118302,29
7728,23.6,21.904727066198586,19.88810386324761,120.5833979022529,27
7729,23.1,21.904727066198586,19.74404515829909,119.05938732900404,25
7730,23.3,21.904727066198586,19.311869043453537,117.81147945732808,27
7731,23.8,21.904727066198586,19.16781033850502,118.21488808322256,26
7732,23.9,34.80523813220465,19.311869043453537,119.68450964912785,28
7733,24.5,34.80523813220465,19.88810386324761,123.96090172596875,48
7734,23.6,133.84188663953668,20.176221273144648,133.80925334360396,97
7735,23.4,81.27054168065742,45.13253446050789,142.52039941661775,90
7736,23.8,142.97609432066915,19.16781033850502,146.3423411102488,50
7737,24.7,142.97609432066915,18.01534069891687,146.45939035783437,37
7738,25.9,142.97609432066915,16.430694944483168,140.0955590015914,42
7739,28.2,142.97609432066915,53.00081249583691,147.1246961088898,40
7740,28.3,221.6194071046838,12.973286025718725,147.62299720717934,42
7741,29.3,169.04806214580455,9.948053221799832,144.97012070246862,30
7742,27.3,142.97609432066915,8.21934876241761,142.0881009760711,35
7743,26.0,55.19857385552203,7.354996532726499,139.94320403449552,36
7744,26.9,55.19857385552203,7.643113942623536,134.8833807551859,48
7745,26.4,55.19857385552203,8.075290057469092,130.02108014255182,69
7746,25.7,55.19857385552203,71.47448396051682,127.59511109077664,74
7747,26.9,55.19857385552203,9.083700992108724,126.26620075908544,89
7748,26.0,81.27054168065742,9.37181840200576,124.62796265093633,77
7749,25.3,81.27054168065742,9.37181840200576,121.3407074825151,86
7750,25.5,55.19857385552203,9.948053221799832,119.62188758585144,59
7751,24.8,21.904727066198586,11.676757681182051,117.09937357897395,49
7752,24.2,21.904727066198586,13.981696960358352,114.88309948442854,39
7753,24.5,21.904727066198586,15.27822530489502,114.5311486964492,38
7754,24.5,21.904727066198586,15.42228400984354,113.57582836425502,38
7755,24.6,21.904727066198586,15.566342714792055,113.12614937686612,38
7756,25.1,34.80523813220465,15.566342714792055,111.10241742555684,43
7757,25.3,34.80523813220465,15.566342714792055,112.0588690523899,64
7758,25.3,133.84188663953668,15.99851882963761,115.92184675557994,98
7759,25.0,81.27054168065742,41.96324295164048,120.3214514853136,92
7760,27.3,142.97609432066915,17.15098846922576,121.78112928062498,67
7761,29.1,142.97609432066915,16.86287105932872,122.88483332980032,55
7762,27.1,142.97609432066915,15.99851882963761,124.15851234464104,38
7763,27.3,142.97609432066915,52.8567537908884,124.84478788137108,34
7764,28.6,221.6194071046838,14.846049190049468,124.52481730924656,35
7765,30.1,169.04806214580455,14.701990485100946,123.13418932176155,36
7766,28.4,142.97609432066915,15.134166599946504,122.3895379426727,36
7767,27.6,55.19857385552203,16.28663623953465,114.44680514787804,34
7768,27.5,55.19857385552203,17.87128199396835,123.10819092900093,37
7769,28.5,55.19857385552203,18.879692928607984,121.99155419110213,62
7770,28.9,55.19857385552203,82.99918035639831,119.20851561762755,64
7771,28.1,55.19857385552203,20.75245609293872,118.44754225679957,85
7772,28.0,81.27054168065742,21.18463220778428,116.46559680653758,68
7773,27.9,81.27054168065742,21.47274961768132,115.02490492363458,98
7774,27.8,55.19857385552203,22.625219257269464,114.1622350127987,97
7775,26.5,21.904727066198586,22.913336667166504,110.67693296930398,110
7776,27.1,21.904727066198586,23.63363019190909,111.07046511754712,109
7777,27.8,21.904727066198586,24.353923716651693,111.53416568287136,105
7778,28.8,21.904727066198586,25.50639335623984,109.82801836414974,101
7779,29.9,21.904727066198586,25.79451076613688,109.65343437558036,99
7780,29.8,34.80523813220465,26.370745585930948,109.96907113723016,98
7781,30.3,34.80523813220465,25.79451076613688,112.92182118281956,120
7782,32.2,133.84188663953668,25.2182759463428,115.74614778215133,172
7783,33.3,81.27054168065742,50.46270654360308,116.5423598111734,166
7784,36.9,142.97609432066915,24.93015853644576,118.18143032214844,111
7785,40.2,142.97609432066915,23.05739537211502,120.9393530431589,101
7786,33.9,142.97609432066915,21.47274961768132,122.8566448356713,96
7787,33.3,142.97609432066915,57.89880846408654,123.1580229839221,97
7788,32.7,221.6194071046838,20.032162568196128,123.0758683285875,96
7789,31.3,169.04806214580455,20.89651479788724,124.7041050382548,91
7790,29.7,142.97609432066915,21.3286909127328,123.42378214408096,99
7791,28.7,55.19857385552203,21.904925732526877,127.02154362155332,98
7792,28.8,55.19857385552203,22.769277962217984,127.41096606777484,102
7793,29.5,55.19857385552203,23.63363019190909,131.04978916720077,124
7794,29.7,55.19857385552203,87.6090589147509,129.55092187100837,163
7795,29.4,55.19857385552203,25.2182759463428,125.5712585679114,138
7796,30.1,81.27054168065742,25.79451076613688,119.47902599780596,116
7797,28.7,81.27054168065742,26.514804290879468,123.79558737043614,65
7798,26.9,55.19857385552203,27.23509781562206,125.33440094128336,63
7799,25.6,21.904727066198586,28.38756745521021,99.87567607498836,45
7800,26.4,21.904727066198586,29.1078609799528,108.02128319799402,32
7801,26.3,21.904727066198586,29.97221320964391,119.6433180321901,36
7802,26.4,21.904727066198586,30.548448029437985,121.0547406262354,37
7803,26.4,21.904727066198586,30.980624144283546,121.51229433765847,35
7804,26.4,34.80523813220465,31.41280025912909,123.80116350286426,39
7805,26.7,34.80523813220465,31.268741554180583,128.9720928668836,51
7806,26.3,133.84188663953668,30.980624144283546,139.470047904647,106
7807,28.1,81.27054168065742,56.22505474154382,150.39625426216384,111
7808,30.4,142.97609432066915,30.11627191459243,153.11766615217078,66
7809,32.8,142.97609432066915,28.531626160158723,152.18078154915293,62
7810,31.5,142.97609432066915,26.658862995827985,150.0459082356847,53
7811,29.8,142.97609432066915,63.08492184223321,149.77807157204336,57
7812,28.6,221.6194071046838,23.63363019190909,150.4833948775311,51
7813,27.0,169.04806214580455,22.769277962217984,149.5537631730982,58
7814,25.8,142.97609432066915,22.337101847372427,149.59606796269748,49
7815,26.8,55.19857385552203,21.3286909127328,150.92902940201682,53
7816,28.2,55.19857385552203,21.040573502835763,146.54327614525786,62
7817,27.4,55.19857385552203,21.904925732526877,141.98140759284416,67
7818,26.4,55.19857385552203,84.72788481578053,138.45631089523835,78
7819,25.6,55.19857385552203,21.3286909127328,136.8834181003074,86
7820,26.4,81.27054168065742,22.048984437475397,136.19535332034783,76
7821,25.8,81.27054168065742,22.048984437475397,132.64512675594884,75
7822,25.1,55.19857385552203,21.47274961768132,130.09331434423677,65
7823,26.0,21.904727066198586,20.608397387990205,128.18009250620898,53
7824,25.4,21.904727066198586,20.464338683041685,125.45684606802908,46
7825,24.0,21.904727066198586,20.608397387990205,123.61253208233852,46
7826,23.8,21.904727066198586,21.76086702757836,122.29371895398272,47
7827,24.2,21.904727066198586,23.05739537211502,122.94423487607668,49
7828,24.1,34.80523813220465,24.06580630675465,124.89731237887254,49
7829,24.0,34.80523813220465,25.074217241394283,129.31134969298768,61
7830,25.7,113.44855091621928,25.36233465129132,139.42775217603642,126
7831,25.4,60.87720595734003,50.6067652485516,147.65601134224812,110
7832,26.8,34.80523813220465,25.2182759463428,149.6200197801503,85
7833,26.9,34.80523813220465,23.921747601806132,150.45043510839437,62
7834,27.1,34.80523813220465,22.481160552320947,149.81442147988804,85
7835,28.2,34.80523813220465,59.33939551357173,148.44331472802213,62
7836,28.2,113.44855091621928,20.176221273144648,147.1789560877547,63
7837,27.1,60.87720595734003,19.599986453350574,145.867925502975,68
7838,27.6,34.80523813220465,20.32027997809317,147.5272434576078,58
7839,29.8,34.80523813220465,21.47274961768132,147.71319451687148,66
7840,29.0,34.80523813220465,21.61680832262984,141.9580756678296,61
7841,28.1,34.80523813220465,20.89651479788724,137.98361276816388,87
7842,27.2,34.80523813220465,82.85512165144979,133.72443354946824,94
7843,26.7,34.80523813220465,19.0237516335565,132.62677958283513,96
7844,26.0,60.87720595734003,18.879692928607984,127.78554588967424,72
7845,25.8,60.87720595734003,18.879692928607984,125.1465236366414,71
7846,24.4,34.80523813220465,18.879692928607984,122.92357425133552,66
7847,23.9,21.904727066198586,19.0237516335565,121.2232519401975,60
7848,23.4,21.904727066198586,18.447516813762427,119.6418712943323,59
7849,23.1,21.904727066198586,18.735634223659464,118.43359075050994,61
7850,24.1,21.904727066198586,19.0237516335565,117.0670123183422,53
7851,23.5,21.904727066198586,18.735634223659464,116.78248676332711,53
7852,23.0,21.904727066198586,19.16781033850502,117.7678002969672,52
7853,24.1,21.904727066198586,20.464338683041685,122.35550172808182,53
7854,23.8,100.54803985021324,21.040573502835763,133.7089495279614,52
7855,24.4,47.97669489133397,46.28500410009604,143.48618664048507,63
7856,26.7,21.904727066198586,21.040573502835763,147.2326464324652,75
7857,26.0,21.904727066198586,19.74404515829909,146.30710232124153,96
7858,27.2,21.904727066198586,17.87128199396835,144.74983308704293,120
7859,27.8,21.904727066198586,55.88198659480728,146.23172395648777,85
7860,29.0,100.54803985021324,18.159399403865383,147.55577723581175,79
7861,28.2,47.97669489133397,19.311869043453537,149.03677324201547,82
7862,26.8,21.904727066198586,20.464338683041685,148.25811488512585,68
7863,27.4,21.904727066198586,20.608397387990205,148.45121047355,77
7864,27.6,21.904727066198586,20.464338683041685,143.6401260724665,80
7865,27.8,21.904727066198586,18.447516813762427,140.4657281758321,86
7866,27.5,21.904727066198586,80.40612366732498,137.65036349836186,70
7867,26.2,21.904727066198586,17.29504717417428,134.95581151991837,63
7868,26.0,47.97669489133397,15.854460124689094,131.7575780281125,49
7869,25.6,47.97669489133397,14.846049190049468,128.49243155123526,54
7870,24.9,21.904727066198586,14.413873075203906,125.74485080106744,66
7871,24.6,21.904727066198586,14.26981437025539,122.99394623862877,50
7872,24.2,21.904727066198586,13.981696960358352,119.62749911654196,48
7873,23.1,21.904727066198586,13.693579550461315,117.17684466967114,41
7874,22.8,21.904727066198586,13.693579550461315,116.92884830926327,42
7875,23.1,21.904727066198586,13.5495208455128,117.0878588745709,42
7876,22.2,34.80523813220465,13.405462140564278,120.19063871675,45
7877,22.9,34.80523813220465,13.981696960358352,124.67127079401442,43
7878,22.9,133.84188663953668,14.125755665306873,135.43728672468546,45
7879,24.3,81.27054168065742,39.946421082361226,143.32965214134828,53
7880,26.0,142.97609432066915,15.27822530489502,146.44861031839275,66
7881,26.1,142.97609432066915,15.566342714792055,144.57237157009803,86
7882,26.5,142.97609432066915,15.854460124689094,143.46081103967907,110
7883,26.3,142.97609432066915,54.4413995453221,143.59839514548307,99
7884,26.3,221.6194071046838,17.727223289019836,145.3157649215198,68
7885,27.3,169.04806214580455,18.591575518710947,145.91096254127206,90
7886,27.6,142.97609432066915,19.599986453350574,146.58396215902778,116
7887,26.5,55.19857385552203,20.32027997809317,149.15992899189936,89
7888,26.3,55.19857385552203,21.76086702757836,144.8874977752395,70
7889,26.4,55.19857385552203,22.913336667166504,143.84747846209189,69
7890,26.6,55.19857385552203,87.03282409495682,140.5220895791896,95
7891,25.9,55.19857385552203,25.074217241394283,138.17421223542897,76
7892,25.4,81.27054168065742,26.08262817603391,137.20942353251317,80
7893,24.4,81.27054168065742,27.09103911067354,133.5445486409,84
7894,24.7,55.19857385552203,28.099450045313173,128.67126006933762,65
7895,23.3,21.904727066198586,28.531626160158723,125.76660575161368,50
7896,22.8,21.904727066198586,29.1078609799528,122.46441239564317,42
7897,23.3,21.904727066198586,29.1078609799528,121.74996926546464,38
7898,23.0,21.904727066198586,29.25191968490132,121.98415667913795,36
7899,22.8,21.904727066198586,29.97221320964391,122.3258401588213,37
7900,22.4,34.80523813220465,30.548448029437985,124.62502689060692,38
7901,22.9,34.80523813220465,30.980624144283546,130.21279338654432,54
7902,22.7,133.84188663953668,31.268741554180583,141.7628555795951,120
7903,22.5,81.27054168065742,56.801289561337896,149.73967943816538,98
7904,23.1,142.97609432066915,30.980624144283546,153.2879111352986,54
7905,25.1,142.97609432066915,29.97221320964391,154.11741637784053,40
7906,26.9,142.97609432066915,28.96380227500428,153.3308400457975,45
7907,27.6,142.97609432066915,65.82203723625506,153.3318806097365,37
7908,27.4,221.6194071046838,27.23509781562206,153.7917103207005,54
7909,27.9,169.04806214580455,28.099450045313173,153.45044811658377,43
7910,26.6,142.97609432066915,28.675684865107243,154.10278263951056,38
7911,26.8,55.19857385552203,29.828154504695394,148.95356654548956,40
7912,26.8,55.19857385552203,30.83656543933502,144.15112753572998,49
7913,26.6,55.19857385552203,31.844976373974653,139.66993500611298,76
7914,26.9,55.19857385552203,95.3882289819709,137.25211576998797,100
7915,26.7,55.19857385552203,32.9974460135628,136.15003182558704,95
7916,26.4,81.27054168065742,33.285563423459834,131.79524685346817,73
7917,26.3,81.27054168065742,33.14150471851132,127.95819722976664,87
7918,26.1,55.19857385552203,32.9974460135628,124.86688557891544,69
7919,25.9,21.904727066198586,33.429622128408354,123.51475555765607,64
7920,25.9,21.904727066198586,33.573680833356875,122.29289500807958,53
7921,25.5,21.904727066198586,33.573680833356875,120.99300134488196,50
7922,25.2,21.904727066198586,33.429622128408354,121.1478787704106,52
7923,25.8,21.904727066198586,32.9974460135628,121.82334539334846,53
7924,26.2,34.80523813220465,32.85338730861428,121.2609926493966,55
7925,26.4,34.80523813220465,32.42121119376873,124.84512289632552,79
7926,26.0,133.84188663953668,31.98903507892317,126.22738614150906,141
7927,26.5,81.27054168065742,56.801289561337896,130.06748653968947,109
7928,27.7,142.97609432066915,30.980624144283546,130.82160930982948,83
7929,28.9,142.97609432066915,29.97221320964391,130.59157557417612,78
7930,32.4,142.97609432066915,28.81974357005576,130.5208638602143,55
7931,31.5,142.97609432066915,65.10174371151247,129.92377708473074,56
7932,31.5,221.6194071046838,26.514804290879468,130.77875204154768,48
7933,30.5,169.04806214580455,26.514804290879468,131.04299777497212,54
7934,30.2,142.97609432066915,26.946980405725025,132.59055652883185,58
7935,29.7,55.19857385552203,27.523215225519092,134.55843799573148,60
7936,28.6,55.19857385552203,28.38756745521021,133.3598435279852,65
7937,28.3,55.19857385552203,28.81974357005576,131.9645703944547,85
7938,28.7,55.19857385552203,92.07487876815496,129.67882171293402,110
7939,28.9,55.19857385552203,29.1078609799528,129.5494299490204,94
7940,29.3,81.27054168065742,29.540037094798357,128.63036166599326,87
7941,29.5,81.27054168065742,29.828154504695394,125.800847711054,101
7942,30.3,55.19857385552203,29.25191968490132,123.93470024624872,88
7943,28.5,21.904727066198586,29.1078609799528,122.5303876287937,73
7944,27.6,21.904727066198586,29.1078609799528,121.22060516500012,62
7945,26.5,21.904727066198586,28.38756745521021,120.88360355856967,65
7946,26.9,21.904727066198586,28.531626160158723,120.84170627183424,69
7947,25.7,21.904727066198586,28.81974357005576,120.71551231204238,70
7948,24.6,34.80523813220465,28.96380227500428,120.75087143097922,70
7949,24.4,34.80523813220465,29.25191968490132,122.01964434330074,93
7950,23.7,133.84188663953668,28.675684865107243,124.41890027152895,152
7951,24.7,81.27054168065742,53.05576323267641,127.25379802431014,156
7952,27.1,142.97609432066915,27.66727393046762,129.65135640651414,109
7953,27.1,142.97609432066915,27.09103911067354,130.14912314809845,93
7954,27.3,142.97609432066915,26.658862995827985,130.71008690289366,80
7955,26.7,142.97609432066915,63.66115666202729,133.04503409500765,70
7956,25.8,221.6194071046838,25.2182759463428,130.8598300098018,67
7957,24.6,169.04806214580455,25.2182759463428,131.0098677800615,59
7958,24.7,142.97609432066915,26.802921700776505,132.6476471605575,67
7959,24.9,55.19857385552203,28.96380227500428,133.46505163394917,69
7960,24.9,55.19857385552203,30.404389324489465,132.899723382131,68
7961,26.3,55.19857385552203,31.268741554180583,131.9312870876158,100
7962,25.5,55.19857385552203,95.2441702770224,130.5206089443997,106
7963,24.6,55.19857385552203,32.70932860366576,128.52446528732983,109
7964,24.7,81.27054168065742,33.285563423459834,127.36962476330424,116
7965,24.9,81.27054168065742,34.43803306304798,125.526678986903,106
7966,23.7,55.19857385552203,35.15832658779058,125.69429906201944,96
7967,22.7,21.904727066198586,35.87862011253317,121.80292349545547,75
7968,21.8,21.904727066198586,36.1667375224302,121.4130971707656,52
7969,21.7,21.904727066198586,36.45485493232725,120.68119436111044,42
7970,21.2,21.904727066198586,36.45485493232725,121.81059489090386,39
7971,21.1,21.904727066198586,36.1667375224302,121.38822246141332,37
7972,21.0,34.80523813220465,35.302385292739096,123.98264314543856,37
7973,21.7,34.80523813220465,35.302385292739096,130.5322971365325,48
7974,22.1,133.84188663953668,34.5820917679965,140.70831850877252,108
7975,22.8,81.27054168065742,58.3859353157716,150.87068062181083,110
7976,25.6,142.97609432066915,31.98903507892317,153.35170158286078,65
7977,26.6,142.97609432066915,30.692506734386505,155.02533867829692,43
7978,26.6,142.97609432066915,29.39597838984984,145.20271676490495,36
7979,26.2,142.97609432066915,66.39827205604914,151.9472145111706,46
7980,26.0,221.6194071046838,27.81133263541613,151.69110469988038,43
7981,25.7,169.04806214580455,27.955391340364653,150.6350904462781,45
7982,24.9,142.97609432066915,28.81974357005576,150.99588415513438,37
7983,24.4,55.19857385552203,30.260330619540948,152.30895140854096,36
7984,25.5,55.19857385552203,30.404389324489465,145.89586415544304,41
7985,25.8,55.19857385552203,30.260330619540948,143.4467534594154,50
7986,24.9,55.19857385552203,93.94764193248572,141.5919759648208,76
7987,24.8,55.19857385552203,30.980624144283546,139.3786579272194,102
7988,24.5,81.27054168065742,31.98903507892317,135.1397387167525,61
7989,23.7,81.27054168065742,32.9974460135628,132.42034066168094,81
7990,24.4,55.19857385552203,34.43803306304798,129.37462209362425,46
7991,23.6,21.904727066198586,35.15832658779058,127.60009692999613,40
7992,23.6,21.904727066198586,35.44644399768761,124.63328966658256,33
7993,22.8,21.904727066198586,36.1667375224302,125.14614657869951,30
7994,22.7,21.904727066198586,36.59891363727576,123.25457700001309,29
7995,22.5,21.904727066198586,37.03108975212131,121.40613059942262,29
7996,22.5,34.80523813220465,36.74297234222428,123.92737075210616,31
7997,22.9,34.80523813220465,36.45485493232725,129.32217310436172,43
7998,23.0,113.44855091621928,36.45485493232725,138.0515114679895,97
7999,23.4,60.87720595734003,61.69928552958753,147.42584229583062,101
8000,26.0,34.80523813220465,35.87862011253317,151.56013318279528,60
8001,28.1,34.80523813220465,34.726150472945015,150.25299435305635,44
8002,28.4,34.80523813220465,32.70932860366576,149.92245528537237,43
8003,27.4,34.80523813220465,68.84727004017395,149.5481459641881,44
8004,26.7,113.44855091621928,30.11627191459243,148.80175004274716,34
8005,26.4,60.87720595734003,29.684095799746878,150.49492154243922,48
8006,26.0,34.80523813220465,30.260330619540948,152.28936336323207,35
8007,26.4,34.80523813220465,30.83656543933502,153.90428078199258,36
8008,27.0,34.80523813220465,32.133093783871686,147.0377806892943,56
8009,27.8,34.80523813220465,33.429622128408354,143.51325628373297,64
8010,26.7,34.80523813220465,98.4134617858898,140.7145802560101,59
8011,26.1,34.80523813220465,36.59891363727576,138.28408554242668,68
8012,25.8,60.87720595734003,37.89544198181243,135.7774177549765,41
8013,25.0,60.87720595734003,38.90385291645206,134.41070195822053,47
8014,25.1,34.80523813220465,39.62414644119465,130.72633434289932,39
8015,25.7,21.904727066198586,38.90385291645206,126.03414110717844,37
8016,24.7,21.904727066198586,37.75138327686391,125.8114594577327,41
8017,23.3,21.904727066198586,36.8870310471728,125.9363494808482,31
8018,22.9,21.904727066198586,36.31079622737872,126.5604711053832,30
8019,22.9,21.904727066198586,35.73456140758466,125.01380057003962,33
8020,22.8,21.904727066198586,36.31079622737872,127.14419570128028,36
8021,23.0,21.904727066198586,37.89544198181243,131.37147673627186,37
8022,24.5,100.54803985021324,38.4716768016065,142.43159387478545,38
8023,26.2,47.97669489133397,64.43640092360937,152.4462809609699,51
8024,27.7,21.904727066198586,39.48008773624613,154.81600845606442,49
8025,28.6,21.904727066198586,39.04791162140057,154.96806235671005,98
8026,28.9,21.904727066198586,37.60732457191539,157.94302185203742,87
8027,27.0,21.904727066198586,74.32150082821767,155.9066876360582,86
8028,26.8,100.54803985021324,35.15832658779058,157.786229779196,81
8029,27.1,47.97669489133397,35.59050270263613,158.16369461988822,85
8030,26.3,21.904727066198586,37.17514845706984,156.86254824480355,60
8031,26.5,21.904727066198586,38.183559391709466,157.96788677552192,56
8032,26.8,21.904727066198586,38.32761809665799,153.31210047146777,65
8033,27.0,21.904727066198586,38.183559391709466,146.86216181500552,70
8034,26.7,21.904727066198586,100.71840106506608,143.41194246988655,61
8035,26.2,21.904727066198586,37.03108975212131,142.3651984533869,54
8036,25.3,47.97669489133397,36.45485493232725,134.97769332430602,48
8037,25.4,47.97669489133397,35.87862011253317,130.53788498783928,47
8038,25.3,21.904727066198586,35.014267882842056,126.73442191206424,41
8039,24.8,21.904727066198586,34.29397435809947,127.679544282729,38
8040,24.2,21.904727066198586,33.573680833356875,124.45380839485632,26
8041,24.6,21.904727066198586,33.573680833356875,124.29810968131451,24
8042,24.6,21.904727066198586,33.14150471851132,124.6048869706814,23
8043,23.9,21.904727066198586,32.27715248882021,123.60186222451914,21
8044,24.1,34.80523813220465,31.70091766902613,124.35494455153336,21
8045,23.3,34.80523813220465,30.83656543933502,128.53639703883812,21
8046,24.0,133.84188663953668,30.548448029437985,140.6480814185275,22
8047,25.2,81.27054168065742,56.080996036595295,149.50326604160855,33
8048,28.1,142.97609432066915,31.98903507892317,153.81075241123864,51
8049,29.7,142.97609432066915,32.133093783871686,151.51303247229907,65
8050,29.2,142.97609432066915,30.980624144283546,155.33046747179156,54
8051,28.6,142.97609432066915,68.41509392532839,156.4253329493645,71
8052,28.3,221.6194071046838,29.540037094798357,157.32364419873102,67
8053,28.3,169.04806214580455,29.1078609799528,158.86755850213405,55
8054,27.6,142.97609432066915,29.25191968490132,157.44051693825728,57
8055,28.1,55.19857385552203,29.828154504695394,156.76706523757346,45
8056,28.4,55.19857385552203,30.260330619540948,151.98172056822736,45
8057,28.3,55.19857385552203,30.548448029437985,146.60985484025392,49
8058,28.6,55.19857385552203,93.94764193248572,142.507559995671,68
8059,27.2,55.19857385552203,30.83656543933502,138.29691517750564,59
8060,26.4,81.27054168065742,30.404389324489465,136.6857068442543,67
8061,25.3,81.27054168065742,30.11627191459243,134.42548659221518,50
8062,24.2,55.19857385552203,30.404389324489465,131.5589736002028,34
8063,24.6,21.904727066198586,30.548448029437985,131.097223926146,31
8064,24.4,21.904727066198586,29.97221320964391,128.44399694239348,19
8065,24.3,21.904727066198586,30.260330619540948,126.52107211444412,17
8066,23.8,21.904727066198586,30.548448029437985,126.72274121034872,17
8067,23.8,21.904727066198586,30.980624144283546,125.4939498501312,19
8068,22.3,34.80523813220465,31.268741554180583,126.48306501217807,20
8069,22.2,34.80523813220465,31.844976373974653,132.0740261710945,41
8070,22.8,133.84188663953668,32.56526989871724,143.96886381560267,111
8071,23.7,81.27054168065742,58.09781790587456,154.18565347538973,90
8072,24.8,142.97609432066915,33.285563423459834,156.32902780842903,48
8073,24.5,142.97609432066915,32.133093783871686,157.27475158711525,23
8074,25.3,142.97609432066915,31.268741554180583,159.3489087860707,22
8075,27.7,142.97609432066915,68.41509392532839,157.2837394838109,35
8076,27.5,221.6194071046838,30.11627191459243,153.89342233479567,27
8077,26.6,169.04806214580455,31.12468284923205,150.17969639130146,24
8078,26.6,142.97609432066915,32.9974460135628,148.87258776485808,21
8079,26.3,55.19857385552203,34.43803306304798,147.6011356994063,28
8080,26.0,55.19857385552203,35.87862011253317,142.22895344089534,32
8081,26.1,55.19857385552203,36.8870310471728,138.02806791159455,41
8082,25.9,55.19857385552203,101.15057717991164,135.1140984142641,57
8083,25.2,55.19857385552203,37.60732457191539,131.20562307069355,45
8084,25.1,81.27054168065742,35.44644399768761,128.99168067056613,58
8085,24.5,81.27054168065742,34.29397435809947,127.05780992667589,74
8086,25.0,55.19857385552203,33.573680833356875,122.93523429399686,40
8087,24.5,21.904727066198586,33.14150471851132,119.31668231761242,27
8088,25.3,21.904727066198586,33.285563423459834,118.2916791165167,25
8089,26.6,21.904727066198586,35.73456140758466,118.09131854818936,19
8090,25.6,21.904727066198586,37.17514845706984,116.86906185218815,18
8091,25.0,21.904727066198586,38.03950068676095,115.30358976535234,18
8092,22.8,34.80523813220465,38.183559391709466,115.55634435294428,18
8093,24.2,34.80523813220465,38.4716768016065,117.4483348447578,36
8094,24.1,133.84188663953668,38.03950068676095,121.63187546710508,108
8095,24.1,81.27054168065742,62.131461644433074,125.08932608524935,96
8096,24.8,142.97609432066915,36.45485493232725,127.1926626880549,43
8097,25.8,142.97609432066915,35.87862011253317,128.9522422945296,31
8098,26.9,142.97609432066915,34.29397435809947,129.25147323009176,21
8099,26.8,142.97609432066915,70.57597449955617,129.96616898063442,24
8100,27.1,221.6194071046838,31.98903507892317,128.73915429907552,32
8101,27.0,169.04806214580455,32.42121119376873,127.61882514788672,22
8102,26.9,142.97609432066915,33.717739538305395,127.86562642429548,35
8103,26.4,55.19857385552203,34.5820917679965,128.93389971231684,41
8104,27.1,55.19857385552203,33.573680833356875,128.78910185139898,39
8105,26.3,55.19857385552203,32.42121119376873,129.79689992639308,41
8106,26.6,55.19857385552203,95.10011157207389,126.72987824909188,71
8107,26.6,55.19857385552203,32.9974460135628,127.5399361936823,74
8108,26.3,81.27054168065742,31.844976373974653,125.70105227728249,68
8109,27.1,81.27054168065742,31.12468284923205,122.94736176286042,63
8110,27.7,55.19857385552203,30.404389324489465,121.45581055054734,50
8111,25.9,21.904727066198586,30.548448029437985,119.93029742375046,35
8112,25.8,21.904727066198586,29.97221320964391,119.20906314296964,29
8113,25.1,21.904727066198586,30.692506734386505,119.71431595258076,31
8114,25.3,21.904727066198586,30.980624144283546,120.16036112107302,33
8115,25.7,21.904727066198586,30.980624144283546,120.15374756584868,34
8116,25.5,34.80523813220465,30.980624144283546,120.1415416892298,39
8117,25.9,34.80523813220465,30.980624144283546,122.82293844106806,62
8118,26.5,133.84188663953668,30.692506734386505,124.3440795804246,115
8119,26.7,81.27054168065742,55.79287862669826,126.79935682290215,114
8120,28.9,142.97609432066915,30.404389324489465,130.8397770753675,58
8121,30.1,142.97609432066915,30.980624144283546,132.51452649777283,53
8122,29.6,142.97609432066915,31.12468284923205,134.51026990076983,47
8123,30.4,142.97609432066915,68.70321133522543,132.2776389094756,46
8124,29.8,221.6194071046838,30.548448029437985,132.5261066829207,47
8125,28.3,169.04806214580455,30.83656543933502,132.22387269408665,44
8126,28.6,142.97609432066915,31.70091766902613,130.30660276876023,41
8127,29.0,55.19857385552203,32.56526989871724,133.3615995475896,46
8128,29.8,55.19857385552203,33.14150471851132,133.95044239395398,60
8129,30.5,55.19857385552203,33.86179824325391,132.12037107432235,97
8130,29.2,55.19857385552203,97.98128567104423,131.20065909866003,78
8131,27.4,55.19857385552203,34.870209177893535,131.28897848824684,89
8132,27.2,81.27054168065742,35.302385292739096,129.3855759832352,87
8133,26.8,81.27054168065742,37.17514845706984,128.00927849299262,84
8134,27.0,55.19857385552203,39.33602903129761,125.1278321459582,71
8135,27.4,21.904727066198586,40.92067478573132,124.73141099208723,67
8136,29.3,21.904727066198586,42.07314442531947,124.70577757595026,52
8137,29.7,21.904727066198586,43.22561406490762,125.6402305720484,49
8138,28.6,21.904727066198586,43.80184888470169,122.87397814455932,47
8139,27.9,21.904727066198586,43.80184888470169,123.08817133900492,44
8140,27.8,34.80523813220465,44.81025981934131,125.0351789458967,47
8141,29.0,34.80523813220465,45.674612049032426,130.72442090371837,50
8142,30.1,133.84188663953668,46.39490557377502,141.0593629562584,109
8143,32.3,81.27054168065742,72.07151228588086,151.27494146389313,103
8144,33.4,142.97609432066915,46.827081688620574,154.777610039901,67
8145,34.1,142.97609432066915,45.3864946391354,156.56103841018404,43
8146,33.6,142.97609432066915,42.93749665501058,151.13599555189847,40
8147,33.7,142.97609432066915,78.78732068162174,156.06796332772038,50
8148,33.1,221.6194071046838,39.62414644119465,157.8158895362588,50
8149,32.1,169.04806214580455,40.34443996593725,156.4038654133789,33
8150,32.1,142.97609432066915,41.92908572037095,157.9545665181097,52
8151,33.1,55.19857385552203,42.649379245113536,156.15523417969817,44
8152,33.7,55.19857385552203,43.94590758965021,150.33392952012903,56
8153,34.2,55.19857385552203,44.234024999547245,146.71405125662952,73
8154,33.9,55.19857385552203,108.6416298372346,143.03311219860822,72
8155,33.4,55.19857385552203,46.25084686882651,141.78421619591438,74
8156,32.4,81.27054168065742,46.827081688620574,138.2400211088275,58
8157,32.1,81.27054168065742,47.115199098517614,136.5670139333238,57
8158,31.1,55.19857385552203,47.547375213363175,134.65539927305988,56
8159,30.0,21.904727066198586,47.8354926232602,132.16428231680638,38
8160,29.8,21.904727066198586,48.41172744305428,129.9021760501787,30
8161,30.5,21.904727066198586,48.41172744305428,128.1499498588566,25
8162,29.8,21.904727066198586,48.5557861480028,129.22533493566604,25
8163,29.7,21.904727066198586,48.84390355789984,128.8264107742846,26
8164,30.6,34.80523813220465,48.84390355789984,130.6924579641486,30
8165,32.0,34.80523813220465,48.98796226284836,136.3236606651373,41
8166,32.2,113.44855091621928,48.84390355789984,146.07266566997313,93
8167,33.7,60.87720595734003,74.08833415516011,155.39738843053303,103
8168,36.3,34.80523813220465,48.5557861480028,160.86374698089455,55
8169,36.8,34.80523813220465,46.68302298367205,158.56416736464013,40
8170,36.8,34.80523813220465,43.94590758965021,156.3758562060124,36
8171,36.4,34.80523813220465,79.50761420636434,161.546160724253,34
8172,35.3,113.44855091621928,40.48849867088576,158.236366165293,34
8173,34.8,60.87720595734003,40.632557375834274,157.94927502153902,28
8174,35.5,34.80523813220465,42.07314442531947,156.0713684472629,48
8175,35.4,34.80523813220465,43.65779017975317,153.59046721207662,48
8176,37.0,34.80523813220465,44.522142409444285,153.6319084290489,45
8177,37.1,34.80523813220465,45.3864946391354,147.57616518520052,42
8178,36.5,34.80523813220465,108.92974724713164,143.8914423791234,56
8179,35.9,34.80523813220465,44.81025981934131,142.10931770389033,56
8180,37.5,60.87720595734003,44.08996629459872,139.13097157343728,32
8181,36.7,60.87720595734003,44.522142409444285,136.77367660049157,51
8182,34.9,34.80523813220465,44.81025981934131,133.21885224881456,47
8183,34.9,21.904727066198586,45.53055334408391,131.50512426534445,39
8184,34.9,21.904727066198586,45.962729458929466,129.1397416955374,32
8185,35.9,21.904727066198586,44.81025981934131,127.176570855428,27
8186,36.2,21.904727066198586,43.0815553599591,126.53102035512572,20
8187,36.2,21.904727066198586,41.06473349067984,127.047958940606,17
8188,35.7,21.904727066198586,38.32761809665799,127.80210804801972,15
8189,36.0,21.904727066198586,36.59891363727576,132.32318970765635,14
8190,36.0,100.54803985021324,35.302385292739096,142.1099966739747,20
8191,37.2,47.97669489133397,59.10622884051419,151.2283659283003,23
8192,39.8,21.904727066198586,31.844976373974653,154.94269485038726,29
8193,40.5,21.904727066198586,30.260330619540948,156.61161745301126,50
8194,42.4,21.904727066198586,28.96380227500428,157.7036788566235,71
8195,41.8,21.904727066198586,65.24580241646099,160.4400030801588,63
8196,38.8,100.54803985021324,26.370745585930948,159.95357308516003,62
8197,37.3,47.97669489133397,25.79451076613688,158.83349075530262,67
8198,38.9,21.904727066198586,25.650452061188357,158.98066839428506,43
8199,39.1,21.904727066198586,26.08262817603391,160.37312114407518,55
8200,40.2,21.904727066198586,26.802921700776505,154.1028574228704,38
8201,42.5,21.904727066198586,26.514804290879468,150.36360498290554,43
8202,42.6,21.904727066198586,89.48182207908164,146.88804289816616,47
8203,41.2,21.904727066198586,26.514804290879468,143.31433073438475,47
8204,40.1,47.97669489133397,27.23509781562206,130.8574179746176,41
8205,39.3,47.97669489133397,28.531626160158723,136.29295055826776,26
8206,38.9,21.904727066198586,28.531626160158723,136.2930698008787,33
8207,37.0,21.904727066198586,28.099450045313173,130.0314119650872,33
8208,36.2,21.904727066198586,27.81133263541613,129.2759308923388,21
8209,37.3,21.904727066198586,27.81133263541613,127.6820028309884,18
8210,36.1,21.904727066198586,28.675684865107243,124.8627776890916,15
8211,34.9,21.904727066198586,28.96380227500428,125.25331427448008,14
8212,35.9,34.80523813220465,30.260330619540948,125.4828153448128,15
8213,35.2,34.80523813220465,28.96380227500428,129.9939361991968,15
8214,35.8,133.84188663953668,27.81133263541613,139.6267938268528,17
8215,37.5,81.27054168065742,51.03894136339716,152.6125517944666,19
8216,38.2,142.97609432066915,24.786099831497243,158.50765470317842,31
8217,36.6,142.97609432066915,24.353923716651693,157.66430692783726,61
8218,37.7,142.97609432066915,23.921747601806132,155.84544272224662,66
8219,37.5,142.97609432066915,61.21215867790247,156.77388514171315,92
8220,37.4,221.6194071046838,23.48957148696057,155.3309478250043,57
8221,36.8,169.04806214580455,23.34551278201205,153.50582827527475,60
8222,36.4,142.97609432066915,23.63363019190909,153.95299736880182,40
8223,35.4,55.19857385552203,23.48957148696057,155.9573708198485,54
8224,35.8,55.19857385552203,23.48957148696057,150.15382146961312,58
8225,35.4,55.19857385552203,23.20145407706354,144.41243895858324,62
8226,33.8,55.19857385552203,85.88035445536867,141.74291560548625,61
8227,34.4,55.19857385552203,23.05739537211502,140.12141966732423,71
8228,33.9,81.27054168065742,22.481160552320947,138.1849068599507,60
8229,32.2,81.27054168065742,22.625219257269464,136.56496904940056,56
8230,30.6,55.19857385552203,22.769277962217984,136.86158969534634,36
8231,29.6,21.904727066198586,22.481160552320947,134.82491611513808,34
8232,29.4,21.904727066198586,22.337101847372427,131.45192454296722,34
8233,28.2,21.904727066198586,22.048984437475397,128.55539974427887,25
8234,28.1,21.904727066198586,21.904925732526877,127.630597184368,28
8235,27.9,21.904727066198586,21.904925732526877,127.79464263904715,30
8236,28.3,34.80523813220465,21.61680832262984,127.34068106597282,30
8237,29.4,34.80523813220465,21.61680832262984,128.5858780106516,44
8238,30.1,133.84188663953668,21.3286909127328,140.9702747115796,123
8239,31.6,81.27054168065742,46.57312150999307,146.52283105123388,97
8240,32.0,142.97609432066915,21.18463220778428,149.78216460184578,54
8241,35.2,142.97609432066915,21.040573502835763,149.31073561725114,53
8242,36.0,142.97609432066915,21.040573502835763,146.34085861168907,50
8243,35.2,142.97609432066915,58.76316069377765,145.5427721661439,56
8244,33.5,221.6194071046838,20.75245609293872,143.23132966189507,52
8245,32.7,169.04806214580455,20.608397387990205,144.51605631737618,59
8246,33.5,142.97609432066915,20.32027997809317,145.42522226873095,53
8247,33.4,55.19857385552203,19.88810386324761,138.6294593815759,49
8248,33.5,55.19857385552203,19.74404515829909,130.53497133632223,57
8249,33.4,55.19857385552203,19.455927748402058,129.1228820951371,73
8250,33.1,55.19857385552203,82.56700424155275,126.33349829251604,68
8251,32.8,55.19857385552203,19.74404515829909,123.94947968527649,70
8252,32.8,81.27054168065742,20.032162568196128,121.42829679804136,63
8253,31.8,81.27054168065742,20.32027997809317,120.02161491326868,72
8254,31.5,55.19857385552203,20.464338683041685,115.7781693161145,57
8255,31.3,21.904727066198586,20.608397387990205,115.59730872028616,33
8256,30.4,21.904727066198586,20.464338683041685,117.10204330867596,24
8257,30.7,21.904727066198586,20.608397387990205,117.0655567611221,22
8258,30.4,21.904727066198586,21.040573502835763,116.29668342630484,22
8259,30.5,21.904727066198586,21.76086702757836,116.16041739231952,25
8260,31.3,34.80523813220465,21.904925732526877,117.6612988858869,26
8261,31.9,34.80523813220465,21.904925732526877,118.43739467436718,41
8262,32.5,133.84188663953668,22.048984437475397,121.89461321038831,107
8263,32.4,81.27054168065742,47.29341503473567,121.36902669650732,75
8264,32.6,142.97609432066915,21.904925732526877,123.9726714669996,41
8265,33.7,142.97609432066915,21.904925732526877,126.99792875206586,35
8266,35.2,142.97609432066915,21.47274961768132,129.04324506570802,26
8267,35.7,142.97609432066915,58.61910198882913,128.3778582490073,31
8268,36.2,221.6194071046838,20.608397387990205,127.66362134693094,26
8269,35.1,169.04806214580455,20.608397387990205,127.22211778758692,32
8270,34.7,142.97609432066915,20.75245609293872,127.58048109765528,34
8271,35.6,55.19857385552203,20.75245609293872,126.8125775302522,41
8272,35.3,55.19857385552203,20.89651479788724,125.01620149041106,31
8273,36.9,55.19857385552203,20.89651479788724,124.420204691458,41
8274,36.4,55.19857385552203,83.7194738811409,122.28001849748588,58
8275,35.6,55.19857385552203,20.608397387990205,119.897728243632,52
8276,35.1,81.27054168065742,21.47274961768132,119.79971722056275,53
8277,34.3,81.27054168065742,22.481160552320947,116.93039797995236,68
8278,34.9,55.19857385552203,23.20145407706354,116.4053164651733,40
8279,34.0,21.904727066198586,23.921747601806132,115.42160092749523,32
8280,33.2,21.904727066198586,24.20986501170317,117.07957580198064,33
8281,32.8,21.904727066198586,24.20986501170317,114.39732973347095,27
8282,32.6,21.904727066198586,24.06580630675465,113.48637780084256,28
8283,31.9,21.904727066198586,23.921747601806132,114.75158128769364,29
8284,32.2,34.80523813220465,24.06580630675465,113.69149043488169,32
8285,33.2,34.80523813220465,24.06580630675465,115.9786255684822,53
8286,33.4,133.84188663953668,24.49798242160021,117.387509998381,102
8287,34.2,81.27054168065742,50.03053042875752,120.1537249737836,98
8288,38.4,142.97609432066915,25.36233465129132,123.79526141647034,53
8289,38.2,142.97609432066915,24.64204112654873,124.71406886383691,48
8290,38.9,142.97609432066915,23.63363019190909,126.3528065344948,44
8291,39.2,142.97609432066915,60.92404126800543,125.7797215931215,44
8292,38.1,221.6194071046838,22.625219257269464,128.1496369527145,50
8293,38.6,169.04806214580455,22.481160552320947,129.18552590478632,39
8294,38.7,142.97609432066915,22.337101847372427,130.50432634775797,44
8295,39.6,55.19857385552203,22.481160552320947,131.90966189042732,43
8296,39.5,55.19857385552203,22.481160552320947,131.12164872720743,42
8297,38.2,55.19857385552203,22.337101847372427,130.22136169905795,68
8298,37.3,55.19857385552203,85.59223704547165,128.99343874399466,68
8299,36.0,55.19857385552203,22.337101847372427,126.10815271240104,73
8300,36.4,81.27054168065742,22.769277962217984,125.46607051693567,73
8301,38.8,81.27054168065742,23.20145407706354,119.82753916749672,84
8302,38.1,55.19857385552203,23.34551278201205,119.88530333271363,62
8303,35.4,21.904727066198586,23.34551278201205,117.19014209339193,44
8304,35.9,21.904727066198586,23.63363019190909,115.268737336902,43
8305,35.8,21.904727066198586,24.06580630675465,114.64052062874048,36
8306,35.3,21.904727066198586,24.20986501170317,114.27617452907242,35
8307,35.1,21.904727066198586,24.06580630675465,117.13506106814025,37
8308,36.0,34.80523813220465,23.921747601806132,121.23033533788774,40
8309,35.5,34.80523813220465,23.77768889685761,127.05569388378824,55
8310,37.6,133.84188663953668,23.63363019190909,139.90845393481058,120
8311,40.0,81.27054168065742,48.87806078916937,148.09759705455613,81
8312,42.0,142.97609432066915,23.34551278201205,147.4547969871616,61
8313,43.2,142.97609432066915,22.913336667166504,147.59281517472957,54
8314,43.3,142.97609432066915,22.481160552320947,151.4684336819947,45
8315,41.9,142.97609432066915,59.915630333365804,148.5017571384444,40
8316,41.4,221.6194071046838,21.904925732526877,150.48466752359323,45
8317,41.0,169.04806214580455,21.76086702757836,152.99119226823558,57
8318,42.1,142.97609432066915,21.61680832262984,154.02487263452215,50
8319,42.7,55.19857385552203,21.47274961768132,154.659368849459,60
8320,43.0,55.19857385552203,21.040573502835763,149.39704093027612,61
8321,43.7,55.19857385552203,20.75245609293872,142.25637332155867,56
8322,44.2,55.19857385552203,83.57541517619238,140.55085314406625,82
8323,43.7,55.19857385552203,20.464338683041685,133.89892330375542,106
8324,43.5,81.27054168065742,20.464338683041685,130.81311868019205,86
8325,42.5,81.27054168065742,20.464338683041685,127.66235196282474,75
8326,42.3,55.19857385552203,20.32027997809317,124.32121411510684,66
8327,41.7,21.904727066198586,20.176221273144648,122.4759728882423,60
8328,41.2,21.904727066198586,20.032162568196128,119.6139296215347,44
8329,42.6,21.904727066198586,19.74404515829909,118.10364439229824,44
8330,42.0,21.904727066198586,19.455927748402058,117.70582132226008,44
8331,38.6,21.904727066198586,19.311869043453537,118.16638110728462,43
8332,37.6,34.80523813220465,19.0237516335565,120.63260764847216,45
8333,37.8,34.80523813220465,18.735634223659464,124.81323413604969,64
8334,37.1,113.44855091621928,18.591575518710947,134.52017875635403,117
8335,35.2,60.87720595734003,43.6919474110227,143.5711718278673,100
8336,38.2,34.80523813220465,18.591575518710947,147.42046067262598,72
8337,37.1,34.80523813220465,18.591575518710947,149.70296225824654,59
8338,36.1,34.80523813220465,18.735634223659464,150.3684109312966,60
8339,34.8,34.80523813220465,56.602280119549874,148.9984848866611,50
8340,34.5,113.44855091621928,19.0237516335565,147.94105784370518,64
8341,34.9,60.87720595734003,19.311869043453537,148.45274806292088,55
8342,36.0,34.80523813220465,19.599986453350574,150.12103784609613,57
8343,34.9,34.80523813220465,20.176221273144648,150.1531411705837,76
8344,35.4,34.80523813220465,20.608397387990205,145.66585844844798,85
8345,37.7,34.80523813220465,21.040573502835763,141.77702624099737,86
8346,37.8,34.80523813220465,84.43976740588349,137.09427407221892,83
8347,36.4,34.80523813220465,21.3286909127328,134.53333023775062,84
8348,35.3,60.87720595734003,21.18463220778428,131.42072224319307,70
8349,35.0,60.87720595734003,20.32027997809317,129.5044884117179,76
8350,35.6,34.80523813220465,19.74404515829909,126.07197858773657,72
8351,36.7,21.904727066198586,18.879692928607984,123.89100960863551,58
8352,38.3,21.904727066198586,18.01534069891687,121.61176587128828,55
8353,35.2,21.904727066198586,17.583164584071316,120.70343606796808,52
8354,34.8,21.904727066198586,17.15098846922576,118.76463590461448,52
8355,35.0,21.904727066198586,16.86287105932872,121.34978949267976,52
8356,35.1,21.904727066198586,16.574753649431685,118.73203917909044,53
8357,34.0,21.904727066198586,16.28663623953465,123.21705520430024,52
8358,35.9,100.54803985021324,16.14257753458613,137.79844010823365,55
8359,37.0,47.97669489133397,40.66671460710381,143.09345053029998,58
8360,39.6,21.904727066198586,14.701990485100946,147.38729431294752,75
8361,38.9,21.904727066198586,13.981696960358352,146.50831087729526,96
8362,39.5,21.904727066198586,13.405462140564278,142.2075337469299,98
8363,40.6,21.904727066198586,51.12804933150617,150.15327986411697,117
8364,38.2,100.54803985021324,13.11734473066724,151.51752901813032,122
8365,38.0,47.97669489133397,13.11734473066724,151.89679772044718,80
8366,39.2,21.904727066198586,12.973286025718725,152.9150547134444,80
8367,39.9,21.904727066198586,13.11734473066724,155.64358793648083,71
8368,40.7,21.904727066198586,13.837638255409832,150.89921391676208,97
8369,40.8,21.904727066198586,14.413873075203906,146.8454653124013,90
8370,40.5,21.904727066198586,77.95712568320016,143.28212387299996,76
8371,38.9,21.904727066198586,14.701990485100946,141.5814096438986,91
8372,40.0,47.97669489133397,14.125755665306873,138.07227091791378,78
8373,40.6,47.97669489133397,13.5495208455128,134.14638228712852,55
8374,40.1,21.904727066198586,13.11734473066724,130.97650377001685,59
8375,40.8,21.904727066198586,13.405462140564278,128.9877407110656,52
8376,40.4,21.904727066198586,13.837638255409832,126.23775710751548,46
8377,39.9,21.904727066198586,14.701990485100946,125.22745844127456,44
8378,39.6,21.904727066198586,15.99851882963761,124.05844133600074,40
8379,42.2,21.904727066198586,16.574753649431685,122.93418152792648,42
8380,42.7,34.80523813220465,16.574753649431685,124.180910021317,40
8381,44.7,34.80523813220465,17.29504717417428,126.93229819892434,40
8382,45.1,133.84188663953668,18.447516813762427,137.2546915070342,41
8383,46.5,81.27054168065742,44.4122409357653,142.7790817029982,54
8384,48.7,142.97609432066915,19.599986453350574,146.06681952008265,76
8385,50.5,142.97609432066915,18.879692928607984,144.83163400137985,85
8386,49.1,142.97609432066915,18.01534069891687,144.6217108280487,94
8387,45.9,142.97609432066915,54.58545825027062,145.82179709696976,91
8388,44.0,221.6194071046838,15.710401419740574,146.5109246704939,99
8389,47.0,169.04806214580455,15.854460124689094,145.49665886178644,66
8390,43.2,142.97609432066915,16.718812354380205,144.0192668336233,61
8391,45.6,55.19857385552203,17.87128199396835,143.5199422060535,82
8392,48.1,55.19857385552203,18.591575518710947,139.7744039770278,62
8393,49.1,55.19857385552203,19.599986453350574,135.34160812091332,78
8394,47.0,55.19857385552203,82.56700424155275,133.7428484987772,90
8395,44.5,55.19857385552203,19.455927748402058,133.46231739000785,97
8396,44.2,81.27054168065742,19.455927748402058,133.34062239231088,73
8397,42.4,81.27054168065742,20.032162568196128,130.9981164026344,60
8398,41.1,55.19857385552203,19.74404515829909,127.0337868294455,65
8399,37.8,21.904727066198586,20.032162568196128,124.26337625384872,53
8400,37.4,21.904727066198586,19.74404515829909,122.18599624244276,45
8401,38.8,21.904727066198586,19.455927748402058,120.2677211514398,41
8402,40.1,21.904727066198586,19.599986453350574,120.95513970168736,42
8403,40.3,21.904727066198586,19.599986453350574,120.2086989585558,44
8404,40.7,34.80523813220465,19.599986453350574,121.049438014852,43
8405,41.8,34.80523813220465,19.455927748402058,125.41532499354328,67
8406,42.4,133.84188663953668,19.16781033850502,136.15037807616744,142
8407,43.6,81.27054168065742,44.84441705061086,143.60796487846463,126
8408,45.5,142.97609432066915,19.88810386324761,146.96429643361233,73
8409,48.2,142.97609432066915,19.599986453350574,145.0728009134066,59
8410,48.1,142.97609432066915,18.591575518710947,144.00718430726354,61
8411,44.4,142.97609432066915,55.44981047996173,144.63767520276832,52
8412,41.6,221.6194071046838,17.006929764277242,143.43701591692366,59
8413,39.3,169.04806214580455,17.87128199396835,143.8208619890907,49
8414,37.8,142.97609432066915,19.455927748402058,144.4834878621368,59
8415,40.1,55.19857385552203,20.89651479788724,139.95933174863757,70
8416,41.6,55.19857385552203,20.75245609293872,135.000903590446,61
8417,42.6,55.19857385552203,19.74404515829909,131.74459459785248,91
8418,41.1,55.19857385552203,82.99918035639831,127.89657972810092,72
8419,39.4,55.19857385552203,20.32027997809317,124.82218470147204,106
8420,40.1,81.27054168065742,20.032162568196128,123.9255262972523,93
8421,39.1,81.27054168065742,19.16781033850502,121.7519699317632,82
8422,37.9,55.19857385552203,19.74404515829909,117.29329275086172,86
8423,34.4,21.904727066198586,18.735634223659464,117.12907102974962,62
8424,34.2,21.904727066198586,17.727223289019836,114.07035960800472,54
8425,31.8,21.904727066198586,17.15098846922576,110.110993765223,48
8426,31.1,21.904727066198586,17.006929764277242,107.68636827684792,47
8427,31.3,21.904727066198586,17.006929764277242,106.41585698364656,48
8428,30.7,34.80523813220465,15.99851882963761,109.70265197465648,50
8429,32.1,34.80523813220465,15.42228400984354,110.70500161675616,77
8430,32.6,133.84188663953668,14.557931780152426,113.79604155876044,127
8431,33.3,81.27054168065742,37.4974230982364,117.40105992165276,99
8432,34.1,142.97609432066915,11.2445815663365,120.63178007817356,63
8433,33.5,142.97609432066915,10.668346746542426,122.47047347218492,58
8434,33.3,142.97609432066915,9.22775969705724,123.40282250671368,50
8435,33.6,142.97609432066915,46.23005336325655,122.14753234553451,60
8436,32.9,221.6194071046838,8.651524877263165,124.09464928835628,47
8437,32.9,169.04806214580455,9.22775969705724,121.3593462986508,45
8438,33.4,142.97609432066915,10.524288041593906,122.37298363718403,45
8439,31.6,55.19857385552203,11.820816386130574,123.5036725187533,51
8440,31.8,55.19857385552203,13.405462140564278,121.94838075472228,66
8441,31.5,55.19857385552203,13.405462140564278,120.88514682616012,81
8442,32.4,55.19857385552203,75.50812769907535,121.39266367480712,71
8443,32.9,55.19857385552203,11.10052286138798,118.5434522178158,69
8444,32.9,81.27054168065742,11.532698976233537,117.78032052948636,91
8445,33.0,81.27054168065742,12.397051205924647,116.27770005097328,83
8446,33.9,55.19857385552203,13.405462140564278,113.65009077764404,80
8447,36.2,21.904727066198586,14.846049190049468,111.722749986256,78
8448,35.3,21.904727066198586,15.854460124689094,108.39206380775028,61
8449,35.3,21.904727066198586,16.430694944483168,110.60664688018332,65
8450,35.9,21.904727066198586,17.583164584071316,110.23159407467531,63
8451,37.4,21.904727066198586,17.15098846922576,111.23589521210836,59
8452,38.0,34.80523813220465,17.583164584071316,111.7830784112668,55
8453,35.7,34.80523813220465,17.727223289019836,111.66483262992394,78
8454,34.8,133.84188663953668,18.01534069891687,115.04991385643234,122
8455,37.4,81.27054168065742,44.12412352586826,117.15381900607368,117
8456,42.1,142.97609432066915,19.16781033850502,118.84363455718838,70
8457,41.0,142.97609432066915,19.311869043453537,121.10971956434808,57
8458,37.1,142.97609432066915,18.735634223659464,122.10602915139968,53
8459,36.7,142.97609432066915,56.314162709652834,122.6371305454254,55
8460,35.5,221.6194071046838,17.727223289019836,122.47423329923063,54
8461,34.5,169.04806214580455,17.29504717417428,124.12818980646026,50
8462,34.3,142.97609432066915,17.006929764277242,124.84522135906909,50
8463,34.1,55.19857385552203,16.574753649431685,125.04254842920255,58
8464,34.4,55.19857385552203,17.15098846922576,125.32243729509494,63
8465,34.6,55.19857385552203,17.87128199396835,124.9160947210688,70
8466,32.9,55.19857385552203,82.71106294650127,124.97205466222157,66
8467,32.6,55.19857385552203,19.74404515829909,123.37914952608554,82
8468,32.1,81.27054168065742,20.89651479788724,121.9891948304654,81
8469,30.6,81.27054168065742,21.47274961768132,120.79006129429976,69
8470,30.0,55.19857385552203,22.048984437475397,119.23384349722654,60
8471,29.8,21.904727066198586,22.337101847372427,118.44135517210869,46
8472,28.9,21.904727066198586,22.481160552320947,117.224322921362,40
8473,28.2,21.904727066198586,23.20145407706354,114.25028909663722,33
8474,28.4,21.904727066198586,24.49798242160021,114.37073440277668,33
8475,27.6,21.904727066198586,25.2182759463428,115.70956035559024,35
8476,28.3,34.80523813220465,25.36233465129132,119.02003013942604,38
8477,28.9,34.80523813220465,25.93856947108539,123.59011785425656,51
8478,29.0,133.84188663953668,25.074217241394283,130.90880380787607,94
8479,29.2,81.27054168065742,50.6067652485516,142.42951733780845,120
8480,30.0,142.97609432066915,25.50639335623984,146.746588662881,76
8481,30.3,142.97609432066915,25.074217241394283,147.92984311843375,56
8482,29.5,142.97609432066915,24.93015853644576,147.62559614035655,65
8483,28.5,142.97609432066915,63.08492184223321,148.40549295317768,53
8484,27.6,221.6194071046838,25.650452061188357,148.4228262620657,56
8485,27.5,169.04806214580455,26.08262817603391,149.22928385301103,55
8486,27.7,142.97609432066915,27.37915652057058,152.3520315771441,61
8487,27.0,55.19857385552203,27.66727393046762,152.84448084732355,49
8488,26.7,55.19857385552203,28.96380227500428,148.57744514738428,55
8489,26.9,55.19857385552203,30.83656543933502,143.24140101120946,62
8490,27.6,55.19857385552203,94.5238767522798,139.92265274568436,86
8491,26.7,55.19857385552203,31.844976373974653,138.09560827952154,99
8492,25.0,81.27054168065742,30.692506734386505,135.06494726243827,91
8493,23.5,81.27054168065742,31.268741554180583,133.42224667777526,96
8494,23.1,55.19857385552203,33.717739538305395,130.23819604950313,78
8495,22.7,21.904727066198586,34.5820917679965,129.145396356534,61
8496,21.8,21.904727066198586,35.302385292739096,128.5988193979242,52
8497,21.8,21.904727066198586,35.73456140758466,127.9055310184024,48
8498,21.3,21.904727066198586,36.02267881748169,125.2759367844883,47
8499,21.0,21.904727066198586,35.87862011253317,126.36989628400732,49
8500,21.0,34.80523813220465,35.87862011253317,126.73537935653378,50
8501,23.0,34.80523813220465,36.1667375224302,132.3309757548147,68
8502,23.8,113.44855091621928,36.45485493232725,140.6230079714904,89
8503,23.9,60.87720595734003,60.97899200484493,149.22785729095466,114
8504,25.1,34.80523813220465,34.870209177893535,152.9365626010329,89
8505,26.1,34.80523813220465,34.726150472945015,153.03349186286803,91
8506,28.0,34.80523813220465,33.717739538305395,152.54301825065835,78
8507,27.8,34.80523813220465,69.71162226986506,151.5985270080578,74
8508,27.1,113.44855091621928,30.83656543933502,152.88390230951453,69
8509,26.0,60.87720595734003,30.980624144283546,153.96150201276836,75
8510,25.4,34.80523813220465,31.844976373974653,157.9928287778167,71
8511,26.2,34.80523813220465,31.844976373974653,158.38181375950518,77
8512,27.7,34.80523813220465,31.98903507892317,152.4736374147125,78
8513,26.7,34.80523813220465,31.556858964077616,145.98475704520612,71
8514,26.6,34.80523813220465,94.95605286712536,145.477212288714,101
8515,25.8,34.80523813220465,34.14991565315095,142.08172904721135,78
8516,25.1,60.87720595734003,35.87862011253317,141.6491566023673,64
8517,25.0,60.87720595734003,37.60732457191539,139.69046466936456,82
8518,25.2,34.80523813220465,39.04791162140057,134.66107592205566,69
8519,24.6,21.904727066198586,40.05632255604021,131.70723783294665,59
8520,23.9,21.904727066198586,41.06473349067984,130.21170703440927,57
8521,24.2,21.904727066198586,41.64096831047392,129.86883390732,52
8522,23.8,21.904727066198586,42.3612618352165,132.58337297701348,53
8523,23.5,21.904727066198586,42.93749665501058,132.66633381871344,50
8524,23.4,21.904727066198586,42.93749665501058,133.41404865766535,51
8525,23.6,21.904727066198586,42.649379245113536,138.00082441817736,54
8526,24.2,100.54803985021324,41.20879219562836,148.20686786621383,56
8527,24.5,47.97669489133397,65.01263574340345,157.0506577523818,53
8528,25.1,21.904727066198586,38.03950068676095,161.43974496971896,81
8529,26.8,21.904727066198586,36.31079622737872,158.68599441114532,81
8530,27.6,21.904727066198586,34.5820917679965,159.7858785891233,139
8531,26.6,21.904727066198586,71.00815061440173,158.87309222913518,85
8532,24.7,100.54803985021324,31.98903507892317,159.2559682922617,87
8533,25.1,47.97669489133397,31.41280025912909,159.7468800938835,98
8534,25.7,21.904727066198586,31.12468284923205,161.0582917234401,95
8535,25.3,21.904727066198586,30.83656543933502,159.35173508965696,92
8536,25.5,21.904727066198586,30.692506734386505,153.0235436221864,100
8537,27.8,21.904727066198586,30.548448029437985,149.7795119068025,90
8538,27.9,21.904727066198586,93.22734840774312,146.53337586740963,85
8539,27.6,21.904727066198586,29.684095799746878,142.47742991288956,80
8540,25.9,47.97669489133397,29.39597838984984,140.1412716894364,77
8541,23.6,47.97669489133397,29.25191968490132,138.04021434812773,86
8542,23.2,21.904727066198586,29.540037094798357,137.22647921270828,85
8543,23.6,21.904727066198586,29.97221320964391,134.44940554848242,73
8544,23.3,21.904727066198586,29.684095799746878,131.68713536510762,87
8545,22.8,21.904727066198586,29.25191968490132,128.8257957143736,67
8546,22.9,21.904727066198586,28.96380227500428,128.30067916377166,65
8547,21.7,21.904727066198586,28.24350875026169,127.0152312535924,64
8548,21.6,34.80523813220465,27.66727393046762,128.57005075889387,67
8549,21.9,34.80523813220465,27.523215225519092,132.34979325364702,66
8550,22.0,133.84188663953668,27.37915652057058,142.0757731989513,71
8551,23.3,81.27054168065742,52.04735229803679,148.5015395539031,77
8552,23.1,142.97609432066915,26.370745585930948,151.04404343073372,87
8553,23.9,142.97609432066915,26.226686880982435,151.80875620117962,101
8554,25.9,142.97609432066915,26.08262817603391,149.15770929130136,133
8555,27.8,142.97609432066915,63.94927407192432,146.3947039597124,146
8556,28.8,221.6194071046838,26.08262817603391,143.71370504568338,93
8557,30.0,169.04806214580455,26.226686880982435,141.51529813347844,92
8558,29.4,142.97609432066915,26.946980405725025,143.72525236964563,89
8559,29.9,55.19857385552203,27.37915652057058,142.13925690184374,99
8560,29.6,55.19857385552203,27.37915652057058,138.34134422528896,98
8561,30.4,55.19857385552203,27.523215225519092,137.13171601041824,106
8562,30.6,55.19857385552203,90.77835042361832,133.67731121341242,90
8563,30.2,55.19857385552203,27.81133263541613,132.49904948343058,92
8564,29.9,81.27054168065742,27.81133263541613,130.3536001839856,104
8565,30.0,81.27054168065742,27.81133263541613,127.89980205729869,80
8566,29.6,55.19857385552203,27.66727393046762,126.660914943504,80
8567,28.8,21.904727066198586,26.802921700776505,124.76758475431218,86
8568,29.1,21.904727066198586,27.23509781562206,123.67070918701248,69
8569,29.7,21.904727066198586,28.531626160158723,123.2483889488167,68
8570,29.7,21.904727066198586,30.548448029437985,123.16115869006816,68
8571,29.9,21.904727066198586,32.85338730861428,121.87574593652492,67
8572,30.2,34.80523813220465,35.59050270263613,123.75409867388318,68
8573,31.1,34.80523813220465,37.46326586696687,125.19845433735198,69
8574,32.5,133.84188663953668,38.4716768016065,128.88518276306812,74
8575,32.7,81.27054168065742,63.71610739886678,131.96990067205687,80
8576,34.2,142.97609432066915,37.46326586696687,133.71272252364398,80
8577,36.3,142.97609432066915,36.59891363727576,133.2425684805619,119
8578,37.2,142.97609432066915,36.02267881748169,131.1715468669393,165
8579,35.6,142.97609432066915,73.60120730347506,131.2097289066933,151
8580,33.6,221.6194071046838,35.73456140758466,130.3718165164229,169
8581,32.8,169.04806214580455,35.59050270263613,130.3983522862183,123
8582,31.6,142.97609432066915,36.02267881748169,131.26878843085063,108
8583,31.5,55.19857385552203,36.74297234222428,128.54351438503255,107
8584,32.9,55.19857385552203,36.8870310471728,126.59354999631768,93
8585,34.4,55.19857385552203,37.46326586696687,126.67414374533725,95
8586,33.3,55.19857385552203,100.28622495022054,123.07319388717136,91
8587,32.6,55.19857385552203,36.45485493232725,120.95809104691727,87
8588,32.9,81.27054168065742,36.02267881748169,121.30415919942509,85
8589,32.2,81.27054168065742,35.73456140758466,119.69129065142282,85
8590,31.8,55.19857385552203,36.02267881748169,118.59939162072756,76
8591,31.1,21.904727066198586,36.1667375224302,116.98402308554442,75
8592,29.6,21.904727066198586,36.59891363727576,119.63953851259568,67
8593,29.4,21.904727066198586,37.46326586696687,117.7755179638644,63
8594,29.3,21.904727066198586,37.89544198181243,117.55016247706844,57
8595,29.1,21.904727066198586,37.60732457191539,118.46087181682684,53
8596,28.8,34.80523813220465,37.03108975212131,119.07080212090536,51
8597,28.4,34.80523813220465,37.03108975212131,119.30260154121774,54
8598,28.5,133.84188663953668,37.17514845706984,120.78872570456966,51
8599,29.9,81.27054168065742,62.131461644433074,123.76371334936852,56
8600,30.3,142.97609432066915,36.59891363727576,125.62142902055616,63
8601,31.4,142.97609432066915,35.15832658779058,124.95646311698248,69
8602,31.9,142.97609432066915,32.56526989871724,130.09981747621248,76
8603,31.1,142.97609432066915,68.84727004017395,129.98523656275404,76
8604,29.1,221.6194071046838,29.828154504695394,129.9007854904507,68
8605,28.6,169.04806214580455,29.1078609799528,131.00332248428518,86
8606,27.1,142.97609432066915,29.1078609799528,131.90920074651055,58
8607,26.6,55.19857385552203,29.684095799746878,132.91628252014692,85
8608,25.9,55.19857385552203,29.540037094798357,131.67539945176782,62
8609,27.1,55.19857385552203,29.540037094798357,131.30150113702965,66
8610,27.2,55.19857385552203,92.50705488300054,130.28554297726484,66
8611,25.1,55.19857385552203,29.1078609799528,129.85271320034255,48
8612,24.7,81.27054168065742,28.675684865107243,128.42852101536982,58
8613,24.9,81.27054168065742,27.523215225519092,127.24145707855348,67
8614,24.8,55.19857385552203,26.946980405725025,126.28644337021592,54
8615,24.1,21.904727066198586,27.09103911067354,125.78440684914348,53
8616,23.7,21.904727066198586,28.099450045313173,125.1782335934075,38
8617,23.5,21.904727066198586,28.96380227500428,125.49680406156256,32
8618,23.0,21.904727066198586,30.548448029437985,125.27531749611592,30
8619,23.2,21.904727066198586,31.844976373974653,125.05550914658431,27
8620,23.5,34.80523813220465,33.285563423459834,125.6702081885938,30
8621,23.4,34.80523813220465,33.717739538305395,126.84111058357706,31
8622,23.2,133.84188663953668,34.870209177893535,129.3871298823857,32
8623,23.4,81.27054168065742,61.26710941474197,131.69305364046795,39
8624,23.4,142.97609432066915,36.74297234222428,134.80146881353448,50
8625,23.8,142.97609432066915,36.02267881748169,135.78375646021118,51
8626,26.3,142.97609432066915,34.726150472945015,135.85957156461885,72
8627,26.1,142.97609432066915,71.15220931935025,137.7885764367796,88
8628,26.3,221.6194071046838,32.42121119376873,136.24818709959592,76
8629,26.4,169.04806214580455,32.85338730861428,135.6890444827104,92
8630,26.4,142.97609432066915,33.86179824325391,138.02796775746646,68
8631,26.6,55.19857385552203,35.014267882842056,139.9844072494988,57
8632,26.6,55.19857385552203,34.870209177893535,140.68951937354393,62
8633,26.0,55.19857385552203,34.5820917679965,140.7394688588783,79
8634,25.7,55.19857385552203,98.12534437599275,141.03614290425065,62
8635,25.7,55.19857385552203,35.15832658779058,137.8161439511517,63
8636,25.1,81.27054168065742,35.15832658779058,135.63353747017803,56
8637,25.2,81.27054168065742,34.870209177893535,132.63012151708332,47
8638,24.5,55.19857385552203,33.573680833356875,130.0831090131032,52
8639,23.9,21.904727066198586,32.85338730861428,126.68982855835304,40
8640,23.1,21.904727066198586,33.86179824325391,125.2936144109458,38
8641,23.7,21.904727066198586,34.870209177893535,124.97902787828956,36
8642,23.7,21.904727066198586,36.31079622737872,126.35820652130312,37
8643,23.5,21.904727066198586,35.15832658779058,123.89479323587813,39
8644,24.1,34.80523813220465,34.43803306304798,126.28934336984337,43
8645,24.6,34.80523813220465,36.02267881748169,130.58328029945446,44
8646,25.8,133.84188663953668,36.59891363727576,138.27949681613734,48
8647,26.4,81.27054168065742,63.57204869391826,145.2712719635631,74
8648,26.1,142.97609432066915,39.33602903129761,149.50249730732972,61
8649,27.5,142.97609432066915,39.19197032634909,151.72736810548656,67
8650,28.3,142.97609432066915,36.45485493232725,144.26785119178933,70
8651,28.1,142.97609432066915,72.3046789589384,154.5808654101193,63
8652,26.1,221.6194071046838,33.717739538305395,155.48810620341442,93
8653,25.6,169.04806214580455,34.14991565315095,155.63622401058134,67
8654,25.7,142.97609432066915,34.5820917679965,155.6186906350635,47
8655,26.6,55.19857385552203,34.00585694820243,157.65638254958515,52
8656,27.2,55.19857385552203,32.133093783871686,154.1995851683175,54
8657,28.0,55.19857385552203,30.83656543933502,151.38461192555778,55
8658,27.8,55.19857385552203,93.51546581764016,146.7375136598809,80
8659,27.8,55.19857385552203,29.97221320964391,143.9207645841549,61
8660,27.9,81.27054168065742,28.96380227500428,142.50385658838138,68
8661,27.7,81.27054168065742,27.81133263541613,138.58598439549309,66
8662,27.6,55.19857385552203,28.099450045313173,138.26001641537383,54
8663,27.1,21.904727066198586,28.38756745521021,132.83202257429792,68
8664,27.0,21.904727066198586,28.24350875026169,128.6286174860807,47
8665,26.7,21.904727066198586,28.531626160158723,126.29032461450984,42
8666,26.6,21.904727066198586,29.39597838984984,123.27953180850515,45
8667,25.6,21.904727066198586,30.404389324489465,123.1526621405848,46
8668,26.4,34.80523813220465,31.268741554180583,127.51279454577777,43
8669,27.5,34.80523813220465,31.556858964077616,130.33930907184055,53
8670,26.9,113.44855091621928,30.980624144283546,138.44251656689892,51
8671,27.4,60.87720595734003,55.36070251185271,144.835705647249,64
8672,29.3,34.80523813220465,28.675684865107243,146.582974752889,65
8673,30.5,34.80523813220465,27.37915652057058,147.03697220747847,72
8674,30.9,34.80523813220465,24.64204112654873,145.24878283130815,68
8675,29.6,34.80523813220465,61.21215867790247,145.21206710114748,95
8676,28.3,113.44855091621928,22.337101847372427,145.0183935424593,75
8677,27.1,60.87720595734003,21.904925732526877,145.33017189350664,73
8678,27.1,34.80523813220465,21.76086702757836,144.61986637319484,60
8679,26.6,34.80523813220465,21.76086702757836,144.02583254682747,67
8680,26.2,34.80523813220465,21.47274961768132,141.87717807365664,71
8681,26.8,34.80523813220465,21.3286909127328,138.85152935387978,84
8682,25.5,34.80523813220465,84.87194352072905,135.54988871821817,86
8683,27.7,34.80523813220465,21.61680832262984,132.82797279561473,86
8684,27.1,60.87720595734003,21.76086702757836,129.5554474120034,75
8685,25.8,60.87720595734003,22.048984437475397,127.87643497564812,67
8686,24.5,34.80523813220465,22.769277962217984,126.19956395294874,69
8687,25.5,21.904727066198586,22.913336667166504,124.54015031427556,62
8688,28.1,21.904727066198586,22.769277962217984,124.57247738477672,65
8689,28.0,21.904727066198586,22.481160552320947,124.3412182410155,60
8690,25.7,21.904727066198586,22.337101847372427,124.44086217505644,59
8691,23.0,21.904727066198586,22.337101847372427,124.83080677585176,61
8692,22.4,21.904727066198586,22.481160552320947,125.56809676611796,59
8693,22.9,21.904727066198586,22.769277962217984,129.3832523833004,68
8694,23.2,100.54803985021324,23.05739537211502,137.37976492456042,54
8695,23.2,47.97669489133397,48.44588467432382,145.58563523345845,59
8696,23.3,21.904727066198586,23.48957148696057,149.2928074242536,67
8697,24.0,21.904727066198586,23.48957148696057,148.90933345668796,78
8698,24.8,21.904727066198586,23.05739537211502,149.6136049626108,95
8699,25.3,21.904727066198586,60.6359238581084,149.9179406175638,95
8700,24.1,100.54803985021324,22.769277962217984,150.8547131059485,59
8701,22.6,47.97669489133397,23.05739537211502,152.76464544264917,76
8702,22.1,21.904727066198586,23.20145407706354,153.41013722774483,69
8703,22.5,21.904727066198586,23.77768889685761,152.89524159317693,56
8704,22.5,21.904727066198586,24.06580630675465,148.23117390791708,75
8705,22.4,21.904727066198586,24.06580630675465,145.29305542602037,59
8706,22.2,21.904727066198586,87.17688279990534,142.713671392288,65
8707,21.8,21.904727066198586,24.20986501170317,140.60695334932365,77
8708,21.6,47.97669489133397,24.20986501170317,137.83973973215635,57
8709,21.4,47.97669489133397,24.353923716651693,134.88880381731204,58
8710,21.0,21.904727066198586,25.36233465129132,131.11022741139428,62
8711,18.8,21.904727066198586,25.79451076613688,128.6474569729122,63
8712,19.8,21.904727066198586,25.50639335623984,123.17122991856937,56
8713,22.5,21.904727066198586,25.2182759463428,123.26642998132652,51
8714,22.6,21.904727066198586,24.93015853644576,122.61238957626593,51
8715,21.6,21.904727066198586,24.353923716651693,123.20607244033876,51
8716,21.1,34.80523813220465,24.06580630675465,124.32079235628753,52
8717,21.9,34.80523813220465,23.63363019190909,127.4698896771021,57
8718,22.3,133.84188663953668,23.05739537211502,131.90427966315676,52
8719,22.3,81.27054168065742,47.86964985452974,136.98261925403528,58
8720,22.9,142.97609432066915,22.337101847372427,142.3634088477178,62
8721,23.1,142.97609432066915,21.76086702757836,143.20861388411018,86
8722,22.9,142.97609432066915,21.3286909127328,144.35723385819335,79
8723,23.0,142.97609432066915,58.330984578932096,144.5165975604328,94
8724,23.5,221.6194071046838,19.88810386324761,140.53468205799177,96
8725,22.6,169.04806214580455,19.74404515829909,138.10262378020334,105
8726,22.1,142.97609432066915,19.455927748402058,138.3974237714922,76
8727,22.6,55.19857385552203,18.879692928607984,137.73400790104716,82
8728,23.5,55.19857385552203,18.447516813762427,135.4036767390017,74
8729,24.1,55.19857385552203,17.583164584071316,133.1579696537366,80
8730,24.5,55.19857385552203,79.97394755247942,130.14260068601357,99
8731,24.5,55.19857385552203,16.718812354380205,127.22049152134024,85
8732,24.7,81.27054168065742,17.006929764277242,124.37645123099004,63
8733,23.1,81.27054168065742,17.29504717417428,121.71123172669854,47
8734,21.0,55.19857385552203,17.15098846922576,118.96388668304938,53
8735,19.2,21.904727066198586,17.727223289019836,117.49816424178898,62
8736,18.9,21.904727066198586,19.455927748402058,118.87898848115836,0
8737,18.7,21.904727066198586,21.040573502835763,119.19613214563074,0
8738,18.2,21.904727066198586,22.769277962217984,118.89771778636762,0
8739,18.1,21.904727066198586,22.625219257269464,118.70041729513426,0
8740,18.0,34.80523813220465,23.63363019190909,119.9709108287978,0
8741,17.4,34.80523813220465,23.77768889685761,121.36653287079872,0
8742,17.0,185.56530667972552,23.63363019190909,124.77682152616336,0
8743,16.8,132.99396172084624,49.02211949411789,129.8126527572305,0
8744,17.3,142.97609432066915,22.913336667166504,130.10023875177907,0
8745,18.0,142.97609432066915,22.048984437475397,133.84501875727278,0
8746,19.5,142.97609432066915,21.040573502835763,137.2913166273081,0
8747,18.9,142.97609432066915,57.61069105418951,137.26739658372225,0
8748,18.5,273.3428271448726,18.879692928607984,134.76993415669588,0
8749,18.3,220.7714821859934,18.30345810881391,130.30919409070694,0
8750,17.8,142.97609432066915,17.87128199396835,130.9860353260328,0
8751,18.2,55.19857385552203,18.159399403865383,132.33181407748657,0
8752,19.3,55.19857385552203,18.591575518710947,129.56332684775165,0
8753,19.6,55.19857385552203,18.591575518710947,130.23182738259928,0
8754,19.3,55.19857385552203,82.13482812670719,126.6008352728355,0
8755,18.5,55.19857385552203,19.599986453350574,122.49099588664556,0
8756,17.8,132.99396172084624,20.89651479788724,119.70013562612388,0
8757,18.2,132.99396172084624,21.904925732526877,119.94129649749156,0
8758,17.5,132.99396172084624,22.337101847372427,121.226642441345,0
8759,17.0,132.99396172084624,22.481160552320947,121.7062217248426,0
