,0,1
0,283.94833,0.18282
1,282.7158,0.18282
2,276.43046,0.18282
3,273.1257,0.18282
4,286.2649,0.18282
5,283.84829,0.18282
6,388.13743,0.18282
7,364.89946,0.18282
8,400.0,14.487158
9,400.0,16.028383
10,400.0,31.901673
11,400.0,79.054719
12,400.0,125.56006
13,400.0,88.479345
14,400.0,27.951366
15,341.66482,0.18282
16,342.68124,0.18282
17,346.99851,0.18282
18,394.13114,0.18282
19,327.72024,0.18282
20,371.72201,0.18282
21,356.23539,0.18282
22,321.15607,0.18282
23,290.22443,0.18282
24,279.41255,0.18282
25,274.91959,0.18282
26,274.6721,0.18282
27,277.51388,0.18282
28,291.489,0.18282
29,301.2042,0.18282
30,400.0,12.927938
31,398.63566,0.18282
32,400.0,25.13719
33,400.0,26.048928
34,400.0,48.713135
35,400.0,68.984437
36,400.0,121.16104
37,400.0,50.666602
38,400.0,10.602228
39,343.51309,0.18282
40,338.74893,0.18282
41,335.85638,0.18282
42,400.0,16.542759
43,354.4477,0.18282
44,387.0517,0.18282
45,355.74232,0.18282
46,324.89358,0.18282
47,281.58572,0.18282
48,277.58427,0.18282
49,271.0697,0.18282
50,272.90207,0.18282
51,273.14897,0.18282
52,286.87116,0.18282
53,298.59877,0.18282
54,400.0,34.622109
55,400.0,15.373207
56,400.0,43.726721
57,400.0,31.723015
58,400.0,34.600478
59,400.0,64.562151
60,400.0,105.91815
61,400.0,47.725981
62,400.0,32.517709
63,350.22319,0.18282
64,356.01762,0.18282
65,352.74472,0.18282
66,400.0,15.027319
67,372.63955,0.18282
68,400.0,3.9551768
69,368.702,0.18282
70,341.95517,0.18282
71,301.37325,0.18282
72,287.25253,0.18282
73,279.26195,0.18282
74,283.85317,0.18282
75,281.41078,0.18282
76,299.3951,0.18282
77,313.17313,0.18282
78,400.0,35.757928
79,400.0,41.425262
80,400.0,66.622391
81,400.0,74.233666
82,400.0,61.781356
83,400.0,108.78236
84,400.0,165.6229
85,400.0,98.139861
86,400.0,59.589698
87,371.853,0.18282
88,373.05158,0.18282
89,371.86937,0.18282
90,400.0,54.906829
91,373.01541,0.18282
92,400.0,29.589322
93,400.0,6.2060086
94,362.97587,0.18282
95,310.43725,0.18282
96,297.78675,0.18282
97,296.36951,0.18282
98,290.7087,0.18282
99,292.57034,0.18282
100,309.15664,0.18282
101,311.16629,0.18282
102,400.0,17.229363
103,400.0,13.375724
104,350.14516,0.18282
105,341.76043,0.18282
106,400.0,8.1868592
107,400.0,22.529238
108,400.0,45.269835
109,396.40572,0.18282
110,379.64873,0.18282
111,363.87779,0.18282
112,380.63532,0.18282
113,363.91779,0.18282
114,400.0,40.867879
115,373.7737,0.18282
116,374.23298,0.18282
117,370.21453,0.18282
118,359.2523,0.18282
119,326.4212,0.18282
120,318.98122,0.18282
121,319.87952,0.18282
122,315.53107,0.18282
123,313.65829,0.18282
124,323.38339,0.18282
125,333.41722,0.18282
126,400.0,19.711034
127,396.48066,0.18282
128,366.73635,0.18282
129,400.0,2.0819472
130,400.0,2.8697364
131,400.0,67.731376
132,400.0,99.151116
133,400.0,23.336638
134,386.52911,0.18282
135,383.38025,0.18282
136,393.09949,0.18282
137,370.96407,0.18282
138,400.0,63.280227
139,395.89062,0.18282
140,400.0,8.0121859
141,400.0,3.6482192
142,355.70575,0.18282
143,375.34362,0.18282
144,352.4777,0.18282
145,345.80532,0.18282
146,346.8273,0.18282
147,348.35047,0.18282
148,359.27458,0.18282
149,368.13735,0.18282
150,400.0,73.285255
151,400.0,57.531749
152,400.0,115.13063
153,400.0,128.8137
154,400.0,144.75428
155,400.0,160.53063
156,400.0,210.38763
157,400.0,147.40869
158,400.0,107.14508
159,400.0,49.887011
160,400.0,19.810602
161,400.0,20.207957
162,400.0,90.076615
163,400.0,1.3808192
164,400.0,17.841354
165,400.0,17.619345
166,366.8413,0.18282
167,324.63095,0.18282
168,309.67659,0.18282
169,313.84973,0.18282
170,312.7415,0.18282
171,314.55002,0.18282
172,337.52768,0.18282
173,360.79094,0.18282
174,400.0,106.58918
175,400.0,108.98349
176,400.0,81.822704
177,400.0,75.227363
178,400.0,61.673431
179,400.0,111.43661
180,400.0,147.04973
181,400.0,85.00569
182,400.0,51.997797
183,370.95438,0.18282
184,366.18407,0.18282
185,393.18661,0.18282
186,400.0,51.556428
187,400.0,25.058575
188,400.0,29.835487
189,400.0,20.205602
190,392.18532,0.18282
191,317.79838,0.18282
192,306.23824,0.18282
193,299.89346,0.18282
194,296.42259,0.18282
195,297.72835,0.18282
196,310.16241,0.18282
197,328.51303,0.18282
198,400.0,77.447362
199,400.0,68.940359
200,400.0,63.865267
201,400.0,48.15679
202,400.0,74.118676
203,400.0,83.192686
204,400.0,135.41702
205,400.0,70.988762
206,400.0,45.288601
207,368.92113,0.18282
208,389.78491,0.18282
209,394.25003,0.18282
210,400.0,63.013429
211,400.0,4.6769941
212,400.0,13.231065
213,400.0,28.848015
214,393.51777,0.18282
215,329.47884,0.18282
216,318.15128,0.18282
217,314.74387,0.18282
218,316.71078,0.18282
219,319.84809,0.18282
220,332.0345,0.18282
221,353.85619,0.18282
222,400.0,120.85298
223,400.0,100.75445
224,400.0,99.857109
225,400.0,69.824004
226,400.0,82.623655
227,400.0,112.90695
228,400.0,140.80713
229,400.0,88.89556
230,400.0,73.212397
231,393.40078,0.18282
232,391.61438,0.18282
233,397.0298,0.18282
234,400.0,73.098396
235,400.0,12.691794
236,400.0,19.573922
237,400.0,20.433672
238,390.14103,0.18282
239,326.33159,0.18282
240,323.13429,0.18282
241,318.8754,0.18282
242,320.64242,0.18282
243,323.46657,0.18282
244,343.04201,0.18282
245,362.52507,0.18282
246,400.0,130.39407
247,400.0,119.69723
248,400.0,86.276223
249,400.0,79.540052
250,400.0,85.166442
251,400.0,119.66578
252,400.0,153.92128
253,400.0,90.034048
254,400.0,63.419995
255,381.24957,0.18282
256,382.32775,0.18282
257,389.27453,0.18282
258,400.0,63.469304
259,395.35266,0.18282
260,400.0,24.910687
261,400.0,13.650867
262,375.10087,0.18282
263,320.49138,0.18282
264,307.72958,0.18282
265,302.13275,0.18282
266,304.17911,0.18282
267,301.32116,0.18282
268,318.01782,0.18282
269,330.20329,0.18282
270,400.0,76.965439
271,400.0,77.602674
272,380.93789,0.18282
273,373.3509,0.18282
274,385.93717,0.18282
275,400.0,10.456008
276,400.0,46.728353
277,394.18824,0.18282
278,372.36053,0.18282
279,371.8278,0.18282
280,375.10715,0.18282
281,379.44191,0.18282
282,400.0,40.797716
283,398.13482,0.18282
284,400.0,8.2301441
285,400.0,6.9176095
286,348.22073,0.18282
287,327.49484,0.18282
288,314.97392,0.18282
289,311.0366,0.18282
290,309.34321,0.18282
291,307.71272,0.18282
292,310.18971,0.18282
293,315.42843,0.18282
294,400.0,8.309316
295,398.7263,0.18282
296,359.73033,0.18282
297,385.88123,0.18282
298,400.0,5.443675
299,400.0,57.835865
300,400.0,97.569342
301,400.0,24.028314
302,369.18389,0.18282
303,357.86614,0.18282
304,400.0,1.9722967
305,362.50182,0.18282
306,400.0,35.750911
307,378.64857,0.18282
308,380.49471,0.18282
309,368.74821,0.18282
310,332.70401,0.18282
311,328.01151,0.18282
312,310.11489,0.18282
313,309.53992,0.18282
314,305.61305,0.18282
315,306.09365,0.18282
316,318.88009,0.18282
317,321.23673,0.18282
318,400.0,23.406815
319,400.0,9.6578616
320,400.0,75.936341
321,400.0,92.236121
322,400.0,168.05694
323,400.0,132.26098
324,400.0,160.17868
325,400.0,132.39154
326,400.0,107.43772
327,400.0,9.24946
328,400.0,34.915328
329,400.0,31.364759
330,400.0,86.689284
331,400.0,38.202237
332,400.0,43.876985
333,400.0,57.439908
334,400.0,14.647445
335,365.05715,0.18282
336,346.69977,0.18282
337,349.2849,0.18282
338,341.93185,0.18282
339,341.73507,0.18282
340,362.69844,0.18282
341,387.69152,0.18282
342,400.0,180.28552
343,400.0,117.9198
344,400.0,124.22069
345,400.0,138.53386
346,400.0,136.63835
347,400.0,152.98353
348,400.0,194.83508
349,400.0,148.28192
350,400.0,102.39789
351,400.0,9.5650741
352,400.0,34.330363
353,400.0,34.624888
354,400.0,93.902615
355,400.0,48.71247
356,400.0,77.718991
357,400.0,53.570116
358,400.0,1.7347536
359,339.73354,0.18282
360,325.23064,0.18282
361,320.81868,0.18282
362,316.7348,0.18282
363,316.90669,0.18282
364,329.49805,0.18282
365,355.32696,0.18282
366,400.0,116.13749
367,400.0,84.805179
368,400.0,73.753645
369,400.0,59.961303
370,400.0,88.289661
371,400.0,101.89745
372,400.0,147.39423
373,400.0,89.767234
374,400.0,75.467902
375,387.60853,0.18282
376,382.62778,0.18282
377,383.40143,0.18282
378,400.0,49.268417
379,395.22889,0.18282
380,400.0,28.407757
381,400.0,16.493276
382,378.05856,0.18282
383,332.73807,0.18282
384,311.77074,0.18282
385,322.50501,0.18282
386,318.45129,0.18282
387,318.79697,0.18282
388,335.87489,0.18282
389,363.7501,0.18282
390,400.0,122.55483
391,400.0,76.858214
392,400.0,92.74974
393,400.0,75.460877
394,400.0,70.589509
395,400.0,102.17062
396,400.0,138.35184
397,400.0,92.647669
398,400.0,63.732818
399,389.65494,0.18282
400,400.0,0.62289387
401,400.0,8.6924364
402,400.0,97.825772
403,400.0,36.726479
404,400.0,82.708402
405,400.0,43.267147
406,393.59922,0.18282
407,341.75303,0.18282
408,329.51586,0.18282
409,329.48658,0.18282
410,337.24312,0.18282
411,337.3215,0.18282
412,355.40705,0.18282
413,370.8449,0.18282
414,400.0,162.66929
415,400.0,139.73064
416,400.0,123.95181
417,400.0,111.7573
418,400.0,95.088392
419,400.0,131.07588
420,400.0,159.58346
421,400.0,103.56522
422,400.0,76.112315
423,400.0,0.74884773
424,396.02684,0.18282
425,400.0,11.396546
426,400.0,64.324353
427,400.0,21.07955
428,400.0,22.367454
429,400.0,41.496898
430,400.0,10.778442
431,362.32265,0.18282
432,345.35557,0.18282
433,343.20318,0.18282
434,341.24473,0.18282
435,343.37995,0.18282
436,354.4502,0.18282
437,374.98528,0.18282
438,400.0,118.70253
439,400.0,104.5886
440,400.0,23.412239
441,397.74959,0.18282
442,389.96332,0.18282
443,400.0,21.266745
444,400.0,56.859562
445,392.05432,0.18282
446,365.86487,0.18282
447,372.21092,0.18282
448,395.62639,0.18282
449,400.0,10.094267
450,400.0,66.858444
451,400.0,12.134889
452,400.0,21.410655
453,400.0,23.235271
454,383.84854,0.18282
455,355.90735,0.18282
456,342.76006,0.18282
457,344.39088,0.18282
458,347.20952,0.18282
459,342.34731,0.18282
460,341.87233,0.18282
461,347.39839,0.18282
462,400.0,52.483974
463,400.0,39.222679
464,400.0,9.9956888
465,400.0,41.045281
466,400.0,34.004608
467,400.0,73.444402
468,400.0,72.883326
469,400.0,20.646061
470,377.10231,0.18282
471,400.0,10.456322
472,400.0,11.464273
473,400.0,30.181912
474,400.0,66.742554
475,400.0,19.913878
476,400.0,31.308565
477,400.0,10.595004
478,369.47717,0.18282
479,378.87976,0.18282
480,362.60289,0.18282
481,361.07357,0.18282
482,356.01385,0.18282
483,349.66331,0.18282
484,369.95264,0.18282
485,384.25999,0.18282
486,400.0,93.931765
487,400.0,86.746267
488,400.0,134.41227
489,400.0,177.87551
490,400.0,197.12128
491,400.0,179.88797
492,400.0,227.49481
493,400.0,138.25042
494,400.0,108.68865
495,400.0,30.433956
496,400.0,37.543139
497,400.0,56.97887
498,400.0,126.65133
499,400.0,55.985287
500,400.0,62.709794
501,400.0,39.099329
502,400.0,5.4017411
503,351.25854,0.18282
504,330.39457,0.18282
505,331.54969,0.18282
506,337.79247,0.18282
507,344.21918,0.18282
508,359.50296,0.18282
509,384.9762,0.18282
510,400.0,154.66499
511,400.0,160.5168
512,400.0,125.17228
513,400.0,105.75955
514,400.0,104.3824
515,400.0,128.11061
516,400.0,161.8869
517,400.0,117.25236
518,400.0,85.224587
519,388.04331,0.18282
520,398.40934,0.18282
521,400.0,23.027117
522,400.0,69.798501
523,400.0,29.384898
524,400.0,66.415156
525,400.0,70.258058
526,395.9222,0.18282
527,341.92102,0.18282
528,320.0293,0.18282
529,320.47439,0.18282
530,317.77484,0.18282
531,313.38776,0.18282
532,329.53244,0.18282
533,348.30576,0.18282
534,400.0,96.912104
535,400.0,82.532594
536,400.0,77.100515
537,400.0,60.683988
538,400.0,53.068706
539,400.0,81.912287
540,400.0,118.95322
541,400.0,64.106144
542,400.0,38.575742
543,359.53776,0.18282
544,369.71284,0.18282
545,371.68455,0.18282
546,400.0,54.781881
547,397.50728,0.18282
548,400.0,42.617726
549,400.0,32.425581
550,370.79524,0.18282
551,328.58303,0.18282
552,294.71508,0.18282
553,295.30769,0.18282
554,293.64104,0.18282
555,300.14154,0.18282
556,316.69019,0.18282
557,338.07198,0.18282
558,400.0,109.50738
559,400.0,51.543305
560,400.0,69.598393
561,400.0,39.486632
562,400.0,27.640083
563,400.0,75.870343
564,400.0,102.22694
565,400.0,50.852059
566,400.0,24.229011
567,341.27301,0.18282
568,362.55773,0.18282
569,369.65743,0.18282
570,400.0,45.049014
571,369.48001,0.18282
572,400.0,10.381794
573,396.28088,0.18282
574,364.52842,0.18282
575,294.17471,0.18282
576,278.92932,0.18282
577,273.37766,0.18282
578,277.2312,0.18282
579,272.20115,0.18282
580,288.60524,0.18282
581,310.56788,0.18282
582,400.0,63.597965
583,400.0,75.156214
584,400.0,59.875563
585,400.0,36.994678
586,400.0,31.754445
587,400.0,68.880951
588,400.0,106.40603
589,400.0,58.231494
590,400.0,24.115938
591,357.54347,0.18282
592,356.95949,0.18282
593,372.44144,0.18282
594,400.0,52.688942
595,392.91543,0.18282
596,400.0,1.9612672
597,400.0,8.3776148
598,364.97196,0.18282
599,309.2125,0.18282
600,297.9076,0.18282
601,293.58241,0.18282
602,293.00245,0.18282
603,294.28297,0.18282
604,310.30725,0.18282
605,339.37552,0.18282
606,400.0,99.46358
607,400.0,84.114787
608,381.30587,0.18282
609,369.75239,0.18282
610,357.12359,0.18282
611,376.68143,0.18282
612,400.0,17.726373
613,357.39554,0.18282
614,336.70247,0.18282
615,355.22692,0.18282
616,348.28259,0.18282
617,362.59017,0.18282
618,400.0,62.771969
619,354.15236,0.18282
620,369.65432,0.18282
621,359.70699,0.18282
622,341.95251,0.18282
623,323.58646,0.18282
624,304.42673,0.18282
625,303.47977,0.18282
626,295.578,0.18282
627,295.97842,0.18282
628,303.31902,0.18282
629,310.95666,0.18282
630,400.0,7.1893697
631,400.0,6.8958048
632,364.19152,0.18282
633,384.20405,0.18282
634,400.0,4.5078896
635,400.0,39.074089
636,400.0,50.768348
637,400.0,0.76454332
638,360.41274,0.18282
639,378.08912,0.18282
640,382.23593,0.18282
641,364.79019,0.18282
642,400.0,45.236884
643,375.16878,0.18282
644,378.74348,0.18282
645,394.06795,0.18282
646,363.85772,0.18282
647,352.44419,0.18282
648,328.5276,0.18282
649,319.19178,0.18282
650,312.21184,0.18282
651,304.79293,0.18282
652,323.40044,0.18282
653,328.19965,0.18282
654,400.0,39.408044
655,400.0,36.347453
656,400.0,97.533605
657,400.0,98.898381
658,400.0,143.53926
659,400.0,163.15592
660,400.0,181.67706
661,400.0,120.54062
662,400.0,103.03893
663,385.5245,0.18282
664,400.0,7.1796153
665,400.0,16.588168
666,400.0,65.936519
667,400.0,3.4367016
668,400.0,31.701478
669,400.0,12.369225
670,394.36112,0.18282
671,328.71739,0.18282
672,313.64759,0.18282
673,312.90934,0.18282
674,311.43378,0.18282
675,316.69771,0.18282
676,332.92856,0.18282
677,351.02379,0.18282
678,400.0,121.09385
679,400.0,108.74414
680,400.0,95.495641
681,400.0,78.164494
682,400.0,87.18193
683,400.0,122.34549
684,400.0,152.72927
685,400.0,91.546973
686,400.0,62.785427
687,365.06986,0.18282
688,380.26329,0.18282
689,399.31676,0.18282
690,400.0,58.800633
691,400.0,13.983675
692,400.0,18.745622
693,400.0,25.814024
694,391.31339,0.18282
695,324.36884,0.18282
696,315.72708,0.18282
697,316.55452,0.18282
698,313.30576,0.18282
699,314.0093,0.18282
700,335.62692,0.18282
701,363.32941,0.18282
702,400.0,120.74989
703,400.0,92.436044
704,400.0,79.931908
705,400.0,60.395764
706,400.0,63.677663
707,400.0,102.79011
708,400.0,143.27314
709,400.0,93.04998
710,400.0,65.459791
711,372.74012,0.18282
712,382.53841,0.18282
713,400.0,7.7836036
714,400.0,68.748967
715,400.0,7.5509904
716,400.0,22.39958
717,400.0,55.730665
718,398.22934,0.18282
719,346.40376,0.18282
720,331.20448,0.18282
721,330.2185,0.18282
722,332.99576,0.18282
723,336.92629,0.18282
724,356.19983,0.18282
725,374.86877,0.18282
726,400.0,142.5193
727,400.0,107.33847
728,400.0,85.359586
729,400.0,76.6335
730,400.0,68.617956
731,400.0,108.21947
732,400.0,128.47561
733,400.0,78.093821
734,400.0,54.304644
735,397.46663,0.18282
736,384.84013,0.18282
737,400.0,7.0387563
738,400.0,80.34902
739,400.0,27.59081
740,400.0,32.313229
741,400.0,38.193565
742,400.0,7.4266072
743,349.03225,0.18282
744,330.65414,0.18282
745,327.16851,0.18282
746,327.59655,0.18282
747,326.07805,0.18282
748,342.95733,0.18282
749,371.49447,0.18282
750,400.0,129.52121
751,400.0,125.56706
752,400.0,97.874285
753,400.0,89.122597
754,400.0,72.416039
755,400.0,107.2328
756,400.0,145.83947
757,400.0,102.5788
758,400.0,72.088215
759,393.22272,0.18282
760,383.38591,0.18282
761,400.0,23.405403
762,400.0,67.07824
763,400.0,35.936628
764,400.0,16.010618
765,400.0,36.758587
766,390.543,0.18282
767,347.26542,0.18282
768,337.0174,0.18282
769,342.95893,0.18282
770,339.23484,0.18282
771,340.62792,0.18282
772,359.54451,0.18282
773,382.77492,0.18282
774,400.0,114.848
775,400.0,96.850212
776,398.53126,0.18282
777,386.00001,0.18282
778,388.68712,0.18282
779,400.0,39.398591
780,400.0,64.266515
781,400.0,1.8238798
782,375.23852,0.18282
783,378.43404,0.18282
784,396.5948,0.18282
785,387.52357,0.18282
786,400.0,66.250154
787,400.0,22.09556
788,397.73578,0.18282
789,400.0,1.4252897
790,374.73241,0.18282
791,358.61415,0.18282
792,347.64317,0.18282
793,344.51764,0.18282
794,345.75312,0.18282
795,350.27833,0.18282
796,350.46448,0.18282
797,357.42292,0.18282
798,400.0,44.481081
799,400.0,43.807644
800,400.0,17.340537
801,400.0,32.77846
802,400.0,28.908767
803,400.0,54.666092
804,400.0,107.11311
805,400.0,42.670728
806,400.0,7.3448541
807,397.68528,0.18282
808,400.0,2.0071729
809,400.0,11.666145
810,400.0,60.910755
811,399.36626,0.18282
812,398.08254,0.18282
813,398.56235,0.18282
814,357.9135,0.18282
815,359.20667,0.18282
816,345.29227,0.18282
817,351.63576,0.18282
818,337.7167,0.18282
819,337.87087,0.18282
820,358.22954,0.18282
821,368.8816,0.18282
822,400.0,84.632897
823,400.0,66.120525
824,400.0,134.14861
825,400.0,158.47452
826,400.0,144.77056
827,400.0,207.48883
828,400.0,206.08899
829,400.0,124.61241
830,400.0,95.416627
831,400.0,20.849188
832,400.0,9.3762853
833,400.0,52.612083
834,400.0,107.06601
835,400.0,65.333013
836,400.0,70.509031
837,400.0,49.666046
838,397.34686,0.18282
839,360.66607,0.18282
840,356.59747,0.18282
841,351.45707,0.18282
842,349.80568,0.18282
843,347.67353,0.18282
844,360.59504,0.18282
845,379.79153,0.18282
846,400.0,166.12421
847,400.0,127.06337
848,400.0,115.54658
849,400.0,108.1642
850,400.0,100.27629
851,400.0,144.04524
852,400.0,173.12659
853,400.0,128.67649
854,400.0,81.140266
855,400.0,7.4711994
856,400.0,13.299771
857,400.0,36.07431
858,400.0,111.985
859,400.0,75.705266
860,400.0,61.11093
861,400.0,76.369358
862,400.0,41.781351
863,379.16193,0.18282
864,364.77882,0.18282
865,365.39228,0.18282
866,365.41722,0.18282
867,370.91624,0.18282
868,386.40054,0.18282
869,400.0,1.2242093
870,400.0,167.09192
871,400.0,130.21566
872,400.0,116.54633
873,400.0,95.816274
874,400.0,90.362392
875,400.0,124.34922
876,400.0,166.43369
877,400.0,105.30721
878,400.0,78.672513
879,400.0,3.1793906
880,400.0,1.2683151
881,400.0,9.5795756
882,400.0,100.24937
883,400.0,61.108976
884,400.0,80.120016
885,400.0,92.237404
886,400.0,20.338067
887,374.49231,0.18282
888,371.41384,0.18282
889,370.88723,0.18282
890,370.99468,0.18282
891,373.88586,0.18282
892,392.49449,0.18282
893,400.0,19.125833
894,400.0,193.5839
895,400.0,154.46744
896,400.0,140.84743
897,400.0,149.21664
898,400.0,139.14314
899,400.0,136.07185
900,400.0,176.317
901,400.0,116.22861
902,400.0,93.448594
903,400.0,3.2901297
904,400.0,31.207319
905,400.0,37.803694
906,400.0,113.64405
907,400.0,66.135131
908,400.0,65.425736
909,400.0,70.818022
910,400.0,36.320119
911,375.90113,0.18282
912,369.13956,0.18282
913,375.86223,0.18282
914,369.32434,0.18282
915,367.39206,0.18282
916,390.49172,0.18282
917,400.0,10.259484
918,400.0,167.0162
919,400.0,161.72133
920,400.0,134.27118
921,400.0,118.40209
922,400.0,105.1347
923,400.0,141.50699
924,400.0,164.03426
925,400.0,93.985214
926,400.0,74.043578
927,394.25091,0.18282
928,393.41181,0.18282
929,400.0,23.708298
930,400.0,75.958437
931,400.0,32.927443
932,400.0,53.669326
933,400.0,49.00128
934,400.0,19.344103
935,352.73082,0.18282
936,341.51458,0.18282
937,345.09537,0.18282
938,336.89202,0.18282
939,340.33398,0.18282
940,358.86133,0.18282
941,384.29487,0.18282
942,400.0,153.9474
943,400.0,125.93011
944,400.0,41.624032
945,400.0,9.6101752
946,391.18051,0.18282
947,400.0,5.9874398
948,400.0,40.253651
949,385.53736,0.18282
950,357.01266,0.18282
951,358.1358,0.18282
952,373.98174,0.18282
953,400.0,11.726581
954,400.0,77.62406
955,400.0,6.5876817
956,400.0,17.010647
957,400.0,21.143657
958,400.0,19.082813
959,390.70147,0.18282
960,371.75002,0.18282
961,371.03792,0.18282
962,370.07705,0.18282
963,376.91548,0.18282
964,384.16369,0.18282
965,387.67494,0.18282
966,400.0,84.136044
967,400.0,79.130701
968,400.0,27.95428
969,400.0,49.261305
970,400.0,23.407358
971,400.0,55.792318
972,400.0,91.323064
973,400.0,5.743545
974,372.92329,0.18282
975,400.0,8.0275046
976,387.26152,0.18282
977,400.0,19.550822
978,400.0,57.24041
979,389.53409,0.18282
980,400.0,9.7091921
981,394.66413,0.18282
982,362.17757,0.18282
983,360.71042,0.18282
984,355.685,0.18282
985,347.89177,0.18282
986,348.19548,0.18282
987,349.47458,0.18282
988,362.30949,0.18282
989,367.49416,0.18282
990,400.0,76.879536
991,400.0,66.751496
992,400.0,110.37058
993,400.0,132.37097
994,400.0,139.9889
995,400.0,192.92546
996,400.0,214.52448
997,400.0,139.86098
998,400.0,123.89506
999,400.0,26.385895
1000,400.0,33.296594
1001,400.0,51.779496
1002,400.0,106.55453
1003,400.0,59.490397
1004,400.0,48.419448
1005,400.0,43.418996
1006,400.0,17.953888
1007,364.57919,0.18282
1008,349.01675,0.18282
1009,344.302,0.18282
1010,338.17374,0.18282
1011,338.21727,0.18282
1012,348.2275,0.18282
1013,365.80095,0.18282
1014,400.0,136.39899
1015,400.0,118.78984
1016,400.0,89.754185
1017,400.0,78.927515
1018,400.0,74.422594
1019,400.0,103.92286
1020,400.0,125.60738
1021,400.0,95.012043
1022,400.0,64.416873
1023,362.34868,0.18282
1024,371.22386,0.18282
1025,387.44542,0.18282
1026,400.0,71.300729
1027,392.40693,0.18282
1028,400.0,14.695962
1029,400.0,8.2910271
1030,376.39952,0.18282
1031,328.88215,0.18282
1032,314.14451,0.18282
1033,314.98317,0.18282
1034,315.39711,0.18282
1035,314.26101,0.18282
1036,329.62249,0.18282
1037,346.07206,0.18282
1038,400.0,121.44457
1039,400.0,68.24242
1040,400.0,58.568758
1041,400.0,48.343698
1042,400.0,56.19537
1043,400.0,89.80434
1044,400.0,120.01472
1045,400.0,55.562502
1046,400.0,30.862472
1047,348.92287,0.18282
1048,361.59877,0.18282
1049,383.32252,0.18282
1050,400.0,72.783331
1051,400.0,3.3015038
1052,400.0,5.5901601
1053,400.0,18.311038
1054,377.45768,0.18282
1055,334.40174,0.18282
1056,317.35291,0.18282
1057,316.54713,0.18282
1058,314.6258,0.18282
1059,313.17967,0.18282
1060,324.29443,0.18282
1061,345.07408,0.18282
1062,400.0,110.02306
1063,400.0,71.22628
1064,400.0,70.002552
1065,400.0,40.612744
1066,400.0,45.706732
1067,400.0,73.889001
1068,400.0,93.795203
1069,400.0,55.536975
1070,400.0,25.154899
1071,337.10019,0.18282
1072,353.02569,0.18282
1073,388.25173,0.18282
1074,400.0,66.888191
1075,400.0,16.86166
1076,400.0,49.115007
1077,400.0,51.432985
1078,393.7508,0.18282
1079,343.21007,0.18282
1080,337.27771,0.18282
1081,335.78157,0.18282
1082,341.12718,0.18282
1083,343.54892,0.18282
1084,359.30802,0.18282
1085,393.97726,0.18282
1086,400.0,146.18878
1087,400.0,138.92707
1088,400.0,123.3883
1089,400.0,85.134518
1090,400.0,77.601795
1091,400.0,110.25488
1092,400.0,142.16515
1093,400.0,72.184842
1094,400.0,54.517306
1095,386.6656,0.18282
1096,389.36051,0.18282
1097,400.0,10.195511
1098,400.0,92.560539
1099,400.0,57.555687
1100,400.0,47.175331
1101,400.0,35.635658
1102,400.0,13.702723
1103,361.62077,0.18282
1104,340.84282,0.18282
1105,334.45734,0.18282
1106,330.28879,0.18282
1107,328.25269,0.18282
1108,344.06854,0.18282
1109,359.40123,0.18282
1110,400.0,92.836566
1111,400.0,103.16237
1112,400.0,2.9742355
1113,390.78506,0.18282
1114,382.35667,0.18282
1115,400.0,3.1205749
1116,400.0,32.588652
1117,384.36587,0.18282
1118,359.22941,0.18282
1119,355.4048,0.18282
1120,371.2548,0.18282
1121,400.0,3.4398045
1122,400.0,58.729055
1123,390.05598,0.18282
1124,389.51025,0.18282
1125,383.47185,0.18282
1126,353.93716,0.18282
1127,324.73451,0.18282
1128,326.02002,0.18282
1129,314.78378,0.18282
1130,316.24544,0.18282
1131,316.83405,0.18282
1132,322.22114,0.18282
1133,326.37483,0.18282
1134,400.0,17.243724
1135,400.0,22.756326
1136,400.0,1.359581
1137,400.0,5.0065421
1138,400.0,19.553747
1139,400.0,30.193093
1140,400.0,67.679535
1141,389.49469,0.18282
1142,373.83232,0.18282
1143,341.66868,0.18282
1144,357.81231,0.18282
1145,396.83511,0.18282
1146,400.0,53.496046
1147,397.67781,0.18282
1148,397.58639,0.18282
1149,379.78913,0.18282
1150,342.39499,0.18282
1151,337.96287,0.18282
1152,325.51781,0.18282
1153,329.17668,0.18282
1154,325.54201,0.18282
1155,326.11172,0.18282
1156,339.7247,0.18282
1157,342.57117,0.18282
1158,400.0,55.519802
1159,400.0,50.11571
1160,400.0,117.46639
1161,400.0,101.7163
1162,400.0,129.66574
1163,400.0,165.14861
1164,400.0,163.40639
1165,400.0,107.24995
1166,400.0,109.57564
1167,388.34108,0.18282
1168,394.75343,0.18282
1169,400.0,22.94077
1170,400.0,83.170705
1171,400.0,24.553838
1172,400.0,26.207448
1173,393.95495,0.18282
1174,389.69876,0.18282
1175,334.42749,0.18282
1176,315.41657,0.18282
1177,310.49383,0.18282
1178,305.10334,0.18282
1179,304.83456,0.18282
1180,321.44917,0.18282
1181,342.80007,0.18282
1182,400.0,123.72713
1183,400.0,104.74221
1184,400.0,84.464125
1185,400.0,81.41519
1186,400.0,68.951423
1187,400.0,114.84263
1188,400.0,147.51592
1189,400.0,105.44691
1190,400.0,63.92549
1191,376.14763,0.18282
1192,380.65786,0.18282
1193,400.0,0.43232861
1194,400.0,80.69601
1195,400.0,6.5662243
1196,400.0,51.47143
1197,400.0,52.467148
1198,393.29574,0.18282
1199,337.94533,0.18282
1200,325.49652,0.18282
1201,323.52431,0.18282
1202,323.32076,0.18282
1203,324.8191,0.18282
1204,339.60076,0.18282
1205,363.52169,0.18282
1206,400.0,122.65214
1207,400.0,71.710264
1208,400.0,66.39671
1209,400.0,68.573248
1210,400.0,64.821333
1211,400.0,89.91967
1212,400.0,124.16602
1213,400.0,68.975906
1214,400.0,49.194698
1215,362.22538,0.18282
1216,368.41631,0.18282
1217,399.84282,0.18282
1218,400.0,91.399531
1219,400.0,30.601079
1220,400.0,35.604951
1221,400.0,54.816371
1222,400.0,8.304395
1223,343.56956,0.18282
1224,329.38922,0.18282
1225,326.51093,0.18282
1226,329.14505,0.18282
1227,326.64867,0.18282
1228,334.98783,0.18282
1229,360.63053,0.18282
1230,400.0,124.8747
1231,400.0,101.34548
1232,400.0,57.918539
1233,400.0,62.772139
1234,400.0,68.532735
1235,400.0,95.957051
1236,400.0,127.86992
1237,400.0,63.563946
1238,400.0,32.128837
1239,357.06004,0.18282
1240,372.31013,0.18282
1241,390.80115,0.18282
1242,400.0,81.331562
1243,400.0,30.505361
1244,400.0,74.708767
1245,400.0,40.309045
1246,400.0,14.531501
1247,352.52807,0.18282
1248,353.3745,0.18282
1249,352.65403,0.18282
1250,344.96552,0.18282
1251,343.08406,0.18282
1252,361.44582,0.18282
1253,383.71481,0.18282
1254,400.0,162.41565
1255,400.0,135.51488
1256,400.0,114.66867
1257,400.0,94.694955
1258,400.0,85.84811
1259,400.0,114.22783
1260,400.0,159.94253
1261,400.0,97.613983
1262,400.0,75.03229
1263,386.50463,0.18282
1264,400.0,9.0282954
1265,400.0,42.02402
1266,400.0,118.80896
1267,400.0,33.751791
1268,400.0,60.01625
1269,400.0,41.088874
1270,391.88669,0.18282
1271,336.8002,0.18282
1272,327.90956,0.18282
1273,324.41253,0.18282
1274,320.04403,0.18282
1275,321.67353,0.18282
1276,336.2336,0.18282
1277,357.9399,0.18282
1278,400.0,101.85236
1279,400.0,130.60823
1280,400.0,6.5990166
1281,373.76019,0.18282
1282,380.11365,0.18282
1283,398.03971,0.18282
1284,400.0,43.936037
1285,386.26905,0.18282
1286,390.59667,0.18282
1287,374.15399,0.18282
1288,364.52496,0.18282
1289,396.18473,0.18282
1290,400.0,82.187607
1291,400.0,4.1365391
1292,400.0,38.271525
1293,400.0,35.343677
1294,387.00936,0.18282
1295,360.3494,0.18282
1296,359.52436,0.18282
1297,351.87593,0.18282
1298,348.18421,0.18282
1299,353.1567,0.18282
1300,354.77598,0.18282
1301,359.75878,0.18282
1302,400.0,52.603856
1303,400.0,40.282979
1304,400.0,38.851515
1305,400.0,53.862351
1306,400.0,35.71068
1307,400.0,48.016404
1308,400.0,61.269575
1309,392.51895,0.18282
1310,364.02562,0.18282
1311,368.65614,0.18282
1312,386.07186,0.18282
1313,374.89037,0.18282
1314,400.0,37.457084
1315,372.1913,0.18282
1316,381.38553,0.18282
1317,386.59715,0.18282
1318,352.23974,0.18282
1319,346.02557,0.18282
1320,339.96189,0.18282
1321,332.03816,0.18282
1322,332.39547,0.18282
1323,341.86299,0.18282
1324,358.84794,0.18282
1325,357.99008,0.18282
1326,400.0,65.586736
1327,400.0,64.858639
1328,400.0,120.52378
1329,400.0,117.47203
1330,400.0,102.52615
1331,400.0,136.29025
1332,400.0,140.72259
1333,400.0,102.75186
1334,400.0,77.014708
1335,369.27944,0.18282
1336,377.67511,0.18282
1337,379.77157,0.18282
1338,400.0,73.872608
1339,376.49893,0.18282
1340,388.02486,0.18282
1341,387.16457,0.18282
1342,370.63573,0.18282
1343,323.32106,0.18282
1344,320.76272,0.18282
1345,323.74183,0.18282
1346,327.91955,0.18282
1347,331.0558,0.18282
1348,354.0529,0.18282
1349,368.93699,0.18282
1350,400.0,120.9574
1351,400.0,110.51123
1352,400.0,106.29346
1353,400.0,83.755085
1354,400.0,74.122251
1355,400.0,90.298275
1356,400.0,125.14849
1357,400.0,77.063257
1358,400.0,40.879172
1359,358.178,0.18282
1360,361.45218,0.18282
1361,376.21096,0.18282
1362,400.0,79.540664
1363,400.0,6.3614295
1364,400.0,29.808236
1365,400.0,31.425044
1366,400.0,2.622632
1367,351.80162,0.18282
1368,347.35151,0.18282
1369,347.76066,0.18282
1370,353.50771,0.18282
1371,365.18806,0.18282
1372,376.5172,0.18282
1373,387.92916,0.18282
1374,400.0,130.18064
1375,400.0,110.2859
1376,400.0,125.24836
1377,400.0,123.71765
1378,400.0,109.88085
1379,400.0,136.07076
1380,400.0,165.76151
1381,400.0,104.20439
1382,400.0,80.222824
1383,394.13084,0.18282
1384,400.0,24.634387
1385,400.0,17.3147
1386,400.0,100.4378
1387,400.0,43.059607
1388,400.0,61.977118
1389,400.0,58.343468
1390,400.0,26.383659
1391,380.09772,0.18282
1392,374.16052,0.18282
1393,370.02408,0.18282
1394,370.62467,0.18282
1395,367.9212,0.18282
1396,385.0117,0.18282
1397,399.08945,0.18282
1398,400.0,120.43062
1399,400.0,131.47761
1400,400.0,109.30712
1401,400.0,90.2338
1402,400.0,78.462192
1403,400.0,115.75761
1404,400.0,144.59297
1405,400.0,102.8743
1406,400.0,61.870791
1407,374.28564,0.18282
1408,391.56664,0.18282
1409,400.0,17.756053
1410,400.0,109.37916
1411,400.0,41.153927
1412,400.0,106.28285
1413,400.0,71.208714
1414,400.0,69.649091
1415,390.2782,0.18282
1416,380.74501,0.18282
1417,382.83979,0.18282
1418,368.81718,0.18282
1419,365.05787,0.18282
1420,384.68157,0.18282
1421,400.0,0.44771278
1422,400.0,131.05643
1423,400.0,139.92899
1424,400.0,138.35123
1425,400.0,133.4782
1426,400.0,99.785577
1427,400.0,127.92129
1428,400.0,151.01868
1429,400.0,100.24612
1430,400.0,72.51513
1431,383.33135,0.18282
1432,391.33688,0.18282
1433,400.0,6.0626522
1434,400.0,106.90536
1435,400.0,26.230494
1436,400.0,42.122805
1437,400.0,48.237077
1438,398.35742,0.18282
1439,370.70434,0.18282
1440,362.26781,0.18282
1441,351.80868,0.18282
1442,350.6398,0.18282
1443,354.78387,0.18282
1444,367.01412,0.18282
1445,390.17799,0.18282
1446,400.0,81.216335
1447,400.0,87.897697
1448,400.0,32.324477
1449,400.0,7.2451738
1450,386.86297,0.18282
1451,390.4997,0.18282
1452,400.0,22.195319
1453,367.50476,0.18282
1454,332.15791,0.18282
1455,335.25683,0.18282
1456,365.99893,0.18282
1457,378.35723,0.18282
1458,400.0,63.684436
1459,384.20592,0.18282
1460,400.0,0.9813974
1461,400.0,3.836326
1462,376.60074,0.18282
1463,362.74344,0.18282
1464,358.63336,0.18282
1465,360.36937,0.18282
1466,358.10598,0.18282
1467,359.16105,0.18282
1468,363.84756,0.18282
1469,377.69705,0.18282
1470,400.0,72.159817
1471,400.0,52.502791
1472,400.0,14.940382
1473,389.92249,0.18282
1474,400.0,13.997058
1475,400.0,28.121377
1476,400.0,22.808555
1477,364.70308,0.18282
1478,338.23277,0.18282
1479,360.48331,0.18282
1480,346.35079,0.18282
1481,375.6062,0.18282
1482,400.0,39.016729
1483,363.7622,0.18282
1484,377.212,0.18282
1485,382.80199,0.18282
1486,356.16878,0.18282
1487,350.18795,0.18282
1488,352.07572,0.18282
1489,350.71387,0.18282
1490,351.86372,0.18282
1491,356.28696,0.18282
1492,369.91182,0.18282
1493,374.16026,0.18282
1494,400.0,91.870657
1495,400.0,68.936816
1496,400.0,118.49203
1497,400.0,125.12006
1498,400.0,110.75227
1499,400.0,149.48926
1500,400.0,162.38541
1501,400.0,98.73272
1502,400.0,73.846357
1503,396.29528,0.18282
1504,400.0,17.320693
1505,400.0,50.616821
1506,400.0,129.95441
1507,400.0,40.57004
1508,400.0,63.458463
1509,400.0,70.815625
1510,400.0,26.417814
1511,367.75252,0.18282
1512,359.94906,0.18282
1513,352.77403,0.18282
1514,347.8356,0.18282
1515,345.11218,0.18282
1516,361.49554,0.18282
1517,397.64103,0.18282
1518,400.0,188.50891
1519,400.0,142.70208
1520,400.0,108.90489
1521,400.0,82.051923
1522,400.0,89.041715
1523,400.0,108.35753
1524,400.0,151.12301
1525,400.0,80.889172
1526,400.0,52.825653
1527,359.21556,0.18282
1528,355.75974,0.18282
1529,388.16376,0.18282
1530,400.0,56.730837
1531,400.0,24.073026
1532,400.0,23.45962
1533,400.0,36.902142
1534,379.67081,0.18282
1535,319.45511,0.18282
1536,314.90498,0.18282
1537,312.63774,0.18282
1538,312.27218,0.18282
1539,308.38126,0.18282
1540,325.06608,0.18282
1541,349.64144,0.18282
1542,400.0,111.01829
1543,400.0,72.434027
1544,400.0,59.496981
1545,400.0,35.887521
1546,400.0,30.018661
1547,400.0,61.624621
1548,400.0,95.01969
1549,400.0,52.392001
1550,400.0,13.827912
1551,326.88663,0.18282
1552,338.31184,0.18282
1553,360.34471,0.18282
1554,400.0,53.524504
1555,387.03514,0.18282
1556,400.0,3.1611043
1557,400.0,13.880439
1558,391.0699,0.18282
1559,316.63606,0.18282
1560,306.07791,0.18282
1561,303.05442,0.18282
1562,303.60568,0.18282
1563,307.38041,0.18282
1564,323.49465,0.18282
1565,344.19573,0.18282
1566,400.0,108.1347
1567,400.0,90.493943
1568,400.0,71.742315
1569,400.0,34.661358
1570,400.0,46.838175
1571,400.0,64.636697
1572,400.0,106.88186
1573,400.0,34.23635
1574,400.0,9.9124714
1575,328.64143,0.18282
1576,349.12992,0.18282
1577,379.78709,0.18282
1578,400.0,36.628725
1579,385.18506,0.18282
1580,400.0,17.472999
1581,400.0,13.995663
1582,368.82908,0.18282
1583,305.71579,0.18282
1584,306.75683,0.18282
1585,305.22082,0.18282
1586,302.45249,0.18282
1587,309.08478,0.18282
1588,326.62091,0.18282
1589,343.96878,0.18282
1590,400.0,131.32964
1591,400.0,115.89778
1592,400.0,73.901622
1593,400.0,68.962749
1594,400.0,44.396953
1595,400.0,79.205645
1596,400.0,122.5958
1597,400.0,62.838064
1598,400.0,34.406728
1599,356.15602,0.18282
1600,357.45813,0.18282
1601,374.12183,0.18282
1602,400.0,35.959081
1603,396.90434,0.18282
1604,400.0,3.6652255
1605,400.0,9.5663859
1606,379.0096,0.18282
1607,311.99429,0.18282
1608,308.31194,0.18282
1609,302.01883,0.18282
1610,302.21827,0.18282
1611,303.72834,0.18282
1612,317.77369,0.18282
1613,340.21097,0.18282
1614,400.0,102.37723
1615,400.0,81.69946
1616,376.11868,0.18282
1617,352.85741,0.18282
1618,338.89665,0.18282
1619,376.23718,0.18282
1620,400.0,10.375477
1621,351.76068,0.18282
1622,334.58017,0.18282
1623,334.93973,0.18282
1624,332.56605,0.18282
1625,374.7602,0.18282
1626,400.0,35.192269
1627,362.98943,0.18282
1628,380.04332,0.18282
1629,371.16677,0.18282
1630,330.73298,0.18282
1631,302.71946,0.18282
1632,299.74781,0.18282
1633,296.9526,0.18282
1634,297.84213,0.18282
1635,301.98414,0.18282
1636,307.57013,0.18282
1637,316.61002,0.18282
1638,400.0,19.538023
1639,400.0,7.1029184
1640,391.75061,0.18282
1641,396.72203,0.18282
1642,400.0,10.038077
1643,400.0,45.392278
1644,400.0,64.330701
1645,387.47023,0.18282
1646,366.33887,0.18282
1647,386.61494,0.18282
1648,377.8419,0.18282
1649,381.36381,0.18282
1650,400.0,33.966386
1651,369.15882,0.18282
1652,374.32562,0.18282
1653,362.25753,0.18282
1654,352.7809,0.18282
1655,348.84305,0.18282
1656,336.31842,0.18282
1657,320.82968,0.18282
1658,317.78838,0.18282
1659,317.49305,0.18282
1660,330.11864,0.18282
1661,333.75962,0.18282
1662,400.0,47.968091
1663,400.0,34.475904
1664,400.0,83.397709
1665,400.0,98.677786
1666,400.0,97.092345
1667,400.0,149.32306
1668,400.0,155.30876
1669,400.0,85.2753
1670,400.0,55.692039
1671,363.24098,0.18282
1672,368.88135,0.18282
1673,377.2867,0.18282
1674,400.0,66.089698
1675,400.0,5.7430655
1676,400.0,16.898926
1677,400.0,16.441154
1678,368.16598,0.18282
1679,299.86387,0.18282
1680,292.08164,0.18282
1681,287.03754,0.18282
1682,286.7931,0.18282
1683,290.0926,0.18282
1684,306.53058,0.18282
1685,326.19158,0.18282
1686,400.0,110.74568
1687,400.0,75.929766
1688,400.0,53.511703
1689,400.0,41.040257
1690,400.0,32.49229
1691,400.0,82.279273
1692,400.0,102.55945
1693,400.0,49.629329
1694,400.0,13.923585
1695,325.85996,0.18282
1696,334.90964,0.18282
1697,332.32488,0.18282
1698,400.0,19.888392
1699,363.71707,0.18282
1700,381.63145,0.18282
1701,391.73048,0.18282
1702,356.82762,0.18282
1703,290.6855,0.18282
1704,278.02828,0.18282
1705,277.17358,0.18282
1706,277.20824,0.18282
1707,277.57446,0.18282
1708,291.29621,0.18282
1709,309.45344,0.18282
1710,400.0,83.725534
1711,400.0,41.842406
1712,400.0,33.855692
1713,400.0,26.814011
1714,400.0,24.285967
1715,400.0,64.958738
1716,400.0,100.25271
1717,400.0,37.00434
1718,400.0,13.46945
1719,353.90564,0.18282
1720,333.22647,0.18282
1721,346.72007,0.18282
1722,400.0,46.640327
1723,392.29944,0.18282
1724,400.0,8.4634287
1725,400.0,17.45044
1726,362.78501,0.18282
1727,309.51624,0.18282
1728,295.28512,0.18282
1729,295.43496,0.18282
1730,299.43672,0.18282
1731,300.21499,0.18282
1732,316.29198,0.18282
1733,333.57102,0.18282
1734,400.0,106.62559
1735,400.0,66.746346
1736,400.0,47.414435
1737,400.0,40.571261
1738,400.0,42.117312
1739,400.0,59.228823
1740,400.0,93.534107
1741,400.0,28.151873
1742,400.0,1.6921
1743,326.99178,0.18282
1744,332.38947,0.18282
1745,354.26328,0.18282
1746,400.0,47.917124
1747,372.52983,0.18282
1748,400.0,3.8893239
1749,400.0,12.810661
1750,398.35224,0.18282
1751,330.46178,0.18282
1752,328.9932,0.18282
1753,328.66877,0.18282
1754,329.42429,0.18282
1755,334.86077,0.18282
1756,349.50035,0.18282
1757,376.71887,0.18282
1758,400.0,159.58993
1759,400.0,136.50336
1760,400.0,80.180093
1761,400.0,59.570454
1762,400.0,43.093566
1763,400.0,68.960644
1764,400.0,102.23542
1765,400.0,52.33798
1766,400.0,35.476643
1767,360.268,0.18282
1768,359.51035,0.18282
1769,377.72218,0.18282
1770,400.0,58.782823
1771,400.0,5.6990209
1772,400.0,50.579256
1773,400.0,36.337375
1774,388.30437,0.18282
1775,340.87567,0.18282
1776,336.16161,0.18282
1777,335.52904,0.18282
1778,339.80412,0.18282
1779,345.74908,0.18282
1780,359.72875,0.18282
1781,389.90768,0.18282
1782,400.0,132.40699
1783,400.0,109.05743
1784,383.72184,0.18282
1785,372.12403,0.18282
1786,351.42078,0.18282
1787,373.68839,0.18282
1788,400.0,26.961951
1789,360.53925,0.18282
1790,338.34427,0.18282
1791,340.75623,0.18282
1792,356.02848,0.18282
1793,357.36891,0.18282
1794,400.0,46.162177
1795,390.64387,0.18282
1796,391.59348,0.18282
1797,381.75076,0.18282
1798,378.35957,0.18282
1799,342.33868,0.18282
1800,334.26691,0.18282
1801,334.79898,0.18282
1802,331.78334,0.18282
1803,335.70739,0.18282
1804,339.35992,0.18282
1805,349.95257,0.18282
1806,400.0,37.114833
1807,400.0,35.779746
1808,390.51686,0.18282
1809,400.0,19.274311
1810,369.03828,0.18282
1811,398.76541,0.18282
1812,400.0,15.808996
1813,350.08563,0.18282
1814,310.92411,0.18282
1815,327.15655,0.18282
1816,325.09359,0.18282
1817,334.89643,0.18282
1818,400.0,22.860238
1819,344.22322,0.18282
1820,367.72368,0.18282
1821,363.01157,0.18282
1822,333.33054,0.18282
1823,335.59163,0.18282
1824,324.60185,0.18282
1825,321.61123,0.18282
1826,317.68878,0.18282
1827,320.1162,0.18282
1828,338.08238,0.18282
1829,346.19249,0.18282
1830,400.0,57.777708
1831,400.0,47.039625
1832,400.0,87.75161
1833,400.0,103.21172
1834,400.0,102.0159
1835,400.0,106.25586
1836,400.0,104.4315
1837,400.0,68.347114
1838,400.0,26.266898
1839,338.19624,0.18282
1840,367.30689,0.18282
1841,359.59337,0.18282
1842,400.0,56.119851
1843,400.0,1.1013697
1844,390.36878,0.18282
1845,393.7488,0.18282
1846,340.83884,0.18282
1847,309.72097,0.18282
1848,298.64327,0.18282
1849,294.71842,0.18282
1850,299.52696,0.18282
1851,299.4124,0.18282
1852,316.64974,0.18282
1853,334.55398,0.18282
1854,400.0,126.3171
1855,400.0,79.154648
1856,400.0,53.755518
1857,400.0,34.518438
1858,400.0,21.513663
1859,400.0,55.078582
1860,400.0,91.327325
1861,400.0,28.919341
1862,400.0,12.792738
1863,324.65996,0.18282
1864,330.08977,0.18282
1865,350.5722,0.18282
1866,400.0,29.914775
1867,377.71061,0.18282
1868,388.25666,0.18282
1869,400.0,8.4238591
1870,354.082,0.18282
1871,304.46859,0.18282
1872,289.76282,0.18282
1873,286.66815,0.18282
1874,285.19984,0.18282
1875,284.35906,0.18282
1876,303.49044,0.18282
1877,321.39126,0.18282
1878,400.0,104.33298
1879,400.0,50.634703
1880,400.0,18.568108
1881,400.0,5.0259971
1882,400.0,1.3640788
1883,400.0,33.573933
1884,400.0,61.029073
1885,400.0,12.003992
1886,384.22978,0.18282
1887,294.18176,0.18282
1888,300.60578,0.18282
1889,338.94537,0.18282
1890,400.0,15.799023
1891,371.64042,0.18282
1892,383.40024,0.18282
1893,400.0,0.66406639
1894,376.1238,0.18282
1895,316.03747,0.18282
1896,310.46351,0.18282
1897,306.14572,0.18282
1898,303.95424,0.18282
1899,303.02032,0.18282
1900,316.72149,0.18282
1901,339.80691,0.18282
1902,400.0,92.508096
1903,400.0,67.83836
1904,400.0,45.57265
1905,400.0,27.657629
1906,391.40164,0.18282
1907,400.0,24.581573
1908,400.0,50.956598
1909,379.22638,0.18282
1910,358.64853,0.18282
1911,275.69982,0.18282
1912,279.88921,0.18282
1913,301.14574,0.18282
1914,400.0,17.199842
1915,358.37863,0.18282
1916,364.63409,0.18282
1917,382.33361,0.18282
1918,345.68192,0.18282
1919,281.68095,0.18282
1920,283.15369,0.18282
1921,280.90371,0.18282
1922,280.88899,0.18282
1923,281.34977,0.18282
1924,297.08487,0.18282
1925,317.52882,0.18282
1926,400.0,94.472778
1927,400.0,58.432478
1928,400.0,46.243741
1929,400.0,11.060046
1930,390.25813,0.18282
1931,400.0,23.804178
1932,400.0,67.761236
1933,387.13179,0.18282
1934,364.91116,0.18282
1935,273.90879,0.18282
1936,273.61869,0.18282
1937,305.75725,0.18282
1938,359.15579,0.18282
1939,311.00728,0.18282
1940,349.33621,0.18282
1941,351.08113,0.18282
1942,314.07311,0.18282
1943,267.46957,0.18282
1944,266.95483,0.18282
1945,259.58665,0.18282
1946,264.01604,0.18282
1947,270.86565,0.18282
1948,298.89752,0.18282
1949,327.42563,0.18282
1950,400.0,86.454358
1951,400.0,4.001244
1952,328.73923,0.18282
1953,286.6447,0.18282
1954,272.06264,0.18282
1955,299.31144,0.18282
1956,333.22989,0.18282
1957,285.82126,0.18282
1958,256.98552,0.18282
1959,256.16157,0.18282
1960,271.07589,0.18282
1961,299.12977,0.18282
1962,368.42594,0.18282
1963,311.669,0.18282
1964,321.51926,0.18282
1965,329.20982,0.18282
1966,302.679,0.18282
1967,280.27634,0.18282
1968,268.98159,0.18282
1969,270.35481,0.18282
1970,269.88366,0.18282
1971,270.61989,0.18282
1972,275.05164,0.18282
1973,281.98868,0.18282
1974,374.69701,0.18282
1975,372.03808,0.18282
1976,321.93213,0.18282
1977,305.58851,0.18282
1978,321.76461,0.18282
1979,347.40066,0.18282
1980,378.59148,0.18282
1981,297.46811,0.18282
1982,252.18439,0.18282
1983,252.26434,0.18282
1984,271.21745,0.18282
1985,283.65272,0.18282
1986,395.75031,0.18282
1987,294.20083,0.18282
1988,292.03704,0.18282
1989,288.74182,0.18282
1990,261.23586,0.18282
1991,252.23894,0.18282
1992,250.03826,0.18282
1993,247.54356,0.18282
1994,248.36717,0.18282
1995,257.68027,0.18282
1996,264.20739,0.18282
1997,274.86082,0.18282
1998,388.70007,0.18282
1999,368.39219,0.18282
2000,400.0,44.9801
2001,400.0,24.000155
2002,400.0,12.264623
2003,400.0,29.717514
2004,400.0,42.813108
2005,400.0,9.7611516
2006,357.24133,0.18282
2007,260.36645,0.18282
2008,289.99836,0.18282
2009,328.9107,0.18282
2010,391.42515,0.18282
2011,332.75115,0.18282
2012,316.40903,0.18282
2013,313.48255,0.18282
2014,294.16895,0.18282
2015,244.08771,0.18282
2016,246.10395,0.18282
2017,244.82278,0.18282
2018,245.27669,0.18282
2019,250.86442,0.18282
2020,282.12517,0.18282
2021,350.64452,0.18282
2022,400.0,61.133622
2023,378.49557,0.18282
2024,400.0,3.8041982
2025,393.7907,0.18282
2026,388.24216,0.18282
2027,400.0,22.947377
2028,400.0,72.245458
2029,397.42311,0.18282
2030,365.69404,0.18282
2031,280.88506,0.18282
2032,290.74178,0.18282
2033,313.14523,0.18282
2034,399.25953,0.18282
2035,341.42889,0.18282
2036,359.42011,0.18282
2037,352.97558,0.18282
2038,324.83375,0.18282
2039,274.87975,0.18282
2040,284.43657,0.18282
2041,283.81354,0.18282
2042,289.03434,0.18282
2043,292.06529,0.18282
2044,324.58377,0.18282
2045,390.7652,0.18282
2046,400.0,58.883265
2047,395.96899,0.18282
2048,400.0,1.8412764
2049,384.01669,0.18282
2050,369.88805,0.18282
2051,398.72317,0.18282
2052,400.0,39.963817
2053,395.86146,0.18282
2054,344.78122,0.18282
2055,269.17118,0.18282
2056,292.98915,0.18282
2057,315.58088,0.18282
2058,400.0,1.280324
2059,337.29555,0.18282
2060,347.36751,0.18282
2061,346.67248,0.18282
2062,324.91196,0.18282
2063,276.47985,0.18282
2064,276.68961,0.18282
2065,278.46099,0.18282
2066,281.98372,0.18282
2067,285.15247,0.18282
2068,322.64667,0.18282
2069,381.44159,0.18282
2070,400.0,77.514243
2071,400.0,1.2694077
2072,400.0,13.485571
2073,380.38072,0.18282
2074,376.23231,0.18282
2075,400.0,1.1185128
2076,400.0,33.754451
2077,384.72053,0.18282
2078,357.61377,0.18282
2079,272.76186,0.18282
2080,286.41124,0.18282
2081,291.43796,0.18282
2082,400.0,4.4566596
2083,332.01595,0.18282
2084,355.32226,0.18282
2085,348.65209,0.18282
2086,310.76703,0.18282
2087,274.16196,0.18282
2088,284.73506,0.18282
2089,283.5113,0.18282
2090,286.93683,0.18282
2091,291.81377,0.18282
2092,335.77445,0.18282
2093,364.73214,0.18282
2094,400.0,102.05619
2095,400.0,28.374359
2096,400.0,28.141061
2097,400.0,17.471551
2098,400.0,29.085656
2099,400.0,36.18794
2100,400.0,65.176493
2101,400.0,32.28404
2102,385.39779,0.18282
2103,293.79363,0.18282
2104,319.34134,0.18282
2105,314.6951,0.18282
2106,400.0,3.1552244
2107,331.6945,0.18282
2108,347.11527,0.18282
2109,363.05893,0.18282
2110,324.22791,0.18282
2111,280.9027,0.18282
2112,275.02678,0.18282
2113,277.36397,0.18282
2114,277.89056,0.18282
2115,276.38168,0.18282
2116,299.004,0.18282
2117,316.07184,0.18282
2118,399.77157,0.18282
2119,389.06753,0.18282
2120,329.81117,0.18282
2121,334.48383,0.18282
2122,305.39715,0.18282
2123,332.74647,0.18282
2124,386.80498,0.18282
2125,320.98764,0.18282
2126,278.06929,0.18282
2127,267.30399,0.18282
2128,278.7326,0.18282
2129,282.16426,0.18282
2130,359.44065,0.18282
2131,292.19318,0.18282
2132,324.01863,0.18282
2133,324.09941,0.18282
2134,298.81098,0.18282
2135,277.51527,0.18282
2136,280.97842,0.18282
2137,278.51776,0.18282
2138,278.04676,0.18282
2139,279.69061,0.18282
2140,284.06194,0.18282
2141,295.7891,0.18282
2142,391.55144,0.18282
2143,376.61745,0.18282
2144,321.11866,0.18282
2145,325.68963,0.18282
2146,319.31146,0.18282
2147,329.7957,0.18282
2148,353.31143,0.18282
2149,317.05236,0.18282
2150,267.46166,0.18282
2151,278.38314,0.18282
2152,267.36623,0.18282
2153,280.35858,0.18282
2154,351.16026,0.18282
2155,307.80828,0.18282
2156,323.03463,0.18282
2157,333.7187,0.18282
2158,288.32787,0.18282
2159,292.37881,0.18282
2160,287.18574,0.18282
2161,284.97654,0.18282
2162,277.84408,0.18282
2163,280.09961,0.18282
2164,304.02678,0.18282
2165,310.1522,0.18282
2166,400.0,18.573357
2167,399.06793,0.18282
2168,400.0,42.57191
2169,400.0,36.675586
2170,400.0,21.14443
2171,400.0,69.963937
2172,400.0,80.771958
2173,400.0,26.802201
2174,391.63773,0.18282
2175,316.92268,0.18282
2176,320.53167,0.18282
2177,340.09955,0.18282
2178,396.60892,0.18282
2179,322.3169,0.18282
2180,343.30488,0.18282
2181,357.32,0.18282
2182,324.21446,0.18282
2183,282.9332,0.18282
2184,273.42712,0.18282
2185,269.81742,0.18282
2186,270.07201,0.18282
2187,273.85403,0.18282
2188,290.18564,0.18282
2189,294.7244,0.18282
2190,400.0,3.5997748
2191,376.71063,0.18282
2192,400.0,3.8732211
2193,400.0,17.95967
2194,400.0,4.5945115
2195,400.0,47.158443
2196,400.0,67.702631
2197,400.0,18.224537
2198,370.75007,0.18282
2199,289.44653,0.18282
2200,287.87016,0.18282
2201,314.77634,0.18282
2202,379.44557,0.18282
2203,318.80818,0.18282
2204,331.05792,0.18282
2205,333.96576,0.18282
2206,309.242,0.18282
2207,270.85903,0.18282
2208,274.19934,0.18282
2209,278.16771,0.18282
2210,279.70476,0.18282
2211,284.11569,0.18282
2212,312.17846,0.18282
2213,340.62367,0.18282
2214,400.0,54.161038
2215,380.09063,0.18282
2216,388.93899,0.18282
2217,369.11058,0.18282
2218,370.9425,0.18282
2219,386.32155,0.18282
2220,400.0,20.37921
2221,365.3721,0.18282
2222,325.18387,0.18282
2223,242.98239,0.18282
2224,259.0113,0.18282
2225,270.01895,0.18282
2226,363.01456,0.18282
2227,314.24472,0.18282
2228,335.57347,0.18282
2229,334.45736,0.18282
2230,282.74581,0.18282
2231,250.086,0.18282
2232,251.89539,0.18282
2233,242.26266,0.18282
2234,242.21019,0.18282
2235,245.85667,0.18282
2236,271.25225,0.18282
2237,310.25091,0.18282
2238,400.0,20.435244
2239,355.58312,0.18282
2240,365.08928,0.18282
2241,381.36748,0.18282
2242,369.99053,0.18282
2243,395.54132,0.18282
2244,400.0,35.679606
2245,384.83249,0.18282
2246,353.48347,0.18282
2247,298.16976,0.18282
2248,297.02089,0.18282
2249,299.72498,0.18282
2250,351.93277,0.18282
2251,294.39281,0.18282
2252,322.14133,0.18282
2253,325.85555,0.18282
2254,278.45615,0.18282
2255,240.07325,0.18282
2256,237.09932,0.18282
2257,235.27745,0.18282
2258,234.12767,0.18282
2259,244.91388,0.18282
2260,282.04688,0.18282
2261,329.19035,0.18282
2262,400.0,18.866272
2263,365.43338,0.18282
2264,396.78022,0.18282
2265,400.0,8.667413
2266,400.0,0.5626301
2267,400.0,28.299359
2268,400.0,60.29195
2269,399.35338,0.18282
2270,363.14027,0.18282
2271,273.81695,0.18282
2272,299.39697,0.18282
2273,305.86458,0.18282
2274,360.68213,0.18282
2275,319.22292,0.18282
2276,340.51112,0.18282
2277,339.27211,0.18282
2278,283.21793,0.18282
2279,251.60919,0.18282
2280,247.0358,0.18282
2281,248.81784,0.18282
2282,247.83967,0.18282
2283,261.90027,0.18282
2284,292.02662,0.18282
2285,337.31283,0.18282
2286,400.0,34.506312
2287,365.65587,0.18282
2288,328.42306,0.18282
2289,315.51404,0.18282
2290,311.40848,0.18282
2291,331.15258,0.18282
2292,347.36646,0.18282
2293,301.58736,0.18282
2294,272.47561,0.18282
2295,281.19056,0.18282
2296,301.19786,0.18282
2297,285.25554,0.18282
2298,368.92192,0.18282
2299,294.3007,0.18282
2300,322.02807,0.18282
2301,330.61877,0.18282
2302,293.44083,0.18282
2303,272.07886,0.18282
2304,269.21417,0.18282
2305,269.75512,0.18282
2306,268.55945,0.18282
2307,271.68136,0.18282
2308,273.98206,0.18282
2309,286.09636,0.18282
2310,368.69605,0.18282
2311,347.18726,0.18282
2312,320.34747,0.18282
2313,331.81159,0.18282
2314,310.6143,0.18282
2315,320.11398,0.18282
2316,326.21174,0.18282
2317,263.65729,0.18282
2318,244.93098,0.18282
2319,251.94552,0.18282
2320,256.02963,0.18282
2321,257.25046,0.18282
2322,340.11382,0.18282
2323,270.94853,0.18282
2324,302.59133,0.18282
2325,292.23528,0.18282
2326,254.94934,0.18282
2327,249.42082,0.18282
2328,250.06041,0.18282
2329,253.57563,0.18282
2330,251.39963,0.18282
2331,255.98633,0.18282
2332,279.42695,0.18282
2333,288.40438,0.18282
2334,395.23371,0.18282
2335,369.20496,0.18282
2336,400.0,32.124275
2337,400.0,2.9812571
2338,398.04119,0.18282
2339,400.0,14.83801
2340,400.0,38.283992
2341,370.60796,0.18282
2342,360.12746,0.18282
2343,299.11441,0.18282
2344,296.1132,0.18282
2345,316.90465,0.18282
2346,400.0,3.328346
2347,331.41103,0.18282
2348,348.75234,0.18282
2349,343.0008,0.18282
2350,291.47949,0.18282
2351,251.79191,0.18282
2352,245.97949,0.18282
2353,248.27329,0.18282
2354,252.17362,0.18282
2355,257.18272,0.18282
2356,288.74658,0.18282
2357,350.91641,0.18282
2358,400.0,63.070393
2359,364.50553,0.18282
2360,374.63426,0.18282
2361,362.96629,0.18282
2362,371.86249,0.18282
2363,389.51978,0.18282
2364,400.0,25.459934
2365,379.36011,0.18282
2366,351.9066,0.18282
2367,277.21832,0.18282
2368,286.76357,0.18282
2369,306.83967,0.18282
2370,391.53361,0.18282
2371,318.93951,0.18282
2372,367.40759,0.18282
2373,330.78955,0.18282
2374,296.76847,0.18282
2375,252.73046,0.18282
2376,252.60769,0.18282
2377,248.91939,0.18282
2378,248.54586,0.18282
2379,253.2985,0.18282
2380,282.39986,0.18282
2381,357.00816,0.18282
2382,400.0,30.957636
2383,344.11262,0.18282
2384,364.28714,0.18282
2385,351.15096,0.18282
2386,345.23493,0.18282
2387,378.25913,0.18282
2388,400.0,10.184858
2389,354.66045,0.18282
2390,335.76654,0.18282
2391,243.25936,0.18282
2392,259.51314,0.18282
2393,274.11477,0.18282
2394,379.28017,0.18282
2395,317.18915,0.18282
2396,351.11487,0.18282
2397,329.45447,0.18282
2398,294.65746,0.18282
2399,253.64899,0.18282
2400,257.61042,0.18282
2401,259.84714,0.18282
2402,270.24713,0.18282
2403,273.38512,0.18282
2404,301.6537,0.18282
2405,373.18585,0.18282
2406,400.0,45.433618
2407,358.30858,0.18282
2408,367.412,0.18282
2409,343.91796,0.18282
2410,327.1704,0.18282
2411,362.24022,0.18282
2412,400.0,8.3890865
2413,345.07088,0.18282
2414,320.47006,0.18282
2415,239.21151,0.18282
2416,265.35159,0.18282
2417,284.12976,0.18282
2418,384.30801,0.18282
2419,315.76978,0.18282
2420,336.69141,0.18282
2421,330.80355,0.18282
2422,300.63316,0.18282
2423,261.50079,0.18282
2424,263.46742,0.18282
2425,266.49443,0.18282
2426,266.651,0.18282
2427,273.02223,0.18282
2428,308.06861,0.18282
2429,371.95385,0.18282
2430,400.0,60.274484
2431,383.11041,0.18282
2432,400.0,3.3728447
2433,372.38482,0.18282
2434,367.09308,0.18282
2435,396.31256,0.18282
2436,400.0,35.19651
2437,383.81615,0.18282
2438,351.56568,0.18282
2439,270.92711,0.18282
2440,286.8291,0.18282
2441,309.67657,0.18282
2442,370.3725,0.18282
2443,318.40766,0.18282
2444,339.19692,0.18282
2445,322.36196,0.18282
2446,297.45899,0.18282
2447,257.32921,0.18282
2448,258.05791,0.18282
2449,264.8577,0.18282
2450,266.11111,0.18282
2451,272.41445,0.18282
2452,313.36485,0.18282
2453,363.08381,0.18282
2454,400.0,41.763495
2455,354.44059,0.18282
2456,278.01394,0.18282
2457,257.97364,0.18282
2458,238.99422,0.18282
2459,274.86944,0.18282
2460,310.28032,0.18282
2461,252.61074,0.18282
2462,225.98117,0.18282
2463,239.81392,0.18282
2464,253.68062,0.18282
2465,265.65037,0.18282
2466,352.36991,0.18282
2467,283.53772,0.18282
2468,314.02897,0.18282
2469,305.9251,0.18282
2470,274.60771,0.18282
2471,265.53046,0.18282
2472,257.30045,0.18282
2473,255.74788,0.18282
2474,258.02135,0.18282
2475,261.79201,0.18282
2476,266.30106,0.18282
2477,274.66563,0.18282
2478,360.41003,0.18282
2479,343.8855,0.18282
2480,281.58611,0.18282
2481,297.75125,0.18282
2482,269.6771,0.18282
2483,293.47965,0.18282
2484,306.89581,0.18282
2485,236.50979,0.18282
2486,212.82407,0.18282
2487,241.62982,0.18282
2488,244.99323,0.18282
2489,262.64352,0.18282
2490,337.17248,0.18282
2491,258.13157,0.18282
2492,287.07123,0.18282
2493,280.58901,0.18282
2494,253.4156,0.18282
2495,251.32648,0.18282
2496,248.26158,0.18282
2497,247.05801,0.18282
2498,243.64106,0.18282
2499,249.32927,0.18282
2500,262.21452,0.18282
2501,269.19219,0.18282
2502,376.19881,0.18282
2503,366.10886,0.18282
2504,400.0,18.049514
2505,400.0,13.308786
2506,385.09825,0.18282
2507,384.54307,0.18282
2508,400.0,38.317628
2509,380.86788,0.18282
2510,370.47512,0.18282
2511,262.08429,0.18282
2512,272.17843,0.18282
2513,284.50817,0.18282
2514,383.03783,0.18282
2515,303.48508,0.18282
2516,320.99524,0.18282
2517,316.71738,0.18282
2518,280.5382,0.18282
2519,238.69587,0.18282
2520,232.8784,0.18282
2521,233.03502,0.18282
2522,232.79194,0.18282
2523,233.78754,0.18282
2524,263.0021,0.18282
2525,328.33855,0.18282
2526,400.0,20.68397
2527,333.02316,0.18282
2528,355.80407,0.18282
2529,349.29695,0.18282
2530,348.00014,0.18282
2531,367.17609,0.18282
2532,400.0,2.7379945
2533,340.9737,0.18282
2534,311.16089,0.18282
2535,217.59946,0.18282
2536,252.65486,0.18282
2537,256.20539,0.18282
2538,321.4061,0.18282
2539,277.89428,0.18282
2540,330.6398,0.18282
2541,313.64327,0.18282
2542,281.26852,0.18282
2543,237.62331,0.18282
2544,237.65753,0.18282
2545,237.72064,0.18282
2546,242.33914,0.18282
2547,245.62852,0.18282
2548,272.76793,0.18282
2549,343.88472,0.18282
2550,400.0,20.204602
2551,320.77405,0.18282
2552,338.36835,0.18282
2553,327.95195,0.18282
2554,321.62483,0.18282
2555,353.38833,0.18282
2556,374.8189,0.18282
2557,334.39532,0.18282
2558,292.65199,0.18282
2559,208.30137,0.18282
2560,222.79972,0.18282
2561,260.77497,0.18282
2562,328.33152,0.18282
2563,276.33199,0.18282
2564,301.79422,0.18282
2565,287.54735,0.18282
2566,251.33676,0.18282
2567,216.06259,0.18282
2568,216.88497,0.18282
2569,219.20788,0.18282
2570,223.51369,0.18282
2571,227.21744,0.18282
2572,259.40324,0.18282
2573,309.23146,0.18282
2574,389.19886,0.18282
2575,309.67729,0.18282
2576,327.07002,0.18282
2577,317.56208,0.18282
2578,306.52712,0.18282
2579,336.96985,0.18282
2580,377.91212,0.18282
2581,308.42744,0.18282
2582,296.06712,0.18282
2583,199.41812,0.18282
2584,221.29123,0.18282
2585,221.93766,0.18282
2586,305.87108,0.18282
2587,271.93107,0.18282
2588,303.06402,0.18282
2589,287.51616,0.18282
2590,255.78591,0.18282
2591,217.69963,0.18282
2592,218.21836,0.18282
2593,222.12967,0.18282
2594,226.86387,0.18282
2595,228.0863,0.18282
2596,264.60125,0.18282
2597,324.52912,0.18282
2598,400.0,16.724871
2599,338.06848,0.18282
2600,338.00054,0.18282
2601,322.85995,0.18282
2602,307.76215,0.18282
2603,342.01867,0.18282
2604,376.39719,0.18282
2605,325.13401,0.18282
2606,305.65427,0.18282
2607,208.55925,0.18282
2608,228.20512,0.18282
2609,237.75501,0.18282
2610,317.57298,0.18282
2611,276.19296,0.18282
2612,335.05336,0.18282
2613,310.51185,0.18282
2614,270.48697,0.18282
2615,225.23055,0.18282
2616,230.52856,0.18282
2617,230.61773,0.18282
2618,229.9656,0.18282
2619,228.66246,0.18282
2620,264.85353,0.18282
2621,315.73558,0.18282
2622,371.85225,0.18282
2623,296.16304,0.18282
2624,219.73508,0.18282
2625,204.50493,0.18282
2626,197.6778,0.18282
2627,230.54209,0.18282
2628,275.09057,0.18282
2629,223.86343,0.18282
2630,188.75796,0.18282
2631,187.79315,0.18282
2632,221.68576,0.18282
2633,214.99077,0.18282
2634,280.31695,0.18282
2635,228.17315,0.18282
2636,247.64177,0.18282
2637,241.01765,0.18282
2638,200.2645,0.18282
2639,177.69284,0.18282
2640,176.74191,0.18282
2641,207.50297,0.18282
2642,204.4094,0.18282
2643,224.51678,0.18282
2644,229.11741,0.18282
2645,241.00508,0.18282
2646,312.85424,0.18282
2647,312.90288,0.18282
2648,236.86149,0.18282
2649,255.44644,0.18282
2650,229.26909,0.18282
2651,270.00762,0.18282
2652,294.98242,0.18282
2653,222.19811,0.18282
2654,198.11979,0.18282
2655,191.3139,0.18282
2656,199.88927,0.18282
2657,206.00376,0.18282
2658,277.10119,0.18282
2659,242.02651,0.18282
2660,254.07395,0.18282
2661,260.52848,0.18282
2662,230.39542,0.18282
2663,219.72763,0.18282
2664,215.28372,0.18282
2665,217.91004,0.18282
2666,223.72769,0.18282
2667,227.46095,0.18282
2668,248.21691,0.18282
2669,265.44646,0.18282
2670,371.04675,0.18282
2671,350.27584,0.18282
2672,400.0,3.1830731
2673,400.0,24.285336
2674,400.0,2.8481292
2675,400.0,19.09052
2676,400.0,55.468266
2677,368.04843,0.18282
2678,348.87761,0.18282
2679,272.01376,0.18282
2680,274.20716,0.18282
2681,308.00764,0.18282
2682,360.98251,0.18282
2683,301.45784,0.18282
2684,320.37595,0.18282
2685,320.24096,0.18282
2686,273.85221,0.18282
2687,238.92623,0.18282
2688,233.14689,0.18282
2689,237.66444,0.18282
2690,239.51471,0.18282
2691,242.88109,0.18282
2692,274.33074,0.18282
2693,342.28633,0.18282
2694,400.0,17.715139
2695,333.79608,0.18282
2696,349.79946,0.18282
2697,342.72302,0.18282
2698,340.48175,0.18282
2699,380.16673,0.18282
2700,400.0,15.32851
2701,372.19589,0.18282
2702,350.10042,0.18282
2703,269.85018,0.18282
2704,280.32217,0.18282
2705,275.04206,0.18282
2706,340.29985,0.18282
2707,303.09576,0.18282
2708,312.60177,0.18282
2709,301.50315,0.18282
2710,269.27914,0.18282
2711,230.87955,0.18282
2712,223.38805,0.18282
2713,222.4494,0.18282
2714,220.33601,0.18282
2715,223.69162,0.18282
2716,247.08197,0.18282
2717,290.36366,0.18282
2718,391.58732,0.18282
2719,307.74988,0.18282
2720,340.97369,0.18282
2721,344.79068,0.18282
2722,324.65154,0.18282
2723,355.37511,0.18282
2724,400.0,12.348804
2725,342.00534,0.18282
2726,303.76142,0.18282
2727,226.39435,0.18282
2728,245.62973,0.18282
2729,266.5381,0.18282
2730,350.29518,0.18282
2731,323.15095,0.18282
2732,309.13614,0.18282
2733,299.50738,0.18282
2734,255.57218,0.18282
2735,220.06481,0.18282
2736,220.64911,0.18282
2737,221.41175,0.18282
2738,221.84822,0.18282
2739,221.93476,0.18282
2740,261.15877,0.18282
2741,315.36727,0.18282
2742,398.44866,0.18282
2743,325.96086,0.18282
2744,341.91555,0.18282
2745,339.19909,0.18282
2746,337.40157,0.18282
2747,358.32874,0.18282
2748,400.0,2.4501992
2749,338.63824,0.18282
2750,320.98938,0.18282
2751,232.8662,0.18282
2752,239.09717,0.18282
2753,243.45261,0.18282
2754,336.43393,0.18282
2755,292.24206,0.18282
2756,321.09155,0.18282
2757,309.36171,0.18282
2758,264.21637,0.18282
2759,231.67904,0.18282
2760,223.28361,0.18282
2761,230.00722,0.18282
2762,232.77975,0.18282
2763,237.08043,0.18282
2764,269.17185,0.18282
2765,333.18826,0.18282
2766,400.0,34.695706
2767,342.40899,0.18282
2768,361.36834,0.18282
2769,355.8291,0.18282
2770,344.40457,0.18282
2771,387.56138,0.18282
2772,400.0,16.223882
2773,355.09317,0.18282
2774,329.54768,0.18282
2775,243.29118,0.18282
2776,274.35246,0.18282
2777,288.02456,0.18282
2778,364.12095,0.18282
2779,290.17494,0.18282
2780,346.84476,0.18282
2781,325.21943,0.18282
2782,277.27781,0.18282
2783,237.6848,0.18282
2784,237.42347,0.18282
2785,238.78736,0.18282
2786,239.30881,0.18282
2787,242.58717,0.18282
2788,275.50889,0.18282
2789,321.83322,0.18282
2790,394.79706,0.18282
2791,329.96003,0.18282
2792,249.9556,0.18282
2793,247.32962,0.18282
2794,232.18709,0.18282
2795,283.91921,0.18282
2796,319.17223,0.18282
2797,262.609,0.18282
2798,236.1954,0.18282
2799,233.38012,0.18282
2800,234.519,0.18282
2801,255.20346,0.18282
2802,330.24939,0.18282
2803,269.8298,0.18282
2804,322.66115,0.18282
2805,297.6538,0.18282
2806,268.82834,0.18282
2807,244.86661,0.18282
2808,243.49007,0.18282
2809,243.91893,0.18282
2810,244.8913,0.18282
2811,250.91895,0.18282
2812,259.80849,0.18282
2813,262.44778,0.18282
2814,347.71031,0.18282
2815,321.45369,0.18282
2816,290.95296,0.18282
2817,272.10752,0.18282
2818,255.5703,0.18282
2819,273.3842,0.18282
2820,300.63589,0.18282
2821,222.99148,0.18282
2822,200.12312,0.18282
2823,220.7116,0.18282
2824,232.77113,0.18282
2825,245.96289,0.18282
2826,323.82703,0.18282
2827,232.72292,0.18282
2828,274.49343,0.18282
2829,266.17115,0.18282
2830,243.46223,0.18282
2831,240.15817,0.18282
2832,244.58608,0.18282
2833,236.09837,0.18282
2834,237.04805,0.18282
2835,235.63389,0.18282
2836,257.04564,0.18282
2837,266.09555,0.18282
2838,400.0,27.518151
2839,400.0,10.392221
2840,400.0,2.7391082
2841,385.88342,0.18282
2842,383.7797,0.18282
2843,400.0,20.067334
2844,400.0,83.653646
2845,400.0,37.711864
2846,332.71401,0.18282
2847,265.19846,0.18282
2848,264.10677,0.18282
2849,259.22949,0.18282
2850,338.8485,0.18282
2851,283.33452,0.18282
2852,355.80491,0.18282
2853,355.6405,0.18282
2854,277.48396,0.18282
2855,228.30637,0.18282
2856,231.13841,0.18282
2857,229.6138,0.18282
2858,229.44296,0.18282
2859,233.59147,0.18282
2860,264.7992,0.18282
2861,278.72679,0.18282
2862,400.0,2.1245103
2863,364.86493,0.18282
2864,369.62083,0.18282
2865,339.06333,0.18282
2866,330.84109,0.18282
2867,367.2695,0.18282
2868,400.0,48.06114
2869,381.19638,0.18282
2870,324.26433,0.18282
2871,247.78298,0.18282
2872,253.73436,0.18282
2873,238.09652,0.18282
2874,314.12154,0.18282
2875,255.74458,0.18282
2876,303.77305,0.18282
2877,300.37161,0.18282
2878,249.59641,0.18282
2879,218.18002,0.18282
2880,218.95868,0.18282
2881,222.79058,0.18282
2882,224.72961,0.18282
2883,225.81569,0.18282
2884,237.54274,0.18282
2885,235.1749,0.18282
2886,362.18067,0.18282
2887,345.9823,0.18282
2888,360.44477,0.18282
2889,385.83328,0.18282
2890,361.85764,0.18282
2891,385.0549,0.18282
2892,400.0,31.976022
2893,380.04435,0.18282
2894,327.49836,0.18282
2895,244.48217,0.18282
2896,260.25806,0.18282
2897,261.59848,0.18282
2898,345.44087,0.18282
2899,305.89417,0.18282
2900,329.79304,0.18282
2901,326.03833,0.18282
2902,254.52979,0.18282
2903,216.4116,0.18282
2904,212.65437,0.18282
2905,214.79189,0.18282
2906,212.50238,0.18282
2907,210.75067,0.18282
2908,249.33983,0.18282
2909,301.60209,0.18282
2910,385.02772,0.18282
2911,327.17944,0.18282
2912,319.62831,0.18282
2913,308.42045,0.18282
2914,305.59456,0.18282
2915,358.72976,0.18282
2916,400.0,9.9367629
2917,361.93523,0.18282
2918,295.13916,0.18282
2919,219.14969,0.18282
2920,227.7987,0.18282
2921,241.98897,0.18282
2922,320.37547,0.18282
2923,260.94447,0.18282
2924,322.97154,0.18282
2925,326.0152,0.18282
2926,254.15003,0.18282
2927,223.45615,0.18282
2928,222.47958,0.18282
2929,222.80561,0.18282
2930,227.19925,0.18282
2931,231.93039,0.18282
2932,257.87129,0.18282
2933,314.79865,0.18282
2934,400.0,24.600009
2935,351.38104,0.18282
2936,342.95505,0.18282
2937,333.68125,0.18282
2938,337.62661,0.18282
2939,386.45138,0.18282
2940,400.0,56.413377
2941,399.76476,0.18282
2942,359.14091,0.18282
2943,268.29406,0.18282
2944,286.65057,0.18282
2945,300.93287,0.18282
2946,356.61523,0.18282
2947,281.6582,0.18282
2948,363.11723,0.18282
2949,354.58349,0.18282
2950,273.32307,0.18282
2951,238.35532,0.18282
2952,235.10179,0.18282
2953,232.26508,0.18282
2954,232.73778,0.18282
2955,243.25848,0.18282
2956,272.97691,0.18282
2957,321.89294,0.18282
2958,400.0,19.698973
2959,348.05891,0.18282
2960,258.14403,0.18282
2961,241.86812,0.18282
2962,224.55312,0.18282
2963,258.62002,0.18282
2964,320.97287,0.18282
2965,263.66772,0.18282
2966,208.43409,0.18282
2967,208.80106,0.18282
2968,214.09635,0.18282
2969,230.33764,0.18282
2970,300.90586,0.18282
2971,237.74271,0.18282
2972,310.67054,0.18282
2973,313.10586,0.18282
2974,237.23702,0.18282
2975,231.1099,0.18282
2976,224.62201,0.18282
2977,221.71435,0.18282
2978,226.90889,0.18282
2979,228.2518,0.18282
2980,236.20344,0.18282
2981,249.62996,0.18282
2982,369.09915,0.18282
2983,342.67416,0.18282
2984,271.53553,0.18282
2985,250.08933,0.18282
2986,231.90264,0.18282
2987,247.90105,0.18282
2988,316.22521,0.18282
2989,265.94204,0.18282
2990,207.71573,0.18282
2991,199.729,0.18282
2992,212.48463,0.18282
2993,213.08689,0.18282
2994,270.01395,0.18282
2995,197.89963,0.18282
2996,290.91355,0.18282
2997,276.17541,0.18282
2998,214.15334,0.18282
2999,219.60775,0.18282
3000,208.23903,0.18282
3001,208.42641,0.18282
3002,209.8238,0.18282
3003,206.44271,0.18282
3004,225.68716,0.18282
3005,236.02029,0.18282
3006,364.21515,0.18282
3007,344.6269,0.18282
3008,369.47668,0.18282
3009,353.58862,0.18282
3010,356.49558,0.18282
3011,395.1833,0.18282
3012,400.0,30.137348
3013,382.87461,0.18282
3014,315.97201,0.18282
3015,243.54323,0.18282
3016,261.76653,0.18282
3017,239.25202,0.18282
3018,304.45007,0.18282
3019,248.15165,0.18282
3020,289.85652,0.18282
3021,290.51928,0.18282
3022,231.73313,0.18282
3023,183.53373,0.18282
3024,182.20594,0.18282
3025,188.60128,0.18282
3026,193.02646,0.18282
3027,198.87532,0.18282
3028,236.67386,0.18282
3029,279.80174,0.18282
3030,380.50876,0.18282
3031,331.41119,0.18282
3032,307.47766,0.18282
3033,323.2982,0.18282
3034,315.06924,0.18282
3035,348.26283,0.18282
3036,400.0,2.7606762
3037,346.50488,0.18282
3038,296.41542,0.18282
3039,205.75348,0.18282
3040,213.47958,0.18282
3041,223.00489,0.18282
3042,304.41256,0.18282
3043,225.0928,0.18282
3044,291.61652,0.18282
3045,283.65571,0.18282
3046,231.02698,0.18282
3047,196.92759,0.18282
3048,192.01184,0.18282
3049,194.52314,0.18282
3050,199.35062,0.18282
3051,198.67699,0.18282
3052,228.31662,0.18282
3053,262.89397,0.18282
3054,372.83584,0.18282
3055,291.96309,0.18282
3056,296.00468,0.18282
3057,282.07347,0.18282
3058,288.70867,0.18282
3059,321.70188,0.18282
3060,386.08281,0.18282
3061,330.73773,0.18282
3062,277.11923,0.18282
3063,206.67757,0.18282
3064,204.30805,0.18282
3065,238.91298,0.18282
3066,295.65318,0.18282
3067,233.8971,0.18282
3068,291.58873,0.18282
3069,304.72277,0.18282
3070,239.29094,0.18282
3071,204.45646,0.18282
3072,204.57599,0.18282
3073,206.9434,0.18282
3074,208.46185,0.18282
3075,209.59242,0.18282
3076,233.4258,0.18282
3077,290.95256,0.18282
3078,366.17279,0.18282
3079,299.08231,0.18282
3080,283.94899,0.18282
3081,278.71725,0.18282
3082,279.13063,0.18282
3083,319.68759,0.18282
3084,388.84699,0.18282
3085,334.19302,0.18282
3086,299.17668,0.18282
3087,206.92653,0.18282
3088,212.33838,0.18282
3089,221.87208,0.18282
3090,300.52535,0.18282
3091,234.24507,0.18282
3092,290.59227,0.18282
3093,291.22118,0.18282
3094,239.55033,0.18282
3095,203.78598,0.18282
3096,203.94745,0.18282
3097,202.00705,0.18282
3098,201.06617,0.18282
3099,201.496,0.18282
3100,217.61595,0.18282
3101,225.47943,0.18282
3102,348.62758,0.18282
3103,337.46007,0.18282
3104,337.28114,0.18282
3105,333.98153,0.18282
3106,304.29518,0.18282
3107,367.04843,0.18282
3108,400.0,22.226201
3109,339.95099,0.18282
3110,300.26224,0.18282
3111,203.94634,0.18282
3112,205.06472,0.18282
3113,216.50968,0.18282
3114,283.6896,0.18282
3115,212.44158,0.18282
3116,275.27593,0.18282
3117,268.65684,0.18282
3118,228.86611,0.18282
3119,180.3341,0.18282
3120,178.85786,0.18282
3121,177.42132,0.18282
3122,179.57933,0.18282
3123,182.90213,0.18282
3124,208.48725,0.18282
3125,204.92885,0.18282
3126,306.06462,0.18282
3127,278.88095,0.18282
3128,212.22373,0.18282
3129,218.33115,0.18282
3130,202.88466,0.18282
3131,232.30503,0.18282
3132,290.05199,0.18282
3133,236.70456,0.18282
3134,177.90147,0.18282
3135,184.53839,0.18282
3136,204.39831,0.18282
3137,205.18665,0.18282
3138,258.45599,0.18282
3139,201.21624,0.18282
3140,267.79583,0.18282
3141,248.79897,0.18282
3142,193.89856,0.18282
3143,186.39808,0.18282
3144,182.60421,0.18282
3145,184.02912,0.18282
3146,189.59676,0.18282
3147,189.70417,0.18282
3148,188.09184,0.18282
3149,181.36948,0.18282
3150,293.28258,0.18282
3151,295.14317,0.18282
3152,214.07876,0.18282
3153,188.64714,0.18282
3154,197.99553,0.18282
3155,231.95282,0.18282
3156,279.27377,0.18282
3157,229.06041,0.18282
3158,175.51024,0.18282
3159,182.87487,0.18282
3160,180.40832,0.18282
3161,181.26197,0.18282
3162,249.05897,0.18282
3163,173.50329,0.18282
3164,234.09587,0.18282
3165,230.22797,0.18282
3166,181.30794,0.18282
3167,181.79974,0.18282
3168,182.06636,0.18282
3169,177.82065,0.18282
3170,179.05782,0.18282
3171,180.99002,0.18282
3172,196.68088,0.18282
3173,206.90015,0.18282
3174,329.19215,0.18282
3175,292.15099,0.18282
3176,317.09982,0.18282
3177,321.32001,0.18282
3178,307.45393,0.18282
3179,327.67976,0.18282
3180,397.71725,0.18282
3181,346.07483,0.18282
3182,287.94623,0.18282
3183,190.6871,0.18282
3184,207.88706,0.18282
3185,218.61671,0.18282
3186,294.50181,0.18282
3187,224.44001,0.18282
3188,277.511,0.18282
3189,279.64604,0.18282
3190,216.5336,0.18282
3191,172.80267,0.18282
3192,168.74578,0.18282
3193,172.18732,0.18282
3194,175.18876,0.18282
3195,180.17307,0.18282
3196,202.47615,0.18282
3197,247.35919,0.18282
3198,370.33393,0.18282
3199,293.46789,0.18282
3200,296.44551,0.18282
3201,284.67087,0.18282
3202,291.74179,0.18282
3203,328.35123,0.18282
3204,388.15952,0.18282
3205,334.27675,0.18282
3206,285.33109,0.18282
3207,194.17655,0.18282
3208,205.48676,0.18282
3209,210.03917,0.18282
3210,308.44014,0.18282
3211,216.90474,0.18282
3212,295.20393,0.18282
3213,260.73435,0.18282
3214,214.56108,0.18282
3215,175.63053,0.18282
3216,173.20024,0.18282
3217,176.529,0.18282
3218,178.19199,0.18282
3219,181.6134,0.18282
3220,206.5351,0.18282
3221,246.53986,0.18282
3222,337.04867,0.18282
3223,279.76262,0.18282
3224,286.39187,0.18282
3225,294.42795,0.18282
3226,282.81644,0.18282
3227,324.84973,0.18282
3228,400.0,13.309333
3229,326.68535,0.18282
3230,276.27206,0.18282
3231,191.49895,0.18282
3232,189.02858,0.18282
3233,213.3897,0.18282
3234,301.06242,0.18282
3235,229.30589,0.18282
3236,264.47957,0.18282
3237,258.48796,0.18282
3238,203.98868,0.18282
3239,177.10906,0.18282
3240,168.55798,0.18282
3241,171.53376,0.18282
3242,173.78844,0.18282
3243,175.78854,0.18282
3244,197.8681,0.18282
3245,243.24158,0.18282
3246,345.016,0.18282
3247,282.91357,0.18282
3248,289.83615,0.18282
3249,279.70266,0.18282
3250,285.4398,0.18282
3251,316.36282,0.18282
3252,393.9646,0.18282
3253,322.09141,0.18282
3254,276.89978,0.18282
3255,195.13935,0.18282
3256,204.83814,0.18282
3257,223.62547,0.18282
3258,286.39406,0.18282
3259,222.74052,0.18282
3260,275.03553,0.18282
3261,256.68626,0.18282
3262,207.25833,0.18282
3263,164.76831,0.18282
3264,159.42425,0.18282
3265,167.08221,0.18282
3266,172.6129,0.18282
3267,177.5485,0.18282
3268,205.55926,0.18282
3269,256.77968,0.18282
3270,380.21501,0.18282
3271,318.00097,0.18282
3272,312.03072,0.18282
3273,314.97185,0.18282
3274,305.16819,0.18282
3275,354.43264,0.18282
3276,400.0,29.277198
3277,358.66803,0.18282
3278,297.30746,0.18282
3279,214.97025,0.18282
3280,224.4886,0.18282
3281,225.86961,0.18282
3282,320.91777,0.18282
3283,240.69577,0.18282
3284,288.9264,0.18282
3285,305.35922,0.18282
3286,227.51886,0.18282
3287,190.33295,0.18282
3288,185.20303,0.18282
3289,185.68958,0.18282
3290,188.10161,0.18282
3291,190.71821,0.18282
3292,214.6288,0.18282
3293,259.11717,0.18282
3294,357.60278,0.18282
3295,297.05901,0.18282
3296,211.08618,0.18282
3297,196.30237,0.18282
3298,193.56013,0.18282
3299,225.59752,0.18282
3300,311.85093,0.18282
3301,236.89852,0.18282
3302,191.90221,0.18282
3303,199.38717,0.18282
3304,192.07183,0.18282
3305,195.49391,0.18282
3306,256.15762,0.18282
3307,193.94791,0.18282
3308,257.85932,0.18282
3309,272.25256,0.18282
3310,210.78245,0.18282
3311,180.63087,0.18282
3312,177.7084,0.18282
3313,179.26125,0.18282
3314,183.9162,0.18282
3315,188.57611,0.18282
3316,192.2002,0.18282
3317,196.34254,0.18282
3318,302.96371,0.18282
3319,288.41369,0.18282
3320,207.99658,0.18282
3321,213.82051,0.18282
3322,201.25869,0.18282
3323,230.99893,0.18282
3324,283.49415,0.18282
3325,242.02958,0.18282
3326,175.48982,0.18282
3327,165.23746,0.18282
3328,168.18036,0.18282
3329,176.4529,0.18282
3330,224.35619,0.18282
3331,162.77413,0.18282
3332,215.54604,0.18282
3333,228.44705,0.18282
3334,170.87775,0.18282
3335,168.03247,0.18282
3336,162.39509,0.18282
3337,162.46375,0.18282
3338,164.89604,0.18282
3339,172.40214,0.18282
3340,178.41671,0.18282
3341,182.078,0.18282
3342,307.99956,0.18282
3343,288.59822,0.18282
3344,306.72857,0.18282
3345,306.20516,0.18282
3346,314.48602,0.18282
3347,347.43482,0.18282
3348,391.41513,0.18282
3349,345.20186,0.18282
3350,294.50567,0.18282
3351,199.60285,0.18282
3352,212.31191,0.18282
3353,211.07585,0.18282
3354,289.28089,0.18282
3355,223.74194,0.18282
3356,251.13565,0.18282
3357,247.34485,0.18282
3358,197.01326,0.18282
3359,175.23292,0.18282
3360,168.17183,0.18282
3361,169.92854,0.18282
3362,172.98239,0.18282
3363,171.41356,0.18282
3364,201.94731,0.18282
3365,244.08362,0.18282
3366,369.67071,0.18282
3367,285.73738,0.18282
3368,288.00446,0.18282
3369,288.35776,0.18282
3370,286.55016,0.18282
3371,330.87947,0.18282
3372,391.9261,0.18282
3373,334.23904,0.18282
3374,281.46992,0.18282
3375,195.98379,0.18282
3376,205.28925,0.18282
3377,229.98268,0.18282
3378,284.42123,0.18282
3379,208.90304,0.18282
3380,261.7828,0.18282
3381,277.12924,0.18282
3382,200.52521,0.18282
3383,172.09607,0.18282
3384,167.85847,0.18282
3385,171.39634,0.18282
3386,173.11824,0.18282
3387,174.11787,0.18282
3388,195.69883,0.18282
3389,233.30169,0.18282
3390,339.33197,0.18282
3391,273.86079,0.18282
3392,277.4311,0.18282
3393,277.59418,0.18282
3394,269.28849,0.18282
3395,312.07657,0.18282
3396,374.06856,0.18282
3397,321.64831,0.18282
3398,270.12487,0.18282
3399,182.64716,0.18282
3400,194.03347,0.18282
3401,223.18592,0.18282
3402,311.82826,0.18282
3403,210.12646,0.18282
3404,260.85062,0.18282
3405,265.62214,0.18282
3406,207.25961,0.18282
3407,174.87611,0.18282
3408,171.22009,0.18282
3409,173.38637,0.18282
3410,177.14019,0.18282
3411,179.60622,0.18282
3412,196.7494,0.18282
3413,232.54562,0.18282
3414,338.97205,0.18282
3415,284.28838,0.18282
3416,281.09613,0.18282
3417,288.15257,0.18282
3418,275.07735,0.18282
3419,307.12161,0.18282
3420,377.23171,0.18282
3421,325.78305,0.18282
3422,273.09494,0.18282
3423,186.36658,0.18282
3424,198.74654,0.18282
3425,205.7628,0.18282
3426,283.86516,0.18282
3427,207.39514,0.18282
3428,264.83306,0.18282
3429,286.19208,0.18282
3430,210.29375,0.18282
3431,175.12106,0.18282
3432,178.50132,0.18282
3433,178.81241,0.18282
3434,180.26051,0.18282
3435,182.56562,0.18282
3436,220.64264,0.18282
3437,259.62968,0.18282
3438,382.33966,0.18282
3439,322.20627,0.18282
3440,309.40406,0.18282
3441,295.54701,0.18282
3442,293.6941,0.18282
3443,329.34939,0.18282
3444,389.67347,0.18282
3445,352.28056,0.18282
3446,282.95021,0.18282
3447,200.54962,0.18282
3448,203.94221,0.18282
3449,217.19919,0.18282
3450,301.85269,0.18282
3451,215.33097,0.18282
3452,263.60444,0.18282
3453,266.4594,0.18282
3454,213.8848,0.18282
3455,171.31977,0.18282
3456,177.90213,0.18282
3457,172.65524,0.18282
3458,175.02599,0.18282
3459,178.0318,0.18282
3460,202.28427,0.18282
3461,246.07135,0.18282
3462,331.28695,0.18282
3463,266.51609,0.18282
3464,182.92529,0.18282
3465,185.55326,0.18282
3466,172.81241,0.18282
3467,218.4119,0.18282
3468,297.49262,0.18282
3469,237.64007,0.18282
3470,169.93931,0.18282
3471,170.59642,0.18282
3472,177.67828,0.18282
3473,175.67737,0.18282
3474,239.18923,0.18282
3475,175.12491,0.18282
3476,226.23829,0.18282
3477,259.37862,0.18282
3478,188.36811,0.18282
3479,166.99375,0.18282
3480,167.49673,0.18282
3481,167.08293,0.18282
3482,166.68026,0.18282
3483,169.11241,0.18282
3484,173.51002,0.18282
3485,178.23559,0.18282
3486,288.4235,0.18282
3487,269.17084,0.18282
3488,191.02553,0.18282
3489,196.6988,0.18282
3490,198.30466,0.18282
3491,226.08278,0.18282
3492,289.75701,0.18282
3493,240.071,0.18282
3494,180.07596,0.18282
3495,178.82709,0.18282
3496,175.23655,0.18282
3497,172.71878,0.18282
3498,235.35928,0.18282
3499,177.26759,0.18282
3500,215.46197,0.18282
3501,216.31001,0.18282
3502,167.35775,0.18282
3503,171.24044,0.18282
3504,168.34752,0.18282
3505,166.91489,0.18282
3506,164.98326,0.18282
3507,170.72404,0.18282
3508,187.43351,0.18282
3509,193.03595,0.18282
3510,326.14059,0.18282
3511,301.69765,0.18282
3512,338.48614,0.18282
3513,331.35865,0.18282
3514,334.84747,0.18282
3515,361.60538,0.18282
3516,400.0,12.08367
3517,362.46221,0.18282
3518,302.9837,0.18282
3519,221.73548,0.18282
3520,216.45589,0.18282
3521,222.47506,0.18282
3522,293.9293,0.18282
3523,232.29815,0.18282
3524,279.89769,0.18282
3525,301.78767,0.18282
3526,220.03084,0.18282
3527,180.87915,0.18282
3528,180.17675,0.18282
3529,181.34239,0.18282
3530,184.2731,0.18282
3531,188.91374,0.18282
3532,215.70881,0.18282
3533,268.84222,0.18282
3534,377.89029,0.18282
3535,303.47271,0.18282
3536,295.75702,0.18282
3537,292.55806,0.18282
3538,294.17523,0.18282
3539,326.87825,0.18282
3540,400.0,0.46413203
3541,344.36218,0.18282
3542,283.82022,0.18282
3543,194.75403,0.18282
3544,205.68735,0.18282
3545,218.66523,0.18282
3546,281.59745,0.18282
3547,220.5594,0.18282
3548,265.31942,0.18282
3549,270.83419,0.18282
3550,212.75005,0.18282
3551,167.69436,0.18282
3552,170.81876,0.18282
3553,173.95402,0.18282
3554,172.93232,0.18282
3555,170.56364,0.18282
3556,201.31964,0.18282
3557,230.49008,0.18282
3558,331.91422,0.18282
3559,266.21131,0.18282
3560,270.29933,0.18282
3561,272.4287,0.18282
3562,271.75536,0.18282
3563,309.25408,0.18282
3564,377.81292,0.18282
3565,321.56903,0.18282
3566,265.39806,0.18282
3567,184.20874,0.18282
3568,195.19701,0.18282
3569,194.4139,0.18282
3570,267.08591,0.18282
3571,196.72655,0.18282
3572,247.71615,0.18282
3573,251.74954,0.18282
3574,194.89685,0.18282
3575,148.70422,0.18282
3576,147.82905,0.18282
3577,147.35052,0.18282
3578,148.21094,0.18282
3579,147.22936,0.18282
3580,165.8517,0.18282
3581,208.62173,0.18282
3582,337.80476,0.18282
3583,273.84137,0.18282
3584,273.87744,0.18282
3585,269.29305,0.18282
3586,277.40822,0.18282
3587,313.38325,0.18282
3588,372.63944,0.18282
3589,321.78512,0.18282
3590,272.98012,0.18282
3591,186.26946,0.18282
3592,208.83718,0.18282
3593,198.59255,0.18282
3594,277.02735,0.18282
3595,218.12791,0.18282
3596,254.26775,0.18282
3597,246.3176,0.18282
3598,202.41172,0.18282
3599,159.05654,0.18282
3600,162.20046,0.18282
3601,164.53059,0.18282
3602,165.38012,0.18282
3603,174.44721,0.18282
3604,209.01791,0.18282
3605,229.00501,0.18282
3606,355.83775,0.18282
3607,287.36748,0.18282
3608,295.83276,0.18282
3609,288.62098,0.18282
3610,289.57157,0.18282
3611,321.81003,0.18282
3612,385.99039,0.18282
3613,335.47502,0.18282
3614,282.5377,0.18282
3615,198.10345,0.18282
3616,198.08572,0.18282
3617,219.48639,0.18282
3618,285.04366,0.18282
3619,227.32259,0.18282
3620,265.448,0.18282
3621,275.59278,0.18282
3622,210.95217,0.18282
3623,179.51181,0.18282
3624,181.54303,0.18282
3625,183.39375,0.18282
3626,185.20845,0.18282
3627,185.64887,0.18282
3628,212.22139,0.18282
3629,239.01463,0.18282
3630,326.56639,0.18282
3631,271.79638,0.18282
3632,198.91392,0.18282
3633,196.81789,0.18282
3634,182.12579,0.18282
3635,222.74508,0.18282
3636,290.9359,0.18282
3637,241.45104,0.18282
3638,185.43926,0.18282
3639,188.00863,0.18282
3640,185.86507,0.18282
3641,174.49404,0.18282
3642,263.53097,0.18282
3643,178.52612,0.18282
3644,242.44535,0.18282
3645,230.55258,0.18282
3646,177.66604,0.18282
3647,151.67767,0.18282
3648,151.41805,0.18282
3649,149.52655,0.18282
3650,152.91413,0.18282
3651,153.634,0.18282
3652,149.44904,0.18282
3653,160.94869,0.18282
3654,274.82897,0.18282
3655,266.99682,0.18282
3656,211.71795,0.18282
3657,182.11757,0.18282
3658,192.43984,0.18282
3659,211.45544,0.18282
3660,290.10422,0.18282
3661,225.07397,0.18282
3662,164.0247,0.18282
3663,185.70168,0.18282
3664,175.54598,0.18282
3665,180.81652,0.18282
3666,238.98919,0.18282
3667,167.97257,0.18282
3668,216.20909,0.18282
3669,216.59647,0.18282
3670,158.08204,0.18282
3671,153.6625,0.18282
3672,148.93909,0.18282
3673,159.47428,0.18282
3674,165.3999,0.18282
3675,164.18145,0.18282
3676,173.84077,0.18282
3677,173.46724,0.18282
3678,306.273,0.18282
3679,302.78981,0.18282
3680,305.35971,0.18282
3681,338.46335,0.18282
3682,314.77136,0.18282
3683,341.14816,0.18282
3684,400.0,8.9546277
3685,349.66069,0.18282
3686,291.37404,0.18282
3687,203.36024,0.18282
3688,217.32136,0.18282
3689,226.93021,0.18282
3690,293.50295,0.18282
3691,230.10323,0.18282
3692,266.06378,0.18282
3693,279.62858,0.18282
3694,192.36567,0.18282
3695,151.89006,0.18282
3696,149.51653,0.18282
3697,150.43943,0.18282
3698,151.39656,0.18282
3699,153.20433,0.18282
3700,173.31506,0.18282
3701,225.02057,0.18282
3702,339.74053,0.18282
3703,296.43294,0.18282
3704,289.43484,0.18282
3705,285.26402,0.18282
3706,310.34071,0.18282
3707,327.86745,0.18282
3708,390.73466,0.18282
3709,331.0241,0.18282
3710,282.76939,0.18282
3711,197.64837,0.18282
3712,204.29737,0.18282
3713,211.66582,0.18282
3714,277.34506,0.18282
3715,214.56867,0.18282
3716,265.24809,0.18282
3717,261.84046,0.18282
3718,198.06325,0.18282
3719,157.15386,0.18282
3720,158.7999,0.18282
3721,161.70804,0.18282
3722,167.63982,0.18282
3723,167.98039,0.18282
3724,192.27279,0.18282
3725,237.51581,0.18282
3726,351.40437,0.18282
3727,298.57799,0.18282
3728,295.39569,0.18282
3729,288.99172,0.18282
3730,286.79508,0.18282
3731,317.31675,0.18282
3732,383.71829,0.18282
3733,321.33925,0.18282
3734,279.33546,0.18282
3735,182.003,0.18282
3736,205.46403,0.18282
3737,208.75615,0.18282
3738,267.8238,0.18282
3739,217.08933,0.18282
3740,267.21986,0.18282
3741,272.48835,0.18282
3742,208.29652,0.18282
3743,175.07809,0.18282
3744,176.68103,0.18282
3745,177.63513,0.18282
3746,172.41513,0.18282
3747,162.45917,0.18282
3748,180.27405,0.18282
3749,177.23586,0.18282
3750,308.68238,0.18282
3751,283.86652,0.18282
3752,301.20201,0.18282
3753,313.4675,0.18282
3754,314.40048,0.18282
3755,329.42472,0.18282
3756,399.47282,0.18282
3757,332.29141,0.18282
3758,272.75942,0.18282
3759,205.07379,0.18282
3760,191.44886,0.18282
3761,205.45845,0.18282
3762,293.6448,0.18282
3763,225.34156,0.18282
3764,276.77429,0.18282
3765,272.62671,0.18282
3766,210.01769,0.18282
3767,170.23005,0.18282
3768,167.97007,0.18282
3769,167.3433,0.18282
3770,170.41204,0.18282
3771,171.83316,0.18282
3772,202.30569,0.18282
3773,247.11011,0.18282
3774,353.5325,0.18282
3775,296.4826,0.18282
3776,295.55624,0.18282
3777,291.17045,0.18282
3778,289.67532,0.18282
3779,329.33528,0.18282
3780,396.99385,0.18282
3781,339.29629,0.18282
3782,286.59127,0.18282
3783,203.23387,0.18282
3784,209.90276,0.18282
3785,216.22716,0.18282
3786,269.78782,0.18282
3787,198.79344,0.18282
3788,247.40593,0.18282
3789,257.38168,0.18282
3790,194.26883,0.18282
3791,160.25748,0.18282
3792,160.05861,0.18282
3793,161.1007,0.18282
3794,161.19327,0.18282
3795,155.16196,0.18282
3796,190.25842,0.18282
3797,238.28137,0.18282
3798,330.02398,0.18282
3799,284.97883,0.18282
3800,190.82121,0.18282
3801,176.32453,0.18282
3802,186.08884,0.18282
3803,215.72763,0.18282
3804,288.46708,0.18282
3805,234.51599,0.18282
3806,178.39646,0.18282
3807,176.92363,0.18282
3808,181.17411,0.18282
3809,188.1964,0.18282
3810,259.08418,0.18282
3811,180.53831,0.18282
3812,234.8886,0.18282
3813,245.8716,0.18282
3814,190.96466,0.18282
3815,167.81987,0.18282
3816,162.98669,0.18282
3817,160.34211,0.18282
3818,158.97295,0.18282
3819,160.83149,0.18282
3820,164.12921,0.18282
3821,171.97743,0.18282
3822,274.21759,0.18282
3823,248.56342,0.18282
3824,200.45899,0.18282
3825,208.87174,0.18282
3826,201.98049,0.18282
3827,227.56354,0.18282
3828,281.4161,0.18282
3829,220.51797,0.18282
3830,163.43201,0.18282
3831,166.6545,0.18282
3832,156.88592,0.18282
3833,165.81203,0.18282
3834,220.12519,0.18282
3835,171.74543,0.18282
3836,212.66797,0.18282
3837,207.86556,0.18282
3838,146.47433,0.18282
3839,140.31723,0.18282
3840,145.56881,0.18282
3841,149.45638,0.18282
3842,145.8518,0.18282
3843,144.87157,0.18282
3844,155.08052,0.18282
3845,162.59146,0.18282
3846,302.73949,0.18282
3847,282.59286,0.18282
3848,316.22664,0.18282
3849,316.94859,0.18282
3850,315.45011,0.18282
3851,335.13042,0.18282
3852,397.24439,0.18282
3853,345.83792,0.18282
3854,292.25135,0.18282
3855,198.79414,0.18282
3856,204.97792,0.18282
3857,203.56561,0.18282
3858,279.75376,0.18282
3859,198.85364,0.18282
3860,266.84066,0.18282
3861,255.23784,0.18282
3862,181.91924,0.18282
3863,140.40086,0.18282
3864,149.18377,0.18282
3865,148.94668,0.18282
3866,148.28298,0.18282
3867,150.8428,0.18282
3868,164.78232,0.18282
3869,175.10715,0.18282
3870,307.56505,0.18282
3871,281.40501,0.18282
3872,292.39259,0.18282
3873,293.57454,0.18282
3874,291.10454,0.18282
3875,331.23506,0.18282
3876,395.15791,0.18282
3877,340.99233,0.18282
3878,290.87623,0.18282
3879,201.91769,0.18282
3880,198.83814,0.18282
3881,194.81964,0.18282
3882,259.61799,0.18282
3883,190.95815,0.18282
3884,243.15842,0.18282
3885,241.89398,0.18282
3886,187.90253,0.18282
3887,156.20576,0.18282
3888,140.76633,0.18282
3889,146.05837,0.18282
3890,149.26127,0.18282
3891,151.53436,0.18282
3892,169.51303,0.18282
3893,195.91591,0.18282
3894,314.86319,0.18282
3895,273.55359,0.18282
3896,273.84472,0.18282
3897,286.30577,0.18282
3898,275.47791,0.18282
3899,310.12037,0.18282
3900,373.40825,0.18282
3901,320.84927,0.18282
3902,269.45164,0.18282
3903,192.85489,0.18282
3904,186.08932,0.18282
3905,191.0416,0.18282
3906,265.33952,0.18282
3907,193.12715,0.18282
3908,249.10762,0.18282
3909,242.15132,0.18282
3910,207.32809,0.18282
3911,158.82621,0.18282
3912,162.19605,0.18282
3913,159.26516,0.18282
3914,161.51538,0.18282
3915,162.99721,0.18282
3916,181.4051,0.18282
3917,211.47576,0.18282
3918,340.76088,0.18282
3919,264.76307,0.18282
3920,281.16378,0.18282
3921,271.21264,0.18282
3922,274.89653,0.18282
3923,310.97937,0.18282
3924,369.73223,0.18282
3925,317.2352,0.18282
3926,270.27844,0.18282
3927,186.97314,0.18282
3928,190.66401,0.18282
3929,195.63266,0.18282
3930,253.92612,0.18282
3931,192.77852,0.18282
3932,251.88377,0.18282
3933,266.41599,0.18282
3934,198.37996,0.18282
3935,154.29357,0.18282
3936,152.16325,0.18282
3937,147.46846,0.18282
3938,146.30743,0.18282
3939,149.95898,0.18282
3940,170.29078,0.18282
3941,217.55897,0.18282
3942,339.95086,0.18282
3943,280.73111,0.18282
3944,287.7957,0.18282
3945,290.93682,0.18282
3946,288.01649,0.18282
3947,324.22065,0.18282
3948,388.69567,0.18282
3949,338.54276,0.18282
3950,291.36091,0.18282
3951,212.98393,0.18282
3952,205.67649,0.18282
3953,217.62101,0.18282
3954,268.70218,0.18282
3955,205.49396,0.18282
3956,265.38422,0.18282
3957,262.35611,0.18282
3958,200.68787,0.18282
3959,150.56475,0.18282
3960,146.30209,0.18282
3961,146.0832,0.18282
3962,145.06416,0.18282
3963,147.39811,0.18282
3964,172.95764,0.18282
3965,193.4457,0.18282
3966,325.01175,0.18282
3967,269.478,0.18282
3968,185.31985,0.18282
3969,194.83559,0.18282
3970,200.96181,0.18282
3971,229.41232,0.18282
3972,282.101,0.18282
3973,236.46643,0.18282
3974,188.16053,0.18282
3975,186.59792,0.18282
3976,190.05421,0.18282
3977,186.03747,0.18282
3978,251.69175,0.18282
3979,174.24095,0.18282
3980,230.66854,0.18282
3981,233.25447,0.18282
3982,163.97986,0.18282
3983,146.56036,0.18282
3984,153.65584,0.18282
3985,154.25516,0.18282
3986,152.88363,0.18282
3987,156.04445,0.18282
3988,151.8775,0.18282
3989,159.685,0.18282
3990,279.60389,0.18282
3991,260.51995,0.18282
3992,208.95327,0.18282
3993,201.84981,0.18282
3994,211.26384,0.18282
3995,222.19592,0.18282
3996,288.59841,0.18282
3997,234.33215,0.18282
3998,177.72071,0.18282
3999,204.51129,0.18282
4000,199.04078,0.18282
4001,174.1295,0.18282
4002,232.70519,0.18282
4003,171.83298,0.18282
4004,222.22543,0.18282
4005,214.93219,0.18282
4006,158.37033,0.18282
4007,161.22166,0.18282
4008,170.93904,0.18282
4009,169.7206,0.18282
4010,166.85245,0.18282
4011,162.78478,0.18282
4012,168.20937,0.18282
4013,169.05016,0.18282
4014,306.49106,0.18282
4015,288.83752,0.18282
4016,307.48914,0.18282
4017,306.83994,0.18282
4018,305.93288,0.18282
4019,342.87919,0.18282
4020,400.0,6.2384166
4021,342.90319,0.18282
4022,284.74353,0.18282
4023,218.57156,0.18282
4024,213.76077,0.18282
4025,222.25344,0.18282
4026,275.43321,0.18282
4027,211.29444,0.18282
4028,247.09092,0.18282
4029,255.94883,0.18282
4030,182.9664,0.18282
4031,161.06246,0.18282
4032,155.531,0.18282
4033,154.88905,0.18282
4034,156.48295,0.18282
4035,159.48899,0.18282
4036,189.77853,0.18282
4037,221.5274,0.18282
4038,336.16468,0.18282
4039,288.21868,0.18282
4040,285.81662,0.18282
4041,288.21219,0.18282
4042,291.33257,0.18282
4043,330.64001,0.18282
4044,395.89406,0.18282
4045,332.98382,0.18282
4046,283.83388,0.18282
4047,198.349,0.18282
4048,202.12258,0.18282
4049,212.316,0.18282
4050,275.78976,0.18282
4051,206.28731,0.18282
4052,261.03076,0.18282
4053,246.62419,0.18282
4054,177.70712,0.18282
4055,137.10777,0.18282
4056,135.8602,0.18282
4057,133.38265,0.18282
4058,135.07794,0.18282
4059,134.2983,0.18282
4060,151.95959,0.18282
4061,192.03259,0.18282
4062,317.22524,0.18282
4063,265.58852,0.18282
4064,275.0834,0.18282
4065,273.11781,0.18282
4066,282.07246,0.18282
4067,314.90422,0.18282
4068,379.44959,0.18282
4069,324.32447,0.18282
4070,272.93538,0.18282
4071,183.16679,0.18282
4072,186.34451,0.18282
4073,200.44173,0.18282
4074,284.73169,0.18282
4075,210.13825,0.18282
4076,267.14762,0.18282
4077,251.90452,0.18282
4078,175.78938,0.18282
4079,147.26931,0.18282
4080,152.26479,0.18282
4081,148.29556,0.18282
4082,151.21708,0.18282
4083,151.08103,0.18282
4084,171.33875,0.18282
4085,197.08292,0.18282
4086,314.11102,0.18282
4087,268.17426,0.18282
4088,269.98494,0.18282
4089,274.8219,0.18282
4090,268.18583,0.18282
4091,304.40544,0.18282
4092,373.83735,0.18282
4093,326.02221,0.18282
4094,278.02647,0.18282
4095,201.03027,0.18282
4096,197.6647,0.18282
4097,207.88586,0.18282
4098,292.29357,0.18282
4099,211.48892,0.18282
4100,256.68768,0.18282
4101,262.49698,0.18282
4102,202.77794,0.18282
4103,158.61386,0.18282
4104,152.11633,0.18282
4105,153.77528,0.18282
4106,151.85345,0.18282
4107,146.72319,0.18282
4108,175.68035,0.18282
4109,200.32652,0.18282
4110,343.71315,0.18282
4111,295.94588,0.18282
4112,310.13833,0.18282
4113,303.72646,0.18282
4114,288.87391,0.18282
4115,321.74674,0.18282
4116,394.12298,0.18282
4117,333.40739,0.18282
4118,282.35015,0.18282
4119,198.43956,0.18282
4120,207.7405,0.18282
4121,205.22655,0.18282
4122,270.78474,0.18282
4123,201.94273,0.18282
4124,260.42149,0.18282
4125,257.33306,0.18282
4126,202.59216,0.18282
4127,161.89559,0.18282
4128,168.05568,0.18282
4129,172.06283,0.18282
4130,169.05329,0.18282
4131,170.69341,0.18282
4132,187.79904,0.18282
4133,195.39195,0.18282
4134,320.31055,0.18282
4135,309.7965,0.18282
4136,227.2538,0.18282
4137,231.93702,0.18282
4138,209.22358,0.18282
4139,246.22915,0.18282
4140,295.17923,0.18282
4141,238.15105,0.18282
4142,173.98215,0.18282
4143,173.32685,0.18282
4144,173.12023,0.18282
4145,172.93657,0.18282
4146,227.64885,0.18282
4147,164.61264,0.18282
4148,236.15465,0.18282
4149,238.75711,0.18282
4150,182.25301,0.18282
4151,162.19118,0.18282
4152,159.31596,0.18282
4153,161.34074,0.18282
4154,163.59644,0.18282
4155,165.62741,0.18282
4156,161.7462,0.18282
4157,167.87646,0.18282
4158,280.9835,0.18282
4159,256.7586,0.18282
4160,173.86399,0.18282
4161,176.98775,0.18282
4162,179.51199,0.18282
4163,206.84364,0.18282
4164,280.37053,0.18282
4165,219.87112,0.18282
4166,179.1945,0.18282
4167,170.41655,0.18282
4168,160.9135,0.18282
4169,169.54433,0.18282
4170,217.0585,0.18282
4171,156.38856,0.18282
4172,214.41338,0.18282
4173,228.62968,0.18282
4174,173.93949,0.18282
4175,163.99482,0.18282
4176,168.55988,0.18282
4177,168.37374,0.18282
4178,167.48362,0.18282
4179,171.76895,0.18282
4180,183.96001,0.18282
4181,176.80124,0.18282
4182,303.8938,0.18282
4183,276.99123,0.18282
4184,288.52687,0.18282
4185,297.57596,0.18282
4186,297.83758,0.18282
4187,327.22027,0.18282
4188,391.67395,0.18282
4189,334.83548,0.18282
4190,301.0335,0.18282
4191,203.74848,0.18282
4192,202.25943,0.18282
4193,195.03824,0.18282
4194,265.93308,0.18282
4195,189.54071,0.18282
4196,232.88914,0.18282
4197,248.97273,0.18282
4198,207.847,0.18282
4199,157.98482,0.18282
4200,155.72193,0.18282
4201,150.88728,0.18282
4202,154.13823,0.18282
4203,149.98947,0.18282
4204,173.42106,0.18282
4205,195.90133,0.18282
4206,308.3623,0.18282
4207,261.94256,0.18282
4208,267.88435,0.18282
4209,268.4997,0.18282
4210,265.54375,0.18282
4211,303.33137,0.18282
4212,371.53737,0.18282
4213,319.35535,0.18282
4214,268.0829,0.18282
4215,183.54361,0.18282
4216,180.30452,0.18282
4217,187.50042,0.18282
4218,248.68525,0.18282
4219,183.6251,0.18282
4220,231.60529,0.18282
4221,224.4373,0.18282
4222,173.44802,0.18282
4223,135.53089,0.18282
4224,146.24626,0.18282
4225,135.41923,0.18282
4226,136.49241,0.18282
4227,135.22546,0.18282
4228,146.80716,0.18282
4229,170.86295,0.18282
4230,304.24788,0.18282
4231,258.08294,0.18282
4232,270.77409,0.18282
4233,263.46634,0.18282
4234,273.92431,0.18282
4235,298.98305,0.18282
4236,372.49329,0.18282
4237,312.27597,0.18282
4238,263.37819,0.18282
4239,182.75484,0.18282
4240,203.06213,0.18282
4241,191.10718,0.18282
4242,255.63164,0.18282
4243,183.38726,0.18282
4244,239.74326,0.18282
4245,236.52773,0.18282
4246,196.39308,0.18282
4247,155.92089,0.18282
4248,149.16782,0.18282
4249,145.38554,0.18282
4250,147.06087,0.18282
4251,144.41796,0.18282
4252,160.45811,0.18282
4253,174.5534,0.18282
4254,299.49273,0.18282
4255,277.1182,0.18282
4256,266.96663,0.18282
4257,272.90007,0.18282
4258,266.18128,0.18282
4259,300.35802,0.18282
4260,374.40919,0.18282
4261,313.75766,0.18282
4262,271.05906,0.18282
4263,176.4361,0.18282
4264,186.47863,0.18282
4265,194.91929,0.18282
4266,257.67575,0.18282
4267,179.21479,0.18282
4268,233.46729,0.18282
4269,234.4991,0.18282
4270,182.70646,0.18282
4271,136.22203,0.18282
4272,133.09139,0.18282
4273,130.22156,0.18282
4274,129.75937,0.18282
4275,131.73925,0.18282
4276,152.87841,0.18282
4277,180.24157,0.18282
4278,319.79694,0.18282
4279,290.74325,0.18282
4280,286.3048,0.18282
4281,279.80236,0.18282
4282,283.66256,0.18282
4283,323.91424,0.18282
4284,389.261,0.18282
4285,331.92854,0.18282
4286,284.11287,0.18282
4287,190.91657,0.18282
4288,202.36507,0.18282
4289,210.49499,0.18282
4290,275.3594,0.18282
4291,199.31406,0.18282
4292,255.2568,0.18282
4293,240.70542,0.18282
4294,180.14553,0.18282
4295,149.39872,0.18282
4296,143.36385,0.18282
4297,144.92989,0.18282
4298,149.67798,0.18282
4299,151.34786,0.18282
4300,170.87758,0.18282
4301,198.16404,0.18282
4302,317.11967,0.18282
4303,277.47219,0.18282
4304,185.51589,0.18282
4305,192.39141,0.18282
4306,174.54681,0.18282
4307,215.81862,0.18282
4308,278.85579,0.18282
4309,228.89287,0.18282
4310,178.95569,0.18282
4311,173.57354,0.18282
4312,188.89104,0.18282
4313,178.68478,0.18282
4314,238.38584,0.18282
4315,183.41045,0.18282
4316,223.6291,0.18282
4317,237.28293,0.18282
4318,188.69375,0.18282
4319,163.58852,0.18282
4320,154.27199,0.18282
4321,154.72527,0.18282
4322,159.13212,0.18282
4323,160.09184,0.18282
4324,163.90733,0.18282
4325,167.3626,0.18282
4326,278.59472,0.18282
4327,256.59477,0.18282
4328,188.57541,0.18282
4329,197.46368,0.18282
4330,180.52052,0.18282
4331,212.3162,0.18282
4332,288.9863,0.18282
4333,224.34481,0.18282
4334,165.56996,0.18282
4335,166.39189,0.18282
4336,175.40599,0.18282
4337,179.58938,0.18282
4338,233.51442,0.18282
4339,159.41592,0.18282
4340,217.89916,0.18282
4341,230.75747,0.18282
4342,167.66508,0.18282
4343,165.02476,0.18282
4344,165.94331,0.18282
4345,166.68849,0.18282
4346,167.25882,0.18282
4347,168.809,0.18282
4348,184.30225,0.18282
4349,185.52032,0.18282
4350,310.64553,0.18282
4351,288.28645,0.18282
4352,304.99932,0.18282
4353,305.05432,0.18282
4354,317.80793,0.18282
4355,339.81801,0.18282
4356,400.0,2.568145
4357,350.3279,0.18282
4358,285.352,0.18282
4359,202.44164,0.18282
4360,205.86881,0.18282
4361,203.79685,0.18282
4362,263.2834,0.18282
4363,193.76734,0.18282
4364,245.325,0.18282
4365,238.30645,0.18282
4366,199.03681,0.18282
4367,157.93301,0.18282
4368,157.39553,0.18282
4369,157.57201,0.18282
4370,159.5009,0.18282
4371,159.49098,0.18282
4372,183.99718,0.18282
4373,190.75133,0.18282
4374,336.12851,0.18282
4375,287.51656,0.18282
4376,288.47549,0.18282
4377,289.74759,0.18282
4378,307.73332,0.18282
4379,320.10744,0.18282
4380,387.85266,0.18282
4381,332.90711,0.18282
4382,283.51237,0.18282
4383,188.233,0.18282
4384,192.97344,0.18282
4385,185.88251,0.18282
4386,248.5006,0.18282
4387,181.44181,0.18282
4388,231.23604,0.18282
4389,233.64376,0.18282
4390,168.74729,0.18282
4391,130.85048,0.18282
4392,130.32767,0.18282
4393,148.11944,0.18282
4394,143.13719,0.18282
4395,142.79991,0.18282
4396,168.25091,0.18282
4397,162.20594,0.18282
4398,298.8755,0.18282
4399,261.96792,0.18282
4400,268.94581,0.18282
4401,268.12409,0.18282
4402,277.95862,0.18282
4403,308.849,0.18282
4404,378.54633,0.18282
4405,321.43626,0.18282
4406,272.07269,0.18282
4407,175.06053,0.18282
4408,176.51856,0.18282
4409,178.74104,0.18282
4410,242.49706,0.18282
4411,173.77295,0.18282
4412,224.69227,0.18282
4413,228.08323,0.18282
4414,174.83997,0.18282
4415,130.86331,0.18282
4416,135.47224,0.18282
4417,147.83657,0.18282
4418,131.27228,0.18282
4419,134.97662,0.18282
4420,155.94187,0.18282
4421,171.24947,0.18282
4422,312.58065,0.18282
4423,263.84905,0.18282
4424,273.64304,0.18282
4425,277.58909,0.18282
4426,266.03404,0.18282
4427,304.66004,0.18282
4428,367.38402,0.18282
4429,317.23245,0.18282
4430,258.87215,0.18282
4431,172.42375,0.18282
4432,184.56439,0.18282
4433,181.48764,0.18282
4434,244.77735,0.18282
4435,177.38244,0.18282
4436,239.70908,0.18282
4437,223.73304,0.18282
4438,170.50133,0.18282
4439,143.77996,0.18282
4440,149.87394,0.18282
4441,143.59924,0.18282
4442,138.46669,0.18282
4443,146.46205,0.18282
4444,158.85767,0.18282
4445,172.1388,0.18282
4446,312.78305,0.18282
4447,281.57877,0.18282
4448,287.93936,0.18282
4449,284.73134,0.18282
4450,282.63885,0.18282
4451,322.07722,0.18282
4452,382.56883,0.18282
4453,331.11944,0.18282
4454,273.45488,0.18282
4455,190.37797,0.18282
4456,189.14062,0.18282
4457,201.08698,0.18282
4458,250.20041,0.18282
4459,182.32311,0.18282
4460,233.45103,0.18282
4461,230.87026,0.18282
4462,184.67501,0.18282
4463,137.23077,0.18282
4464,137.83404,0.18282
4465,146.78216,0.18282
4466,147.2968,0.18282
4467,142.27813,0.18282
4468,156.78339,0.18282
4469,168.92848,0.18282
4470,284.38382,0.18282
4471,261.75248,0.18282
4472,175.45362,0.18282
4473,170.88675,0.18282
4474,167.36843,0.18282
4475,211.61915,0.18282
4476,278.71105,0.18282
4477,217.98192,0.18282
4478,168.60339,0.18282
4479,166.16819,0.18282
4480,167.70536,0.18282
4481,163.16706,0.18282
4482,232.61255,0.18282
4483,158.00163,0.18282
4484,214.82049,0.18282
4485,207.50138,0.18282
4486,152.90594,0.18282
4487,141.20164,0.18282
4488,134.58163,0.18282
4489,132.35318,0.18282
4490,130.14389,0.18282
4491,131.15292,0.18282
4492,133.89168,0.18282
4493,147.01588,0.18282
4494,256.10988,0.18282
4495,240.66123,0.18282
4496,163.60617,0.18282
4497,168.78106,0.18282
4498,166.80872,0.18282
4499,206.79443,0.18282
4500,265.00278,0.18282
4501,222.00717,0.18282
4502,158.43909,0.18282
4503,154.34841,0.18282
4504,146.46693,0.18282
4505,153.10134,0.18282
4506,217.13565,0.18282
4507,159.68106,0.18282
4508,216.1851,0.18282
4509,202.27145,0.18282
4510,145.70747,0.18282
4511,144.75419,0.18282
4512,154.43707,0.18282
4513,153.23327,0.18282
4514,146.60609,0.18282
4515,138.90356,0.18282
4516,154.21199,0.18282
4517,158.41404,0.18282
4518,288.63008,0.18282
4519,267.97098,0.18282
4520,288.14612,0.18282
4521,286.60987,0.18282
4522,291.01322,0.18282
4523,325.31202,0.18282
4524,389.64807,0.18282
4525,331.95797,0.18282
4526,273.60457,0.18282
4527,185.17657,0.18282
4528,187.97367,0.18282
4529,191.91849,0.18282
4530,262.63405,0.18282
4531,196.7373,0.18282
4532,239.67453,0.18282
4533,225.00307,0.18282
4534,175.87662,0.18282
4535,139.66731,0.18282
4536,148.67048,0.18282
4537,145.38854,0.18282
4538,143.86462,0.18282
4539,145.41033,0.18282
4540,159.94502,0.18282
4541,161.83422,0.18282
4542,302.0555,0.18282
4543,283.04657,0.18282
4544,286.72821,0.18282
4545,291.24874,0.18282
4546,289.34552,0.18282
4547,323.32309,0.18282
4548,394.2807,0.18282
4549,332.58211,0.18282
4550,276.28636,0.18282
4551,197.58251,0.18282
4552,184.41684,0.18282
4553,189.01984,0.18282
4554,255.82306,0.18282
4555,179.8615,0.18282
4556,235.67042,0.18282
4557,231.18163,0.18282
4558,175.65345,0.18282
4559,144.62714,0.18282
4560,132.9766,0.18282
4561,128.38065,0.18282
4562,127.55228,0.18282
4563,131.87573,0.18282
4564,143.24251,0.18282
4565,153.45743,0.18282
4566,286.15693,0.18282
4567,261.80214,0.18282
4568,275.66247,0.18282
4569,267.37982,0.18282
4570,270.05876,0.18282
4571,306.75088,0.18282
4572,381.97191,0.18282
4573,315.74602,0.18282
4574,265.16342,0.18282
4575,185.95317,0.18282
4576,182.81893,0.18282
4577,183.14357,0.18282
4578,244.13854,0.18282
4579,179.92262,0.18282
4580,231.58637,0.18282
4581,232.01562,0.18282
4582,177.0703,0.18282
4583,135.20655,0.18282
4584,129.49908,0.18282
4585,129.33168,0.18282
4586,137.47106,0.18282
4587,136.46123,0.18282
4588,149.10397,0.18282
4589,153.80303,0.18282
4590,283.02371,0.18282
4591,262.61136,0.18282
4592,264.36044,0.18282
4593,268.07203,0.18282
4594,268.75717,0.18282
4595,300.39968,0.18282
4596,375.57406,0.18282
4597,319.45924,0.18282
4598,263.07226,0.18282
4599,184.32407,0.18282
4600,179.70922,0.18282
4601,171.4508,0.18282
4602,245.36163,0.18282
4603,181.43804,0.18282
4604,223.83727,0.18282
4605,227.90835,0.18282
4606,186.59584,0.18282
4607,138.22546,0.18282
4608,145.95121,0.18282
4609,141.7366,0.18282
4610,142.91867,0.18282
4611,143.56354,0.18282
4612,159.52662,0.18282
4613,158.56365,0.18282
4614,304.00973,0.18282
4615,274.1374,0.18282
4616,277.54323,0.18282
4617,279.62735,0.18282
4618,276.35058,0.18282
4619,312.40072,0.18282
4620,378.04131,0.18282
4621,328.00616,0.18282
4622,272.22866,0.18282
4623,182.69541,0.18282
4624,183.34273,0.18282
4625,181.29494,0.18282
4626,250.12518,0.18282
4627,181.7034,0.18282
4628,232.6023,0.18282
4629,228.75452,0.18282
4630,175.51566,0.18282
4631,135.56402,0.18282
4632,131.22888,0.18282
4633,133.75985,0.18282
4634,140.40807,0.18282
4635,139.18604,0.18282
4636,154.38047,0.18282
4637,161.46556,0.18282
4638,270.96174,0.18282
4639,250.22532,0.18282
4640,177.73249,0.18282
4641,175.96035,0.18282
4642,173.62331,0.18282
4643,207.26848,0.18282
4644,269.79855,0.18282
4645,214.05171,0.18282
4646,162.99608,0.18282
4647,160.38266,0.18282
4648,163.68871,0.18282
4649,165.94421,0.18282
4650,229.03692,0.18282
4651,174.57677,0.18282
4652,208.38226,0.18282
4653,212.91882,0.18282
4654,156.89896,0.18282
4655,139.25653,0.18282
4656,134.85575,0.18282
4657,131.82537,0.18282
4658,131.18991,0.18282
4659,131.98598,0.18282
4660,133.93855,0.18282
4661,144.74121,0.18282
4662,251.4116,0.18282
4663,232.80434,0.18282
4664,163.85615,0.18282
4665,171.3936,0.18282
4666,163.62629,0.18282
4667,196.17988,0.18282
4668,260.83771,0.18282
4669,200.99369,0.18282
4670,150.61899,0.18282
4671,153.37026,0.18282
4672,151.85212,0.18282
4673,149.69287,0.18282
4674,203.77403,0.18282
4675,149.94816,0.18282
4676,197.06035,0.18282
4677,189.93863,0.18282
4678,136.26829,0.18282
4679,133.85407,0.18282
4680,131.07466,0.18282
4681,131.429,0.18282
4682,131.40224,0.18282
4683,131.40586,0.18282
4684,147.24214,0.18282
4685,148.76157,0.18282
4686,282.34399,0.18282
4687,262.96768,0.18282
4688,275.10085,0.18282
4689,285.16945,0.18282
4690,275.9257,0.18282
4691,322.13912,0.18282
4692,375.04061,0.18282
4693,327.12148,0.18282
4694,267.70449,0.18282
4695,177.69367,0.18282
4696,184.99451,0.18282
4697,178.89544,0.18282
4698,249.33166,0.18282
4699,189.56507,0.18282
4700,241.4229,0.18282
4701,239.09595,0.18282
4702,170.83573,0.18282
4703,134.30268,0.18282
4704,130.93908,0.18282
4705,128.95446,0.18282
4706,129.7945,0.18282
4707,128.61713,0.18282
4708,144.58987,0.18282
4709,154.51976,0.18282
4710,283.63835,0.18282
4711,257.89757,0.18282
4712,273.05437,0.18282
4713,283.52996,0.18282
4714,290.2549,0.18282
4715,313.36294,0.18282
4716,378.33772,0.18282
4717,323.29664,0.18282
4718,268.62271,0.18282
4719,181.78421,0.18282
4720,177.65769,0.18282
4721,180.62456,0.18282
4722,241.28544,0.18282
4723,172.9229,0.18282
4724,221.75398,0.18282
4725,230.92939,0.18282
4726,183.00845,0.18282
4727,135.38505,0.18282
4728,129.53453,0.18282
4729,129.79486,0.18282
4730,128.50829,0.18282
4731,127.58148,0.18282
4732,141.01848,0.18282
4733,143.94669,0.18282
4734,267.76576,0.18282
4735,246.83987,0.18282
4736,269.22597,0.18282
4737,264.72886,0.18282
4738,263.6587,0.18282
4739,300.85406,0.18282
4740,366.28512,0.18282
4741,307.59698,0.18282
4742,256.60192,0.18282
4743,169.60414,0.18282
4744,172.14541,0.18282
4745,172.25048,0.18282
4746,228.91626,0.18282
4747,181.81654,0.18282
4748,216.79718,0.18282
4749,224.18918,0.18282
4750,170.17008,0.18282
4751,128.99045,0.18282
4752,130.85097,0.18282
4753,127.87997,0.18282
4754,126.95439,0.18282
4755,125.24605,0.18282
4756,136.67137,0.18282
4757,141.50893,0.18282
4758,268.70615,0.18282
4759,238.82724,0.18282
4760,265.25644,0.18282
4761,254.886,0.18282
4762,255.03732,0.18282
4763,291.48573,0.18282
4764,360.38387,0.18282
4765,308.69208,0.18282
4766,258.73633,0.18282
4767,176.58054,0.18282
4768,171.0844,0.18282
4769,169.94943,0.18282
4770,229.44832,0.18282
4771,167.4454,0.18282
4772,218.90166,0.18282
4773,217.46452,0.18282
4774,174.60275,0.18282
4775,139.16188,0.18282
4776,127.4015,0.18282
4777,127.26759,0.18282
4778,130.42,0.18282
4779,131.72788,0.18282
4780,142.59217,0.18282
4781,147.2489,0.18282
4782,281.79346,0.18282
4783,251.55546,0.18282
4784,264.71865,0.18282
4785,268.1363,0.18282
4786,263.53609,0.18282
4787,306.7872,0.18282
4788,375.25751,0.18282
4789,319.37502,0.18282
4790,267.6069,0.18282
4791,184.25898,0.18282
4792,176.91611,0.18282
4793,174.0367,0.18282
4794,247.67986,0.18282
4795,178.214,0.18282
4796,229.21619,0.18282
4797,236.11546,0.18282
4798,173.04073,0.18282
4799,133.94243,0.18282
4800,131.72087,0.18282
4801,134.14623,0.18282
4802,130.0093,0.18282
4803,131.07161,0.18282
4804,145.69691,0.18282
4805,149.56526,0.18282
4806,260.96014,0.18282
4807,238.14466,0.18282
4808,160.24688,0.18282
4809,171.59026,0.18282
4810,159.98482,0.18282
4811,198.24264,0.18282
4812,260.84293,0.18282
4813,214.71997,0.18282
4814,164.53314,0.18282
4815,158.48703,0.18282
4816,155.03451,0.18282
4817,158.76155,0.18282
4818,218.25764,0.18282
4819,157.29574,0.18282
4820,204.39752,0.18282
4821,204.6159,0.18282
4822,149.99139,0.18282
4823,133.59939,0.18282
4824,131.89039,0.18282
4825,131.88304,0.18282
4826,131.32926,0.18282
4827,132.03755,0.18282
4828,132.12628,0.18282
4829,135.94884,0.18282
4830,245.82521,0.18282
4831,223.17849,0.18282
4832,157.15167,0.18282
4833,154.25175,0.18282
4834,150.93889,0.18282
4835,191.95504,0.18282
4836,254.08805,0.18282
4837,202.13012,0.18282
4838,144.99777,0.18282
4839,147.33059,0.18282
4840,152.5188,0.18282
4841,149.72066,0.18282
4842,214.69439,0.18282
4843,141.30846,0.18282
4844,193.0368,0.18282
4845,193.87506,0.18282
4846,141.39499,0.18282
4847,133.97073,0.18282
4848,133.07866,0.18282
4849,132.27656,0.18282
4850,131.48148,0.18282
4851,130.8132,0.18282
4852,141.65446,0.18282
4853,148.13369,0.18282
4854,279.82166,0.18282
4855,256.49661,0.18282
4856,272.56275,0.18282
4857,275.68204,0.18282
4858,280.05381,0.18282
4859,307.52626,0.18282
4860,374.80605,0.18282
4861,317.8231,0.18282
4862,269.15736,0.18282
4863,185.15913,0.18282
4864,179.02642,0.18282
4865,194.06899,0.18282
4866,247.15937,0.18282
4867,183.33472,0.18282
4868,235.29312,0.18282
4869,234.25287,0.18282
4870,175.10153,0.18282
4871,139.89139,0.18282
4872,133.1698,0.18282
4873,133.10574,0.18282
4874,134.98032,0.18282
4875,134.46675,0.18282
4876,149.66551,0.18282
4877,151.63118,0.18282
4878,282.90936,0.18282
4879,265.54673,0.18282
4880,272.48556,0.18282
4881,280.63914,0.18282
4882,275.26832,0.18282
4883,314.53748,0.18282
4884,379.19256,0.18282
4885,322.78714,0.18282
4886,268.59138,0.18282
4887,183.08109,0.18282
4888,183.7183,0.18282
4889,183.00051,0.18282
4890,251.83864,0.18282
4891,183.40006,0.18282
4892,233.76458,0.18282
4893,234.26266,0.18282
4894,180.34726,0.18282
4895,138.45448,0.18282
4896,136.93512,0.18282
4897,138.51416,0.18282
4898,135.76522,0.18282
4899,134.47675,0.18282
4900,147.56854,0.18282
4901,147.49102,0.18282
4902,281.05124,0.18282
4903,262.55288,0.18282
4904,271.52105,0.18282
4905,268.90082,0.18282
4906,269.60643,0.18282
4907,304.83475,0.18282
4908,368.63429,0.18282
4909,314.55965,0.18282
4910,262.13625,0.18282
4911,177.89795,0.18282
4912,180.81199,0.18282
4913,175.90406,0.18282
4914,237.52028,0.18282
4915,175.66346,0.18282
4916,225.42383,0.18282
4917,226.03819,0.18282
4918,175.23581,0.18282
4919,134.17357,0.18282
4920,130.17487,0.18282
4921,128.4387,0.18282
4922,130.11252,0.18282
4923,127.38719,0.18282
4924,141.09249,0.18282
4925,143.55652,0.18282
4926,274.69141,0.18282
4927,250.76949,0.18282
4928,263.82334,0.18282
4929,272.05387,0.18282
4930,263.57228,0.18282
4931,300.86299,0.18282
4932,363.46958,0.18282
4933,312.34831,0.18282
4934,260.09465,0.18282
4935,173.8613,0.18282
4936,173.44219,0.18282
4937,173.46085,0.18282
4938,245.67676,0.18282
4939,174.1029,0.18282
4940,221.78053,0.18282
4941,231.70486,0.18282
4942,172.69194,0.18282
4943,131.44136,0.18282
4944,130.09884,0.18282
4945,128.27258,0.18282
4946,127.00937,0.18282
4947,128.36719,0.18282
4948,142.58335,0.18282
4949,149.66599,0.18282
4950,282.57582,0.18282
4951,261.65775,0.18282
4952,274.46781,0.18282
4953,269.02685,0.18282
4954,274.01904,0.18282
4955,309.80252,0.18282
4956,377.08661,0.18282
4957,325.969,0.18282
4958,271.78711,0.18282
4959,181.17501,0.18282
4960,178.67506,0.18282
4961,177.68024,0.18282
4962,239.42113,0.18282
4963,181.81445,0.18282
4964,228.89293,0.18282
4965,229.58503,0.18282
4966,176.75177,0.18282
4967,134.28066,0.18282
4968,132.04078,0.18282
4969,130.2937,0.18282
4970,130.16048,0.18282
4971,130.16307,0.18282
4972,145.83531,0.18282
4973,152.11141,0.18282
4974,263.02856,0.18282
4975,248.29759,0.18282
4976,166.84341,0.18282
4977,164.06303,0.18282
4978,167.79638,0.18282
4979,203.45043,0.18282
4980,270.61387,0.18282
4981,227.00611,0.18282
4982,162.40511,0.18282
4983,161.3049,0.18282
4984,161.86201,0.18282
4985,163.50407,0.18282
4986,223.49919,0.18282
4987,158.57827,0.18282
4988,209.97846,0.18282
4989,205.99289,0.18282
4990,149.13427,0.18282
4991,133.59624,0.18282
4992,132.94341,0.18282
4993,129.95684,0.18282
4994,129.22784,0.18282
4995,130.58371,0.18282
4996,132.1769,0.18282
4997,135.89196,0.18282
4998,246.08303,0.18282
4999,224.48347,0.18282
5000,160.08781,0.18282
5001,159.18654,0.18282
5002,149.87385,0.18282
5003,190.82408,0.18282
5004,259.24205,0.18282
5005,205.02204,0.18282
5006,150.13337,0.18282
5007,151.88396,0.18282
5008,154.0667,0.18282
5009,156.57914,0.18282
5010,221.94413,0.18282
5011,152.84211,0.18282
5012,199.40095,0.18282
5013,194.55909,0.18282
5014,140.7471,0.18282
5015,135.15672,0.18282
5016,135.01919,0.18282
5017,132.0496,0.18282
5018,130.61504,0.18282
5019,131.97447,0.18282
5020,145.1805,0.18282
5021,150.97746,0.18282
5022,283.74887,0.18282
5023,261.32777,0.18282
5024,228.63682,0.18282
5025,233.25692,0.18282
5026,228.85392,0.18282
5027,268.6791,0.18282
5028,338.61179,0.18282
5029,280.02737,0.18282
5030,231.80014,0.18282
5031,179.70216,0.18282
5032,182.12903,0.18282
5033,188.62606,0.18282
5034,246.09193,0.18282
5035,181.62666,0.18282
5036,231.11148,0.18282
5037,226.89755,0.18282
5038,170.74518,0.18282
5039,133.48467,0.18282
5040,129.28337,0.18282
5041,128.62899,0.18282
5042,130.27275,0.18282
5043,130.50004,0.18282
5044,147.44304,0.18282
5045,148.94591,0.18282
5046,284.16244,0.18282
5047,259.3531,0.18282
5048,228.40809,0.18282
5049,223.61468,0.18282
5050,227.75603,0.18282
5051,265.13099,0.18282
5052,327.4361,0.18282
5053,276.66186,0.18282
5054,220.36965,0.18282
5055,174.90756,0.18282
5056,183.3544,0.18282
5057,178.4253,0.18282
5058,233.60348,0.18282
5059,172.85167,0.18282
5060,223.9842,0.18282
5061,226.44243,0.18282
5062,168.18059,0.18282
5063,130.0855,0.18282
5064,129.0439,0.18282
5065,128.16879,0.18282
5066,129.62107,0.18282
5067,129.91195,0.18282
5068,146.69079,0.18282
5069,150.41542,0.18282
5070,277.22086,0.18282
5071,251.41442,0.18282
5072,223.71442,0.18282
5073,217.29829,0.18282
5074,215.39038,0.18282
5075,250.65982,0.18282
5076,319.13294,0.18282
5077,263.5089,0.18282
5078,218.6149,0.18282
5079,175.23596,0.18282
5080,175.75735,0.18282
5081,181.17557,0.18282
5082,244.49283,0.18282
5083,174.28245,0.18282
5084,224.37298,0.18282
5085,229.80107,0.18282
5086,165.10049,0.18282
5087,128.3911,0.18282
5088,127.80747,0.18282
5089,127.27598,0.18282
5090,128.14782,0.18282
5091,127.34648,0.18282
5092,140.35612,0.18282
5093,146.54557,0.18282
5094,278.81714,0.18282
5095,252.20845,0.18282
5096,211.47611,0.18282
5097,213.497,0.18282
5098,213.97955,0.18282
5099,249.98414,0.18282
5100,318.14836,0.18282
5101,265.70863,0.18282
5102,215.15543,0.18282
5103,172.23032,0.18282
5104,169.69669,0.18282
5105,170.80679,0.18282
5106,238.77174,0.18282
5107,168.05765,0.18282
5108,228.86237,0.18282
5109,229.43991,0.18282
5110,172.84343,0.18282
5111,138.03724,0.18282
5112,129.05747,0.18282
5113,131.60255,0.18282
5114,129.51988,0.18282
5115,128.19089,0.18282
5116,145.99077,0.18282
5117,152.92087,0.18282
5118,294.81938,0.18282
5119,268.06489,0.18282
5120,225.98729,0.18282
5121,228.2925,0.18282
5122,221.59131,0.18282
5123,263.10424,0.18282
5124,328.56712,0.18282
5125,269.81035,0.18282
5126,219.35269,0.18282
5127,181.21473,0.18282
5128,176.1754,0.18282
5129,181.20938,0.18282
5130,243.48152,0.18282
5131,183.06139,0.18282
5132,228.91057,0.18282
5133,227.60506,0.18282
5134,173.2715,0.18282
5135,137.01389,0.18282
5136,130.47076,0.18282
5137,130.10013,0.18282
5138,132.20292,0.18282
5139,136.43586,0.18282
5140,150.71492,0.18282
5141,151.86512,0.18282
5142,274.31484,0.18282
5143,244.34089,0.18282
5144,167.59637,0.18282
5145,168.03371,0.18282
5146,169.87319,0.18282
5147,208.1626,0.18282
5148,265.70132,0.18282
5149,213.14375,0.18282
5150,164.06483,0.18282
5151,162.57232,0.18282
5152,160.08987,0.18282
5153,159.72099,0.18282
5154,230.94053,0.18282
5155,158.31957,0.18282
5156,226.51222,0.18282
5157,208.47636,0.18282
5158,150.08332,0.18282
5159,144.33043,0.18282
5160,142.51806,0.18282
5161,133.10701,0.18282
5162,132.87803,0.18282
5163,133.20418,0.18282
5164,134.43407,0.18282
5165,141.27988,0.18282
5166,250.22475,0.18282
5167,224.2632,0.18282
5168,159.18072,0.18282
5169,164.86864,0.18282
5170,169.88761,0.18282
5171,196.35509,0.18282
5172,264.7319,0.18282
5173,205.00028,0.18282
5174,152.11132,0.18282
5175,146.5659,0.18282
5176,155.90282,0.18282
5177,152.50076,0.18282
5178,212.11959,0.18282
5179,159.25491,0.18282
5180,197.33514,0.18282
5181,200.06301,0.18282
5182,141.4975,0.18282
5183,137.60364,0.18282
5184,132.36378,0.18282
5185,132.21305,0.18282
5186,132.99563,0.18282
5187,135.25746,0.18282
5188,147.95188,0.18282
5189,150.93625,0.18282
5190,286.17459,0.18282
5191,261.53833,0.18282
5192,233.78045,0.18282
5193,246.39394,0.18282
5194,241.03247,0.18282
5195,278.38649,0.18282
5196,350.3923,0.18282
5197,299.22912,0.18282
5198,233.49385,0.18282
5199,193.18286,0.18282
5200,186.62244,0.18282
5201,191.54684,0.18282
5202,248.72893,0.18282
5203,182.65938,0.18282
5204,236.7011,0.18282
5205,240.0152,0.18282
5206,177.44476,0.18282
5207,136.73019,0.18282
5208,135.99319,0.18282
5209,137.08648,0.18282
5210,138.95429,0.18282
5211,139.72877,0.18282
5212,163.38492,0.18282
5213,160.22301,0.18282
5214,303.85043,0.18282
5215,269.91478,0.18282
5216,235.49639,0.18282
5217,237.95121,0.18282
5218,236.65359,0.18282
5219,266.78046,0.18282
5220,333.18455,0.18282
5221,278.35908,0.18282
5222,222.20902,0.18282
5223,185.22613,0.18282
5224,190.9493,0.18282
5225,187.2252,0.18282
5226,252.76001,0.18282
5227,188.16068,0.18282
5228,235.26461,0.18282
5229,231.337,0.18282
5230,177.26428,0.18282
5231,133.50186,0.18282
5232,132.61081,0.18282
5233,132.57259,0.18282
5234,132.56918,0.18282
5235,141.21201,0.18282
5236,159.22094,0.18282
5237,169.5275,0.18282
5238,292.27551,0.18282
5239,259.65052,0.18282
5240,219.80019,0.18282
5241,225.44009,0.18282
5242,234.73424,0.18282
5243,263.81298,0.18282
5244,326.10479,0.18282
5245,274.35213,0.18282
5246,216.39795,0.18282
5247,170.93728,0.18282
5248,178.3631,0.18282
5249,191.34391,0.18282
5250,247.52889,0.18282
5251,187.55192,0.18282
5252,232.19126,0.18282
5253,231.8228,0.18282
5254,172.45445,0.18282
5255,135.65366,0.18282
5256,130.83424,0.18282
5257,128.91715,0.18282
5258,128.39871,0.18282
5259,130.9695,0.18282
5260,148.15914,0.18282
5261,164.09996,0.18282
5262,290.88545,0.18282
5263,258.59833,0.18282
5264,219.12928,0.18282
5265,222.51701,0.18282
5266,223.50074,0.18282
5267,260.33673,0.18282
5268,324.49533,0.18282
5269,268.89783,0.18282
5270,215.25955,0.18282
5271,176.08299,0.18282
5272,182.0941,0.18282
5273,176.52517,0.18282
5274,253.46377,0.18282
5275,182.77147,0.18282
5276,237.63426,0.18282
5277,226.77926,0.18282
5278,173.19205,0.18282
5279,136.0469,0.18282
5280,133.15193,0.18282
5281,132.30836,0.18282
5282,132.09748,0.18282
5283,134.93305,0.18282
5284,153.07406,0.18282
5285,172.6912,0.18282
5286,312.49875,0.18282
5287,279.39725,0.18282
5288,236.28394,0.18282
5289,234.85158,0.18282
5290,246.77742,0.18282
5291,276.05107,0.18282
5292,345.55939,0.18282
5293,287.24974,0.18282
5294,234.02509,0.18282
5295,195.83726,0.18282
5296,193.12051,0.18282
5297,196.81185,0.18282
5298,250.16345,0.18282
5299,199.70851,0.18282
5300,243.8675,0.18282
5301,236.89483,0.18282
5302,176.2118,0.18282
5303,139.65473,0.18282
5304,135.119,0.18282
5305,134.00041,0.18282
5306,133.60627,0.18282
5307,133.47146,0.18282
5308,155.39924,0.18282
5309,169.6401,0.18282
5310,281.99549,0.18282
5311,264.50594,0.18282
5312,178.8558,0.18282
5313,177.05836,0.18282
5314,183.62406,0.18282
5315,218.95237,0.18282
5316,277.18636,0.18282
5317,226.04639,0.18282
5318,178.9429,0.18282
5319,186.53489,0.18282
5320,180.70226,0.18282
5321,167.77818,0.18282
5322,240.02542,0.18282
5323,164.50774,0.18282
5324,215.33722,0.18282
5325,214.71809,0.18282
5326,155.04849,0.18282
5327,136.0439,0.18282
5328,131.84643,0.18282
5329,132.65172,0.18282
5330,133.28581,0.18282
5331,132.33935,0.18282
5332,137.59965,0.18282
5333,141.9468,0.18282
5334,264.93288,0.18282
5335,243.50812,0.18282
5336,174.99379,0.18282
5337,175.32796,0.18282
5338,171.75669,0.18282
5339,213.17669,0.18282
5340,274.91249,0.18282
5341,221.62545,0.18282
5342,161.85378,0.18282
5343,156.46155,0.18282
5344,164.10431,0.18282
5345,160.18594,0.18282
5346,224.89962,0.18282
5347,146.69005,0.18282
5348,205.12672,0.18282
5349,202.61553,0.18282
5350,146.2769,0.18282
5351,136.89431,0.18282
5352,135.30054,0.18282
5353,132.63579,0.18282
5354,131.96164,0.18282
5355,142.16142,0.18282
5356,157.65835,0.18282
5357,160.42354,0.18282
5358,292.07246,0.18282
5359,269.79379,0.18282
5360,249.36649,0.18282
5361,253.11532,0.18282
5362,265.12952,0.18282
5363,288.67489,0.18282
5364,361.5256,0.18282
5365,305.64344,0.18282
5366,247.70863,0.18282
5367,210.99812,0.18282
5368,205.31264,0.18282
5369,199.00879,0.18282
5370,274.69353,0.18282
5371,207.36033,0.18282
5372,261.67296,0.18282
5373,268.71298,0.18282
5374,192.01677,0.18282
5375,147.39936,0.18282
5376,144.87349,0.18282
5377,145.58916,0.18282
5378,145.37149,0.18282
5379,147.86935,0.18282
5380,171.54545,0.18282
5381,209.74545,0.18282
5382,340.8452,0.18282
5383,274.99685,0.18282
5384,240.32457,0.18282
5385,239.48444,0.18282
5386,238.91598,0.18282
5387,275.36786,0.18282
5388,339.94994,0.18282
5389,291.3166,0.18282
5390,233.18105,0.18282
5391,183.73755,0.18282
5392,188.26695,0.18282
5393,192.69736,0.18282
5394,256.5204,0.18282
5395,203.90683,0.18282
5396,255.49469,0.18282
5397,236.67478,0.18282
5398,190.52932,0.18282
5399,150.00573,0.18282
5400,148.07862,0.18282
5401,148.29883,0.18282
5402,151.29977,0.18282
5403,153.65649,0.18282
5404,171.79848,0.18282
5405,191.66991,0.18282
5406,316.76094,0.18282
5407,259.73258,0.18282
5408,222.47851,0.18282
5409,219.36989,0.18282
5410,223.1362,0.18282
5411,257.51395,0.18282
5412,325.70315,0.18282
5413,272.52997,0.18282
5414,215.4874,0.18282
5415,176.75337,0.18282
5416,197.76141,0.18282
5417,194.17313,0.18282
5418,246.87983,0.18282
5419,193.74263,0.18282
5420,245.29517,0.18282
5421,232.2103,0.18282
5422,174.4695,0.18282
5423,131.06843,0.18282
5424,130.81836,0.18282
5425,140.64435,0.18282
5426,140.52194,0.18282
5427,136.41957,0.18282
5428,159.99288,0.18282
5429,184.22304,0.18282
5430,316.31762,0.18282
5431,252.2391,0.18282
5432,226.45742,0.18282
5433,225.62241,0.18282
5434,217.32059,0.18282
5435,255.80666,0.18282
5436,319.26606,0.18282
5437,283.76429,0.18282
5438,217.60819,0.18282
5439,176.32032,0.18282
5440,187.49446,0.18282
5441,195.39598,0.18282
5442,263.65469,0.18282
5443,204.4823,0.18282
5444,249.07194,0.18282
5445,237.9198,0.18282
5446,175.86431,0.18282
5447,139.0147,0.18282
5448,133.50508,0.18282
5449,146.86929,0.18282
5450,133.98528,0.18282
5451,137.97402,0.18282
5452,167.20363,0.18282
5453,195.30646,0.18282
5454,321.42332,0.18282
5455,278.55198,0.18282
5456,243.69931,0.18282
5457,233.30773,0.18282
5458,237.27052,0.18282
5459,276.83249,0.18282
5460,341.25978,0.18282
5461,287.83125,0.18282
5462,238.28205,0.18282
5463,191.68485,0.18282
5464,203.32284,0.18282
5465,191.82165,0.18282
5466,276.08676,0.18282
5467,196.32133,0.18282
5468,242.93566,0.18282
5469,241.26555,0.18282
5470,184.16286,0.18282
5471,140.94492,0.18282
5472,135.90426,0.18282
5473,133.92663,0.18282
5474,133.45586,0.18282
5475,135.16608,0.18282
5476,160.50546,0.18282
5477,182.58065,0.18282
5478,304.01009,0.18282
5479,267.93113,0.18282
5480,178.45219,0.18282
5481,184.93087,0.18282
5482,183.21596,0.18282
5483,214.17568,0.18282
5484,280.06472,0.18282
5485,227.10675,0.18282
5486,180.86284,0.18282
5487,170.89944,0.18282
5488,171.25463,0.18282
5489,176.03595,0.18282
5490,241.32107,0.18282
5491,171.69587,0.18282
5492,224.5885,0.18282
5493,216.61498,0.18282
5494,160.27999,0.18282
5495,141.07087,0.18282
5496,136.43153,0.18282
5497,147.05302,0.18282
5498,145.62315,0.18282
5499,147.90195,0.18282
5500,150.85528,0.18282
5501,156.92438,0.18282
5502,269.81432,0.18282
5503,246.01388,0.18282
5504,174.78122,0.18282
5505,185.94884,0.18282
5506,189.30594,0.18282
5507,226.19257,0.18282
5508,279.77447,0.18282
5509,216.12764,0.18282
5510,164.03695,0.18282
5511,174.48228,0.18282
5512,165.94685,0.18282
5513,164.55306,0.18282
5514,222.26965,0.18282
5515,155.32508,0.18282
5516,206.01158,0.18282
5517,207.08551,0.18282
5518,154.84658,0.18282
5519,146.85179,0.18282
5520,141.38444,0.18282
5521,135.94516,0.18282
5522,135.66817,0.18282
5523,136.97727,0.18282
5524,154.81269,0.18282
5525,162.80871,0.18282
5526,305.49657,0.18282
5527,284.54983,0.18282
5528,251.41668,0.18282
5529,262.0,0.18282
5530,253.29583,0.18282
5531,294.57162,0.18282
5532,355.24162,0.18282
5533,302.30237,0.18282
5534,251.17657,0.18282
5535,202.09236,0.18282
5536,199.22114,0.18282
5537,200.00346,0.18282
5538,283.02512,0.18282
5539,224.36976,0.18282
5540,267.78182,0.18282
5541,243.67768,0.18282
5542,178.23816,0.18282
5543,138.70081,0.18282
5544,135.80025,0.18282
5545,135.42951,0.18282
5546,135.58349,0.18282
5547,143.36697,0.18282
5548,175.11045,0.18282
5549,195.992,0.18282
5550,340.6927,0.18282
5551,286.46549,0.18282
5552,234.40921,0.18282
5553,243.03292,0.18282
5554,234.26919,0.18282
5555,268.67699,0.18282
5556,334.20611,0.18282
5557,282.04946,0.18282
5558,232.99204,0.18282
5559,182.42412,0.18282
5560,191.28487,0.18282
5561,199.90986,0.18282
5562,275.65054,0.18282
5563,188.33125,0.18282
5564,240.92568,0.18282
5565,242.57619,0.18282
5566,189.88379,0.18282
5567,149.78271,0.18282
5568,152.23401,0.18282
5569,148.37243,0.18282
5570,150.98036,0.18282
5571,155.81195,0.18282
5572,187.57851,0.18282
5573,220.6165,0.18282
5574,335.09302,0.18282
5575,279.14625,0.18282
5576,233.46731,0.18282
5577,221.43967,0.18282
5578,222.75267,0.18282
5579,258.5906,0.18282
5580,325.14086,0.18282
5581,270.71482,0.18282
5582,218.88114,0.18282
5583,178.20692,0.18282
5584,183.48109,0.18282
5585,193.04383,0.18282
5586,268.37331,0.18282
5587,190.72662,0.18282
5588,253.22113,0.18282
5589,266.13239,0.18282
5590,202.49405,0.18282
5591,162.30702,0.18282
5592,169.0793,0.18282
5593,167.4249,0.18282
5594,170.42923,0.18282
5595,172.59553,0.18282
5596,197.49066,0.18282
5597,240.38204,0.18282
5598,326.47273,0.18282
5599,262.18471,0.18282
5600,215.30337,0.18282
5601,220.40691,0.18282
5602,220.62877,0.18282
5603,257.0816,0.18282
5604,324.72658,0.18282
5605,267.99877,0.18282
5606,215.17346,0.18282
5607,176.40704,0.18282
5608,189.72505,0.18282
5609,191.30946,0.18282
5610,260.82004,0.18282
5611,190.71397,0.18282
5612,246.4317,0.18282
5613,235.03923,0.18282
5614,175.06404,0.18282
5615,135.16715,0.18282
5616,138.31765,0.18282
5617,139.36579,0.18282
5618,140.00726,0.18282
5619,143.04383,0.18282
5620,163.978,0.18282
5621,216.79838,0.18282
5622,339.74136,0.18282
5623,282.58421,0.18282
5624,243.86332,0.18282
5625,244.90115,0.18282
5626,240.02707,0.18282
5627,277.06185,0.18282
5628,346.8658,0.18282
5629,291.04845,0.18282
5630,240.4205,0.18282
5631,192.10789,0.18282
5632,204.50295,0.18282
5633,203.54927,0.18282
5634,276.01542,0.18282
5635,198.82712,0.18282
5636,260.61422,0.18282
5637,244.18773,0.18282
5638,190.45466,0.18282
5639,151.05068,0.18282
5640,149.4722,0.18282
5641,147.51293,0.18282
5642,147.16425,0.18282
5643,151.07038,0.18282
5644,169.32508,0.18282
5645,229.10365,0.18282
5646,309.034,0.18282
5647,267.87382,0.18282
5648,182.36745,0.18282
5649,176.90843,0.18282
5650,181.2158,0.18282
5651,218.65849,0.18282
5652,275.24832,0.18282
5653,228.88498,0.18282
5654,176.12998,0.18282
5655,178.55592,0.18282
5656,176.61368,0.18282
5657,196.70858,0.18282
5658,251.46788,0.18282
5659,176.99545,0.18282
5660,221.49742,0.18282
5661,218.65739,0.18282
5662,173.58459,0.18282
5663,158.17775,0.18282
5664,156.27425,0.18282
5665,154.77585,0.18282
5666,155.24521,0.18282
5667,159.39952,0.18282
5668,165.40256,0.18282
5669,175.52776,0.18282
5670,284.44946,0.18282
5671,262.9901,0.18282
5672,192.38224,0.18282
5673,189.27625,0.18282
5674,195.03548,0.18282
5675,217.37637,0.18282
5676,291.19293,0.18282
5677,230.87771,0.18282
5678,178.21829,0.18282
5679,174.72058,0.18282
5680,179.32462,0.18282
5681,189.56752,0.18282
5682,230.81343,0.18282
5683,177.10166,0.18282
5684,217.40813,0.18282
5685,238.50968,0.18282
5686,174.78416,0.18282
5687,167.63615,0.18282
5688,166.55709,0.18282
5689,163.49995,0.18282
5690,160.26269,0.18282
5691,160.53485,0.18282
5692,176.25273,0.18282
5693,189.7086,0.18282
5694,325.10485,0.18282
5695,302.88005,0.18282
5696,265.32193,0.18282
5697,268.55714,0.18282
5698,268.90248,0.18282
5699,293.63489,0.18282
5700,352.2196,0.18282
5701,305.45747,0.18282
5702,253.77632,0.18282
5703,215.59169,0.18282
5704,244.89738,0.18282
5705,224.60978,0.18282
5706,302.15412,0.18282
5707,240.26042,0.18282
5708,275.42221,0.18282
5709,268.79488,0.18282
5710,210.94156,0.18282
5711,169.43735,0.18282
5712,166.89508,0.18282
5713,167.91832,0.18282
5714,167.60972,0.18282
5715,169.64848,0.18282
5716,193.54645,0.18282
5717,259.46853,0.18282
5718,363.90271,0.18282
5719,295.95044,0.18282
5720,250.6533,0.18282
5721,250.68828,0.18282
5722,249.25924,0.18282
5723,279.79671,0.18282
5724,340.83287,0.18282
5725,292.49022,0.18282
5726,234.98299,0.18282
5727,190.90026,0.18282
5728,209.21861,0.18282
5729,200.88205,0.18282
5730,278.49927,0.18282
5731,230.13349,0.18282
5732,274.29987,0.18282
5733,256.39904,0.18282
5734,198.60373,0.18282
5735,155.04747,0.18282
5736,149.97264,0.18282
5737,148.49719,0.18282
5738,147.5729,0.18282
5739,146.06566,0.18282
5740,160.92162,0.18282
5741,215.6043,0.18282
5742,335.27505,0.18282
5743,291.8344,0.18282
5744,267.20751,0.18282
5745,272.8956,0.18282
5746,273.23411,0.18282
5747,306.8727,0.18282
5748,399.04463,0.18282
5749,345.91513,0.18282
5750,267.73584,0.18282
5751,183.31615,0.18282
5752,195.42909,0.18282
5753,191.77081,0.18282
5754,273.25956,0.18282
5755,212.43654,0.18282
5756,290.87302,0.18282
5757,270.87468,0.18282
5758,183.60336,0.18282
5759,148.52992,0.18282
5760,157.69976,0.18282
5761,154.93075,0.18282
5762,155.05883,0.18282
5763,156.90334,0.18282
5764,169.32058,0.18282
5765,219.57062,0.18282
5766,294.30063,0.18282
5767,241.99377,0.18282
5768,267.75709,0.18282
5769,269.12912,0.18282
5770,268.62781,0.18282
5771,308.36362,0.18282
5772,345.3601,0.18282
5773,293.52743,0.18282
5774,268.40629,0.18282
5775,180.81032,0.18282
5776,189.89083,0.18282
5777,188.33285,0.18282
5778,267.15219,0.18282
5779,199.2549,0.18282
5780,228.19588,0.18282
5781,224.27627,0.18282
5782,197.63572,0.18282
5783,156.02698,0.18282
5784,156.48495,0.18282
5785,159.33099,0.18282
5786,159.61629,0.18282
5787,162.11533,0.18282
5788,182.37286,0.18282
5789,219.78695,0.18282
5790,318.51995,0.18282
5791,267.62984,0.18282
5792,292.42462,0.18282
5793,293.39048,0.18282
5794,287.74427,0.18282
5795,326.63257,0.18282
5796,362.02626,0.18282
5797,310.75076,0.18282
5798,282.23197,0.18282
5799,198.85155,0.18282
5800,202.80547,0.18282
5801,203.59777,0.18282
5802,278.34399,0.18282
5803,198.94317,0.18282
5804,229.19277,0.18282
5805,235.00431,0.18282
5806,186.74337,0.18282
5807,150.12966,0.18282
5808,145.65044,0.18282
5809,147.90451,0.18282
5810,149.0016,0.18282
5811,148.69657,0.18282
5812,170.12454,0.18282
5813,222.90471,0.18282
5814,291.49173,0.18282
5815,245.72389,0.18282
5816,184.53976,0.18282
5817,181.18082,0.18282
5818,176.14502,0.18282
5819,215.68906,0.18282
5820,257.50924,0.18282
5821,211.24174,0.18282
5822,183.00451,0.18282
5823,188.94028,0.18282
5824,177.13135,0.18282
5825,188.67465,0.18282
5826,249.00959,0.18282
5827,178.52598,0.18282
5828,201.74102,0.18282
5829,203.16325,0.18282
5830,170.56397,0.18282
5831,151.17216,0.18282
5832,147.40243,0.18282
5833,148.76314,0.18282
5834,163.31408,0.18282
5835,160.88837,0.18282
5836,168.3484,0.18282
5837,175.31048,0.18282
5838,258.65794,0.18282
5839,242.3215,0.18282
5840,201.87974,0.18282
5841,197.2434,0.18282
5842,184.99993,0.18282
5843,219.17525,0.18282
5844,260.16368,0.18282
5845,209.67218,0.18282
5846,177.90722,0.18282
5847,175.52796,0.18282
5848,177.72406,0.18282
5849,183.15216,0.18282
5850,244.47732,0.18282
5851,173.82244,0.18282
5852,199.06779,0.18282
5853,203.44454,0.18282
5854,179.95367,0.18282
5855,172.64729,0.18282
5856,176.2388,0.18282
5857,175.36163,0.18282
5858,177.92568,0.18282
5859,181.29416,0.18282
5860,198.36313,0.18282
5861,210.74397,0.18282
5862,289.15835,0.18282
5863,261.08396,0.18282
5864,289.11028,0.18282
5865,296.77587,0.18282
5866,296.07214,0.18282
5867,323.77439,0.18282
5868,362.90742,0.18282
5869,304.25745,0.18282
5870,270.5962,0.18282
5871,183.01833,0.18282
5872,189.04261,0.18282
5873,190.20455,0.18282
5874,268.23762,0.18282
5875,200.18895,0.18282
5876,229.66737,0.18282
5877,213.00852,0.18282
5878,186.36509,0.18282
5879,168.56592,0.18282
5880,164.97097,0.18282
5881,167.65281,0.18282
5882,167.91936,0.18282
5883,173.7187,0.18282
5884,200.7394,0.18282
5885,257.55924,0.18282
5886,335.06699,0.18282
5887,254.23595,0.18282
5888,277.44727,0.18282
5889,268.12056,0.18282
5890,266.92444,0.18282
5891,304.48354,0.18282
5892,346.1645,0.18282
5893,293.18518,0.18282
5894,262.3159,0.18282
5895,174.34858,0.18282
5896,180.30097,0.18282
5897,183.15054,0.18282
5898,265.79708,0.18282
5899,201.34401,0.18282
5900,224.5281,0.18282
5901,221.61605,0.18282
5902,195.25113,0.18282
5903,176.36363,0.18282
5904,177.39769,0.18282
5905,176.66078,0.18282
5906,178.68014,0.18282
5907,181.11974,0.18282
5908,199.59957,0.18282
5909,245.84218,0.18282
5910,312.94852,0.18282
5911,242.22635,0.18282
5912,257.75981,0.18282
5913,253.83804,0.18282
5914,255.23408,0.18282
5915,293.87867,0.18282
5916,329.54732,0.18282
5917,279.62722,0.18282
5918,254.0321,0.18282
5919,168.1866,0.18282
5920,177.36066,0.18282
5921,194.68693,0.18282
5922,254.34951,0.18282
5923,202.40541,0.18282
5924,221.92321,0.18282
5925,211.99432,0.18282
5926,190.16264,0.18282
5927,173.01128,0.18282
5928,174.63273,0.18282
5929,178.4248,0.18282
5930,181.9928,0.18282
5931,182.6919,0.18282
5932,204.52173,0.18282
5933,253.0788,0.18282
5934,319.14119,0.18282
5935,255.96785,0.18282
5936,265.48004,0.18282
5937,255.26015,0.18282
5938,257.86674,0.18282
5939,292.91857,0.18282
5940,331.3902,0.18282
5941,278.59718,0.18282
5942,250.0828,0.18282
5943,169.18511,0.18282
5944,189.14958,0.18282
5945,184.88911,0.18282
5946,246.28561,0.18282
5947,185.4304,0.18282
5948,222.59395,0.18282
5949,210.87307,0.18282
5950,173.08259,0.18282
5951,154.67838,0.18282
5952,156.97281,0.18282
5953,155.09274,0.18282
5954,154.21119,0.18282
5955,165.59249,0.18282
5956,196.83133,0.18282
5957,247.49516,0.18282
5958,320.22924,0.18282
5959,259.77049,0.18282
5960,275.46115,0.18282
5961,269.67565,0.18282
5962,277.85219,0.18282
5963,319.53762,0.18282
5964,345.70255,0.18282
5965,296.62788,0.18282
5966,267.15598,0.18282
5967,180.14088,0.18282
5968,181.76136,0.18282
5969,193.60928,0.18282
5970,264.66421,0.18282
5971,183.67992,0.18282
5972,238.56788,0.18282
5973,230.37769,0.18282
5974,191.38361,0.18282
5975,166.09376,0.18282
5976,161.25726,0.18282
5977,160.58931,0.18282
5978,163.32418,0.18282
5979,167.01297,0.18282
5980,189.63776,0.18282
5981,251.03625,0.18282
5982,301.68609,0.18282
5983,258.2367,0.18282
5984,194.02915,0.18282
5985,189.41126,0.18282
5986,183.91091,0.18282
5987,224.66368,0.18282
5988,267.28033,0.18282
5989,211.28429,0.18282
5990,181.31912,0.18282
5991,184.96096,0.18282
5992,186.34796,0.18282
5993,194.10453,0.18282
5994,249.81054,0.18282
5995,176.76148,0.18282
5996,209.68907,0.18282
5997,206.86098,0.18282
5998,167.56237,0.18282
5999,147.7454,0.18282
6000,145.6122,0.18282
6001,142.96558,0.18282
6002,143.11311,0.18282
6003,148.59929,0.18282
6004,173.47198,0.18282
6005,173.42903,0.18282
6006,260.03736,0.18282
6007,244.8246,0.18282
6008,198.77993,0.18282
6009,198.8538,0.18282
6010,203.69335,0.18282
6011,229.27923,0.18282
6012,264.79089,0.18282
6013,214.36758,0.18282
6014,177.57309,0.18282
6015,185.30582,0.18282
6016,184.6277,0.18282
6017,179.6696,0.18282
6018,241.49338,0.18282
6019,172.86366,0.18282
6020,198.29126,0.18282
6021,214.1789,0.18282
6022,177.95081,0.18282
6023,171.57175,0.18282
6024,169.19736,0.18282
6025,175.40047,0.18282
6026,174.68212,0.18282
6027,179.86836,0.18282
6028,198.79496,0.18282
6029,204.80744,0.18282
6030,290.69672,0.18282
6031,278.15147,0.18282
6032,313.13512,0.18282
6033,307.74619,0.18282
6034,303.40471,0.18282
6035,334.46909,0.18282
6036,378.76588,0.18282
6037,318.12549,0.18282
6038,280.95124,0.18282
6039,202.08492,0.18282
6040,196.24226,0.18282
6041,215.18191,0.18282
6042,278.54726,0.18282
6043,203.55103,0.18282
6044,225.43439,0.18282
6045,230.33381,0.18282
6046,185.52233,0.18282
6047,168.9386,0.18282
6048,164.6356,0.18282
6049,165.86687,0.18282
6050,166.55557,0.18282
6051,165.95254,0.18282
6052,196.54964,0.18282
6053,255.4877,0.18282
6054,319.75532,0.18282
6055,248.72054,0.18282
6056,280.83704,0.18282
6057,279.52169,0.18282
6058,282.71061,0.18282
6059,314.1551,0.18282
6060,352.5166,0.18282
6061,294.94455,0.18282
6062,268.20606,0.18282
6063,171.46532,0.18282
6064,177.33058,0.18282
6065,190.49321,0.18282
6066,246.68208,0.18282
6067,184.20425,0.18282
6068,234.93099,0.18282
6069,221.56467,0.18282
6070,178.42202,0.18282
6071,159.96802,0.18282
6072,158.75006,0.18282
6073,156.38258,0.18282
6074,158.85871,0.18282
6075,159.42608,0.18282
6076,186.65286,0.18282
6077,232.32192,0.18282
6078,298.50153,0.18282
6079,233.80191,0.18282
6080,259.07566,0.18282
6081,257.15171,0.18282
6082,259.10131,0.18282
6083,295.69551,0.18282
6084,334.93876,0.18282
6085,285.56696,0.18282
6086,255.84436,0.18282
6087,169.20221,0.18282
6088,189.65013,0.18282
6089,205.05003,0.18282
6090,269.07992,0.18282
6091,205.67645,0.18282
6092,211.94566,0.18282
6093,201.56519,0.18282
6094,152.84509,0.18282
6095,129.75579,0.18282
6096,131.60807,0.18282
6097,138.05587,0.18282
6098,153.06386,0.18282
6099,155.71224,0.18282
6100,190.57764,0.18282
6101,221.90923,0.18282
6102,301.01463,0.18282
6103,242.33275,0.18282
6104,261.08614,0.18282
6105,261.01206,0.18282
6106,252.94438,0.18282
6107,292.10623,0.18282
6108,335.47747,0.18282
6109,276.96452,0.18282
6110,256.47518,0.18282
6111,170.38864,0.18282
6112,184.23779,0.18282
6113,186.9506,0.18282
6114,246.9087,0.18282
6115,204.5177,0.18282
6116,218.69913,0.18282
6117,217.84842,0.18282
6118,181.56578,0.18282
6119,161.97935,0.18282
6120,161.07576,0.18282
6121,152.95917,0.18282
6122,159.50104,0.18282
6123,172.03231,0.18282
6124,198.32663,0.18282
6125,256.9787,0.18282
6126,315.22236,0.18282
6127,260.68126,0.18282
6128,282.4495,0.18282
6129,272.70679,0.18282
6130,272.93613,0.18282
6131,304.62458,0.18282
6132,344.86115,0.18282
6133,286.03614,0.18282
6134,262.50189,0.18282
6135,172.51927,0.18282
6136,178.04958,0.18282
6137,180.04248,0.18282
6138,280.10691,0.18282
6139,218.36146,0.18282
6140,234.52161,0.18282
6141,227.64283,0.18282
6142,198.57469,0.18282
6143,181.58986,0.18282
6144,178.49837,0.18282
6145,177.27189,0.18282
6146,181.01792,0.18282
6147,185.30266,0.18282
6148,210.42497,0.18282
6149,248.55527,0.18282
6150,331.64778,0.18282
6151,263.88639,0.18282
6152,191.77644,0.18282
6153,185.92507,0.18282
6154,189.0074,0.18282
6155,217.05684,0.18282
6156,252.36897,0.18282
6157,205.96426,0.18282
6158,177.28719,0.18282
6159,175.32538,0.18282
6160,175.12403,0.18282
6161,190.48541,0.18282
6162,255.01079,0.18282
6163,193.70939,0.18282
6164,211.78962,0.18282
6165,210.62973,0.18282
6166,179.34664,0.18282
6167,164.49002,0.18282
6168,157.89367,0.18282
6169,161.10551,0.18282
6170,161.28731,0.18282
6171,164.45044,0.18282
6172,169.90777,0.18282
6173,183.76925,0.18282
6174,278.73026,0.18282
6175,258.06722,0.18282
6176,195.39896,0.18282
6177,203.72886,0.18282
6178,190.32357,0.18282
6179,223.62645,0.18282
6180,253.46332,0.18282
6181,205.02404,0.18282
6182,170.72589,0.18282
6183,170.90879,0.18282
6184,185.30202,0.18282
6185,193.39885,0.18282
6186,277.37015,0.18282
6187,200.70541,0.18282
6188,225.46911,0.18282
6189,224.84569,0.18282
6190,195.3673,0.18282
6191,195.35383,0.18282
6192,195.94107,0.18282
6193,193.99903,0.18282
6194,196.08872,0.18282
6195,200.83905,0.18282
6196,220.91057,0.18282
6197,225.45053,0.18282
6198,329.4195,0.18282
6199,299.44953,0.18282
6200,335.85904,0.18282
6201,319.66669,0.18282
6202,306.06782,0.18282
6203,336.45848,0.18282
6204,377.98011,0.18282
6205,322.19508,0.18282
6206,287.69316,0.18282
6207,198.83093,0.18282
6208,209.98429,0.18282
6209,222.43755,0.18282
6210,295.5738,0.18282
6211,230.21594,0.18282
6212,239.52781,0.18282
6213,233.30755,0.18282
6214,192.54215,0.18282
6215,175.3439,0.18282
6216,172.41046,0.18282
6217,170.61985,0.18282
6218,170.34742,0.18282
6219,174.526,0.18282
6220,202.59299,0.18282
6221,253.34363,0.18282
6222,312.39485,0.18282
6223,268.8297,0.18282
6224,285.79073,0.18282
6225,272.31319,0.18282
6226,274.62026,0.18282
6227,313.29083,0.18282
6228,346.80415,0.18282
6229,300.0176,0.18282
6230,264.25006,0.18282
6231,176.53241,0.18282
6232,182.22638,0.18282
6233,183.44116,0.18282
6234,286.73452,0.18282
6235,210.3224,0.18282
6236,232.2519,0.18282
6237,230.4405,0.18282
6238,195.78846,0.18282
6239,172.77888,0.18282
6240,170.85194,0.18282
6241,169.17886,0.18282
6242,172.61613,0.18282
6243,175.24918,0.18282
6244,203.90274,0.18282
6245,239.42111,0.18282
6246,304.6316,0.18282
6247,241.70185,0.18282
6248,261.23303,0.18282
6249,256.24579,0.18282
6250,259.66611,0.18282
6251,297.04624,0.18282
6252,334.81012,0.18282
6253,283.10865,0.18282
6254,254.07855,0.18282
6255,169.97187,0.18282
6256,174.41208,0.18282
6257,187.6642,0.18282
6258,267.44977,0.18282
6259,186.8218,0.18282
6260,223.41893,0.18282
6261,211.53234,0.18282
6262,190.70731,0.18282
6263,154.35601,0.18282
6264,156.35687,0.18282
6265,162.53667,0.18282
6266,163.45054,0.18282
6267,163.82161,0.18282
6268,187.31704,0.18282
6269,238.68092,0.18282
6270,299.92517,0.18282
6271,228.15825,0.18282
6272,264.31848,0.18282
6273,261.10162,0.18282
6274,260.67834,0.18282
6275,293.97615,0.18282
6276,338.11178,0.18282
6277,283.0401,0.18282
6278,259.95617,0.18282
6279,179.56528,0.18282
6280,185.59689,0.18282
6281,200.28075,0.18282
6282,260.80395,0.18282
6283,201.62742,0.18282
6284,214.94441,0.18282
6285,211.81145,0.18282
6286,173.52024,0.18282
6287,158.32753,0.18282
6288,155.64211,0.18282
6289,157.05713,0.18282
6290,157.30219,0.18282
6291,160.06142,0.18282
6292,187.09114,0.18282
6293,248.91094,0.18282
6294,310.55543,0.18282
6295,259.7697,0.18282
6296,290.0577,0.18282
6297,286.78266,0.18282
6298,282.59672,0.18282
6299,323.70747,0.18282
6300,356.43071,0.18282
6301,304.0376,0.18282
6302,280.47655,0.18282
6303,191.15312,0.18282
6304,195.94874,0.18282
6305,211.11832,0.18282
6306,277.09668,0.18282
6307,216.45725,0.18282
6308,246.30247,0.18282
6309,252.78791,0.18282
6310,209.32703,0.18282
6311,193.21673,0.18282
6312,193.92537,0.18282
6313,189.75265,0.18282
6314,190.22044,0.18282
6315,192.75822,0.18282
6316,221.73221,0.18282
6317,259.05415,0.18282
6318,342.35254,0.18282
6319,277.53213,0.18282
6320,216.47327,0.18282
6321,210.08956,0.18282
6322,212.72136,0.18282
6323,239.50036,0.18282
6324,271.26079,0.18282
6325,219.29904,0.18282
6326,196.50554,0.18282
6327,205.03102,0.18282
6328,210.67682,0.18282
6329,207.55175,0.18282
6330,269.65304,0.18282
6331,205.32719,0.18282
6332,232.6546,0.18282
6333,248.61833,0.18282
6334,213.81419,0.18282
6335,201.21158,0.18282
6336,191.05317,0.18282
6337,194.96925,0.18282
6338,197.96738,0.18282
6339,200.64746,0.18282
6340,202.77329,0.18282
6341,214.54018,0.18282
6342,306.14361,0.18282
6343,289.41379,0.18282
6344,233.05978,0.18282
6345,234.96784,0.18282
6346,220.40669,0.18282
6347,245.6618,0.18282
6348,290.73884,0.18282
6349,221.19664,0.18282
6350,190.66576,0.18282
6351,202.02944,0.18282
6352,207.29642,0.18282
6353,218.77207,0.18282
6354,278.24459,0.18282
6355,213.14658,0.18282
6356,228.79032,0.18282
6357,231.8838,0.18282
6358,201.02366,0.18282
6359,195.29316,0.18282
6360,196.50537,0.18282
6361,194.70153,0.18282
6362,193.47703,0.18282
6363,194.74981,0.18282
6364,213.63351,0.18282
6365,224.9857,0.18282
6366,318.20716,0.18282
6367,295.15605,0.18282
6368,341.50725,0.18282
6369,332.11613,0.18282
6370,324.0459,0.18282
6371,354.31996,0.18282
6372,385.16705,0.18282
6373,330.92405,0.18282
6374,298.05145,0.18282
6375,218.98882,0.18282
6376,221.40807,0.18282
6377,251.19441,0.18282
6378,299.71352,0.18282
6379,235.62399,0.18282
6380,248.85797,0.18282
6381,268.78772,0.18282
6382,215.03003,0.18282
6383,200.69397,0.18282
6384,201.91186,0.18282
6385,204.02947,0.18282
6386,206.88392,0.18282
6387,210.69534,0.18282
6388,247.26405,0.18282
6389,303.75489,0.18282
6390,380.69588,0.18282
6391,311.33046,0.18282
6392,333.32003,0.18282
6393,319.7072,0.18282
6394,317.63446,0.18282
6395,348.20839,0.18282
6396,383.38201,0.18282
6397,319.27485,0.18282
6398,294.15512,0.18282
6399,214.52084,0.18282
6400,230.06019,0.18282
6401,244.76393,0.18282
6402,325.97564,0.18282
6403,252.29979,0.18282
6404,258.13863,0.18282
6405,258.06898,0.18282
6406,217.15609,0.18282
6407,206.91591,0.18282
6408,205.53259,0.18282
6409,204.51391,0.18282
6410,207.62711,0.18282
6411,207.48099,0.18282
6412,238.74353,0.18282
6413,281.81453,0.18282
6414,350.59424,0.18282
6415,289.29668,0.18282
6416,307.99705,0.18282
6417,302.25783,0.18282
6418,293.65187,0.18282
6419,328.67915,0.18282
6420,359.68695,0.18282
6421,299.91425,0.18282
6422,273.51531,0.18282
6423,188.71108,0.18282
6424,207.91411,0.18282
6425,225.1694,0.18282
6426,297.80023,0.18282
6427,241.68117,0.18282
6428,280.79476,0.18282
6429,250.92907,0.18282
6430,213.87829,0.18282
6431,201.87138,0.18282
6432,200.67711,0.18282
6433,203.2708,0.18282
6434,196.62492,0.18282
6435,192.77041,0.18282
6436,223.86748,0.18282
6437,266.55028,0.18282
6438,348.99867,0.18282
6439,280.77514,0.18282
6440,302.27207,0.18282
6441,295.79243,0.18282
6442,284.71082,0.18282
6443,315.84478,0.18282
6444,353.73968,0.18282
6445,297.02698,0.18282
6446,258.21072,0.18282
6447,179.6031,0.18282
6448,189.50094,0.18282
6449,224.6874,0.18282
6450,286.60904,0.18282
6451,247.20443,0.18282
6452,265.14417,0.18282
6453,249.09473,0.18282
6454,208.72272,0.18282
6455,190.83028,0.18282
6456,186.42553,0.18282
6457,196.0578,0.18282
6458,201.86486,0.18282
6459,201.70408,0.18282
6460,229.07605,0.18282
6461,280.45117,0.18282
6462,349.45681,0.18282
6463,300.59026,0.18282
6464,320.92095,0.18282
6465,303.72336,0.18282
6466,298.82809,0.18282
6467,327.97939,0.18282
6468,366.24266,0.18282
6469,315.35892,0.18282
6470,299.94651,0.18282
6471,223.82429,0.18282
6472,255.83061,0.18282
6473,235.54496,0.18282
6474,326.57782,0.18282
6475,253.11667,0.18282
6476,275.82072,0.18282
6477,257.77928,0.18282
6478,223.37694,0.18282
6479,204.72748,0.18282
6480,205.31281,0.18282
6481,203.77684,0.18282
6482,209.90715,0.18282
6483,207.5324,0.18282
6484,234.69934,0.18282
6485,283.65714,0.18282
6486,364.09,0.18282
6487,303.17837,0.18282
6488,246.16509,0.18282
6489,240.96203,0.18282
6490,233.74141,0.18282
6491,269.27558,0.18282
6492,324.06809,0.18282
6493,260.99525,0.18282
6494,245.43046,0.18282
6495,249.36428,0.18282
6496,240.73132,0.18282
6497,264.01924,0.18282
6498,319.08558,0.18282
6499,250.03457,0.18282
6500,269.02297,0.18282
6501,266.31724,0.18282
6502,235.76859,0.18282
6503,216.35183,0.18282
6504,220.31233,0.18282
6505,223.77837,0.18282
6506,227.00414,0.18282
6507,233.30221,0.18282
6508,239.68848,0.18282
6509,254.81966,0.18282
6510,343.30681,0.18282
6511,333.85452,0.18282
6512,292.69779,0.18282
6513,275.25446,0.18282
6514,250.85719,0.18282
6515,283.54743,0.18282
6516,322.13688,0.18282
6517,249.80539,0.18282
6518,237.26881,0.18282
6519,236.49382,0.18282
6520,236.52858,0.18282
6521,234.83052,0.18282
6522,308.91464,0.18282
6523,231.43137,0.18282
6524,252.25309,0.18282
6525,251.12927,0.18282
6526,219.97943,0.18282
6527,215.40987,0.18282
6528,206.11495,0.18282
6529,205.43898,0.18282
6530,203.48824,0.18282
6531,206.21128,0.18282
6532,221.2324,0.18282
6533,235.31581,0.18282
6534,332.87387,0.18282
6535,310.80798,0.18282
6536,340.81181,0.18282
6537,336.89836,0.18282
6538,335.83087,0.18282
6539,359.61967,0.18282
6540,400.0,3.4965794
6541,370.94558,0.18282
6542,320.39639,0.18282
6543,262.99716,0.18282
6544,248.23151,0.18282
6545,244.43669,0.18282
6546,329.82426,0.18282
6547,261.16172,0.18282
6548,270.09895,0.18282
6549,271.12703,0.18282
6550,233.65383,0.18282
6551,207.39398,0.18282
6552,206.4286,0.18282
6553,206.40951,0.18282
6554,208.06687,0.18282
6555,211.91786,0.18282
6556,244.7146,0.18282
6557,308.04601,0.18282
6558,385.43148,0.18282
6559,307.26828,0.18282
6560,332.21361,0.18282
6561,325.41675,0.18282
6562,326.4611,0.18282
6563,359.22242,0.18282
6564,390.94511,0.18282
6565,325.41426,0.18282
6566,295.87005,0.18282
6567,220.75949,0.18282
6568,225.64985,0.18282
6569,248.63976,0.18282
6570,317.23698,0.18282
6571,246.4589,0.18282
6572,279.7298,0.18282
6573,276.25278,0.18282
6574,217.64896,0.18282
6575,203.15154,0.18282
6576,201.77817,0.18282
6577,202.68171,0.18282
6578,205.47707,0.18282
6579,207.78152,0.18282
6580,240.71184,0.18282
6581,285.96155,0.18282
6582,362.48083,0.18282
6583,296.35598,0.18282
6584,315.92978,0.18282
6585,310.25425,0.18282
6586,305.94161,0.18282
6587,333.46525,0.18282
6588,378.64346,0.18282
6589,327.5016,0.18282
6590,300.42763,0.18282
6591,225.71656,0.18282
6592,234.94548,0.18282
6593,250.87203,0.18282
6594,331.18265,0.18282
6595,269.87689,0.18282
6596,277.46392,0.18282
6597,252.12003,0.18282
6598,235.89495,0.18282
6599,201.45361,0.18282
6600,200.38154,0.18282
6601,203.35278,0.18282
6602,203.56925,0.18282
6603,206.02577,0.18282
6604,234.45535,0.18282
6605,281.80685,0.18282
6606,369.38568,0.18282
6607,297.21076,0.18282
6608,275.69051,0.18282
6609,277.02931,0.18282
6610,310.14345,0.18282
6611,341.39865,0.18282
6612,376.79344,0.18282
6613,313.9555,0.18282
6614,293.01949,0.18282
6615,216.46759,0.18282
6616,235.99712,0.18282
6617,241.83151,0.18282
6618,330.46518,0.18282
6619,261.11017,0.18282
6620,289.0179,0.18282
6621,284.34055,0.18282
6622,236.64699,0.18282
6623,222.44788,0.18282
6624,225.36949,0.18282
6625,218.18312,0.18282
6626,220.66767,0.18282
6627,225.01093,0.18282
6628,258.48448,0.18282
6629,317.63497,0.18282
6630,386.55312,0.18282
6631,340.81883,0.18282
6632,355.21852,0.18282
6633,347.12521,0.18282
6634,334.41958,0.18282
6635,361.21495,0.18282
6636,392.34263,0.18282
6637,331.98104,0.18282
6638,311.86655,0.18282
6639,236.04196,0.18282
6640,230.90922,0.18282
6641,254.85218,0.18282
6642,346.28863,0.18282
6643,265.82635,0.18282
6644,265.33544,0.18282
6645,254.32335,0.18282
6646,216.30442,0.18282
6647,196.35368,0.18282
6648,192.99181,0.18282
6649,189.74087,0.18282
6650,191.30686,0.18282
6651,190.6189,0.18282
6652,215.68686,0.18282
6653,272.31531,0.18282
6654,337.12751,0.18282
6655,288.16404,0.18282
6656,216.00434,0.18282
6657,202.92013,0.18282
6658,194.08262,0.18282
6659,223.38576,0.18282
6660,265.44797,0.18282
6661,206.70488,0.18282
6662,196.40282,0.18282
6663,209.54352,0.18282
6664,229.86893,0.18282
6665,225.51276,0.18282
6666,284.43744,0.18282
6667,214.81207,0.18282
6668,248.90827,0.18282
6669,244.85598,0.18282
6670,203.45782,0.18282
6671,193.15045,0.18282
6672,194.76836,0.18282
6673,194.24722,0.18282
6674,190.2227,0.18282
6675,189.62117,0.18282
6676,189.48338,0.18282
6677,198.75407,0.18282
6678,293.406,0.18282
6679,279.84508,0.18282
6680,248.14875,0.18282
6681,258.45024,0.18282
6682,250.74593,0.18282
6683,260.16752,0.18282
6684,289.0647,0.18282
6685,233.55661,0.18282
6686,210.69144,0.18282
6687,223.491,0.18282
6688,237.94866,0.18282
6689,224.85471,0.18282
6690,293.35617,0.18282
6691,215.70635,0.18282
6692,235.9596,0.18282
6693,230.29299,0.18282
6694,198.47661,0.18282
6695,204.69686,0.18282
6696,189.22854,0.18282
6697,190.59626,0.18282
6698,192.92529,0.18282
6699,198.77112,0.18282
6700,216.06909,0.18282
6701,232.61144,0.18282
6702,333.76192,0.18282
6703,316.25485,0.18282
6704,374.29158,0.18282
6705,365.87899,0.18282
6706,335.60202,0.18282
6707,375.90826,0.18282
6708,400.0,25.100712
6709,344.43296,0.18282
6710,316.28959,0.18282
6711,220.55717,0.18282
6712,235.02385,0.18282
6713,260.54297,0.18282
6714,337.68403,0.18282
6715,281.17352,0.18282
6716,298.02919,0.18282
6717,300.92354,0.18282
6718,254.40184,0.18282
6719,227.98667,0.18282
6720,220.96935,0.18282
6721,220.30959,0.18282
6722,214.59543,0.18282
6723,214.95808,0.18282
6724,239.66,0.18282
6725,284.78926,0.18282
6726,377.12268,0.18282
6727,310.17961,0.18282
6728,336.25135,0.18282
6729,321.95554,0.18282
6730,323.94318,0.18282
6731,361.8213,0.18282
6732,392.95969,0.18282
6733,338.02079,0.18282
6734,305.89206,0.18282
6735,220.07495,0.18282
6736,231.39301,0.18282
6737,245.67018,0.18282
6738,308.76808,0.18282
6739,233.10369,0.18282
6740,258.07457,0.18282
6741,252.2972,0.18282
6742,210.42241,0.18282
6743,190.08183,0.18282
6744,188.34944,0.18282
6745,185.72612,0.18282
6746,182.83556,0.18282
6747,181.90729,0.18282
6748,207.64346,0.18282
6749,249.5071,0.18282
6750,312.46458,0.18282
6751,260.34496,0.18282
6752,289.334,0.18282
6753,278.66028,0.18282
6754,270.92385,0.18282
6755,296.78304,0.18282
6756,331.1954,0.18282
6757,279.67537,0.18282
6758,260.31247,0.18282
6759,174.28906,0.18282
6760,184.65251,0.18282
6761,189.72893,0.18282
6762,289.44849,0.18282
6763,218.67869,0.18282
6764,231.80606,0.18282
6765,215.37742,0.18282
6766,181.80452,0.18282
6767,164.02293,0.18282
6768,162.91574,0.18282
6769,162.85579,0.18282
6770,160.71284,0.18282
6771,160.35333,0.18282
6772,187.5495,0.18282
6773,242.53623,0.18282
6774,312.5954,0.18282
6775,243.89988,0.18282
6776,276.57991,0.18282
6777,266.09842,0.18282
6778,251.16624,0.18282
6779,291.54932,0.18282
6780,323.5968,0.18282
6781,274.30532,0.18282
6782,266.93181,0.18282
6783,175.14148,0.18282
6784,199.5151,0.18282
6785,219.46409,0.18282
6786,273.25572,0.18282
6787,205.73466,0.18282
6788,230.26036,0.18282
6789,221.6079,0.18282
6790,179.04009,0.18282
6791,165.36049,0.18282
6792,162.95867,0.18282
6793,164.34223,0.18282
6794,166.2664,0.18282
6795,176.18206,0.18282
6796,217.76281,0.18282
6797,265.43934,0.18282
6798,383.81018,0.18282
6799,307.53858,0.18282
6800,325.7005,0.18282
6801,288.55861,0.18282
6802,290.0572,0.18282
6803,325.08802,0.18282
6804,361.21746,0.18282
6805,315.98668,0.18282
6806,299.668,0.18282
6807,213.7061,0.18282
6808,229.81951,0.18282
6809,257.23762,0.18282
6810,306.83964,0.18282
6811,259.00302,0.18282
6812,277.92003,0.18282
6813,267.43665,0.18282
6814,225.57178,0.18282
6815,215.3946,0.18282
6816,215.75468,0.18282
6817,217.80041,0.18282
6818,220.63644,0.18282
6819,228.11834,0.18282
6820,251.62645,0.18282
6821,293.29635,0.18282
6822,392.91317,0.18282
6823,331.7299,0.18282
6824,250.91146,0.18282
6825,225.85906,0.18282
6826,217.84756,0.18282
6827,238.69993,0.18282
6828,273.41047,0.18282
6829,219.36959,0.18282
6830,192.81815,0.18282
6831,212.0045,0.18282
6832,232.6932,0.18282
6833,241.50327,0.18282
6834,316.26729,0.18282
6835,240.8383,0.18282
6836,253.34071,0.18282
6837,259.29351,0.18282
6838,220.91671,0.18282
6839,206.64869,0.18282
6840,215.14955,0.18282
6841,214.60311,0.18282
6842,216.85183,0.18282
6843,219.97908,0.18282
6844,223.10145,0.18282
6845,233.74741,0.18282
6846,331.11116,0.18282
6847,319.20776,0.18282
6848,267.40925,0.18282
6849,244.17198,0.18282
6850,225.94482,0.18282
6851,250.11531,0.18282
6852,277.48198,0.18282
6853,220.03375,0.18282
6854,181.26672,0.18282
6855,198.08069,0.18282
6856,203.93084,0.18282
6857,198.65713,0.18282
6858,298.66259,0.18282
6859,215.57014,0.18282
6860,234.14254,0.18282
6861,227.99522,0.18282
6862,197.07973,0.18282
6863,208.88437,0.18282
6864,204.48656,0.18282
6865,198.30662,0.18282
6866,198.82492,0.18282
6867,207.84854,0.18282
6868,221.97928,0.18282
6869,240.90814,0.18282
6870,331.74022,0.18282
6871,321.5508,0.18282
6872,353.32321,0.18282
6873,355.28082,0.18282
6874,343.94715,0.18282
6875,342.75508,0.18282
6876,385.21246,0.18282
6877,324.58524,0.18282
6878,313.65306,0.18282
6879,219.83113,0.18282
6880,227.95148,0.18282
6881,265.03082,0.18282
6882,337.83878,0.18282
6883,249.39062,0.18282
6884,275.53568,0.18282
6885,271.3311,0.18282
6886,213.97382,0.18282
6887,190.85253,0.18282
6888,189.94194,0.18282
6889,190.21383,0.18282
6890,194.17769,0.18282
6891,192.86958,0.18282
6892,223.60684,0.18282
6893,293.30093,0.18282
6894,352.24321,0.18282
6895,301.19436,0.18282
6896,324.27373,0.18282
6897,303.34516,0.18282
6898,301.6699,0.18282
6899,331.10473,0.18282
6900,372.32272,0.18282
6901,306.85265,0.18282
6902,291.64263,0.18282
6903,192.56987,0.18282
6904,239.81416,0.18282
6905,259.95806,0.18282
6906,315.84496,0.18282
6907,243.52712,0.18282
6908,275.11053,0.18282
6909,276.74971,0.18282
6910,224.66557,0.18282
6911,209.01668,0.18282
6912,209.08627,0.18282
6913,212.22066,0.18282
6914,214.87562,0.18282
6915,217.8774,0.18282
6916,242.69177,0.18282
6917,297.23072,0.18282
6918,364.20037,0.18282
6919,297.84221,0.18282
6920,317.94949,0.18282
6921,291.73802,0.18282
6922,288.34117,0.18282
6923,325.21227,0.18282
6924,358.37782,0.18282
6925,310.15466,0.18282
6926,288.68422,0.18282
6927,213.28544,0.18282
6928,222.50465,0.18282
6929,242.09263,0.18282
6930,299.45231,0.18282
6931,248.1517,0.18282
6932,284.05822,0.18282
6933,268.42565,0.18282
6934,241.55499,0.18282
6935,209.45857,0.18282
6936,211.35528,0.18282
6937,207.97021,0.18282
6938,213.03694,0.18282
6939,209.2328,0.18282
6940,238.37438,0.18282
6941,289.87956,0.18282
6942,370.79202,0.18282
6943,307.79886,0.18282
6944,326.61741,0.18282
6945,302.42136,0.18282
6946,292.86938,0.18282
6947,320.95987,0.18282
6948,357.62749,0.18282
6949,308.25546,0.18282
6950,279.80741,0.18282
6951,210.92716,0.18282
6952,224.86323,0.18282
6953,258.63225,0.18282
6954,315.18426,0.18282
6955,253.24325,0.18282
6956,266.52238,0.18282
6957,270.72199,0.18282
6958,212.50926,0.18282
6959,200.03554,0.18282
6960,190.23584,0.18282
6961,189.44283,0.18282
6962,192.497,0.18282
6963,199.04102,0.18282
6964,224.83669,0.18282
6965,274.82898,0.18282
6966,376.57767,0.18282
6967,302.58142,0.18282
6968,338.98531,0.18282
6969,325.97241,0.18282
6970,329.96545,0.18282
6971,359.36101,0.18282
6972,399.61508,0.18282
6973,341.15346,0.18282
6974,308.75896,0.18282
6975,227.67667,0.18282
6976,260.81739,0.18282
6977,279.81936,0.18282
6978,352.69338,0.18282
6979,312.42117,0.18282
6980,340.54147,0.18282
6981,322.8054,0.18282
6982,278.29655,0.18282
6983,269.00166,0.18282
6984,265.25823,0.18282
6985,267.7799,0.18282
6986,272.269,0.18282
6987,282.77209,0.18282
6988,319.20962,0.18282
6989,349.71042,0.18282
6990,400.0,35.05364
6991,396.93521,0.18282
6992,318.62471,0.18282
6993,299.0136,0.18282
6994,282.28086,0.18282
6995,309.79832,0.18282
6996,344.34541,0.18282
6997,291.31999,0.18282
6998,256.24438,0.18282
6999,261.58804,0.18282
7000,280.98467,0.18282
7001,290.06721,0.18282
7002,379.27315,0.18282
7003,301.80293,0.18282
7004,321.24091,0.18282
7005,303.04194,0.18282
7006,273.86301,0.18282
7007,257.86416,0.18282
7008,254.26358,0.18282
7009,250.32866,0.18282
7010,247.85944,0.18282
7011,249.74583,0.18282
7012,250.30156,0.18282
7013,257.58654,0.18282
7014,351.60026,0.18282
7015,336.85537,0.18282
7016,298.82065,0.18282
7017,315.84515,0.18282
7018,306.06694,0.18282
7019,319.27908,0.18282
7020,333.7124,0.18282
7021,265.41794,0.18282
7022,256.71404,0.18282
7023,250.49598,0.18282
7024,267.09783,0.18282
7025,271.76111,0.18282
7026,343.28878,0.18282
7027,267.41907,0.18282
7028,295.71274,0.18282
7029,312.4623,0.18282
7030,248.0944,0.18282
7031,248.64136,0.18282
7032,250.83723,0.18282
7033,251.45777,0.18282
7034,244.56355,0.18282
7035,242.48834,0.18282
7036,261.52119,0.18282
7037,278.25276,0.18282
7038,381.32688,0.18282
7039,357.2371,0.18282
7040,400.0,0.33201022
7041,400.0,8.3585585
7042,378.27235,0.18282
7043,400.0,6.4998435
7044,400.0,47.027921
7045,383.84171,0.18282
7046,346.16627,0.18282
7047,277.50986,0.18282
7048,270.48813,0.18282
7049,270.70819,0.18282
7050,332.21214,0.18282
7051,248.18443,0.18282
7052,275.76849,0.18282
7053,264.91264,0.18282
7054,219.8685,0.18282
7055,202.22871,0.18282
7056,201.53967,0.18282
7057,194.68665,0.18282
7058,193.17053,0.18282
7059,204.29003,0.18282
7060,245.13536,0.18282
7061,308.16391,0.18282
7062,389.38905,0.18282
7063,332.05281,0.18282
7064,359.62548,0.18282
7065,344.85663,0.18282
7066,344.72854,0.18282
7067,375.39678,0.18282
7068,386.18684,0.18282
7069,350.60642,0.18282
7070,323.44278,0.18282
7071,227.01507,0.18282
7072,276.94716,0.18282
7073,265.60785,0.18282
7074,339.73148,0.18282
7075,270.16733,0.18282
7076,289.80761,0.18282
7077,285.43413,0.18282
7078,229.5553,0.18282
7079,224.15048,0.18282
7080,206.22582,0.18282
7081,222.42887,0.18282
7082,205.49778,0.18282
7083,227.06188,0.18282
7084,233.12844,0.18282
7085,324.70323,0.18282
7086,346.32423,0.18282
7087,313.89095,0.18282
7088,332.6632,0.18282
7089,338.5124,0.18282
7090,333.36622,0.18282
7091,345.00484,0.18282
7092,372.50771,0.18282
7093,325.71125,0.18282
7094,296.17356,0.18282
7095,212.29191,0.18282
7096,237.13101,0.18282
7097,251.51067,0.18282
7098,309.399,0.18282
7099,244.81301,0.18282
7100,296.88734,0.18282
7101,261.38364,0.18282
7102,221.28303,0.18282
7103,192.46915,0.18282
7104,187.88352,0.18282
7105,183.65778,0.18282
7106,185.15801,0.18282
7107,187.05553,0.18282
7108,218.02451,0.18282
7109,266.59782,0.18282
7110,321.32879,0.18282
7111,275.091,0.18282
7112,298.10099,0.18282
7113,295.74584,0.18282
7114,288.67935,0.18282
7115,319.25567,0.18282
7116,357.26345,0.18282
7117,292.16191,0.18282
7118,267.9784,0.18282
7119,188.77802,0.18282
7120,203.85286,0.18282
7121,216.17789,0.18282
7122,289.53847,0.18282
7123,231.9708,0.18282
7124,243.35385,0.18282
7125,227.47589,0.18282
7126,191.82935,0.18282
7127,168.00839,0.18282
7128,169.64502,0.18282
7129,170.21874,0.18282
7130,172.0751,0.18282
7131,180.88372,0.18282
7132,207.62877,0.18282
7133,268.52838,0.18282
7134,349.91249,0.18282
7135,293.55502,0.18282
7136,328.85282,0.18282
7137,304.61598,0.18282
7138,309.53385,0.18282
7139,337.76849,0.18282
7140,374.47228,0.18282
7141,316.81618,0.18282
7142,280.3925,0.18282
7143,207.94608,0.18282
7144,221.01983,0.18282
7145,225.80249,0.18282
7146,306.58087,0.18282
7147,238.10265,0.18282
7148,256.47363,0.18282
7149,250.41888,0.18282
7150,206.95287,0.18282
7151,185.09327,0.18282
7152,182.66361,0.18282
7153,186.54666,0.18282
7154,187.9195,0.18282
7155,190.24887,0.18282
7156,221.24165,0.18282
7157,272.56949,0.18282
7158,366.37215,0.18282
7159,303.15998,0.18282
7160,244.25381,0.18282
7161,239.26405,0.18282
7162,224.07427,0.18282
7163,250.10701,0.18282
7164,287.65768,0.18282
7165,236.66235,0.18282
7166,214.73733,0.18282
7167,218.87326,0.18282
7168,232.71719,0.18282
7169,240.39474,0.18282
7170,305.52824,0.18282
7171,236.26774,0.18282
7172,252.3741,0.18282
7173,249.92671,0.18282
7174,218.95958,0.18282
7175,203.4994,0.18282
7176,200.33728,0.18282
7177,195.03842,0.18282
7178,195.03962,0.18282
7179,196.21535,0.18282
7180,199.38354,0.18282
7181,214.38783,0.18282
7182,313.01894,0.18282
7183,290.14521,0.18282
7184,260.82557,0.18282
7185,277.4243,0.18282
7186,274.09861,0.18282
7187,288.24781,0.18282
7188,314.07732,0.18282
7189,251.79508,0.18282
7190,223.79155,0.18282
7191,249.06628,0.18282
7192,241.46859,0.18282
7193,221.23131,0.18282
7194,281.54533,0.18282
7195,206.7907,0.18282
7196,231.56844,0.18282
7197,234.86319,0.18282
7198,195.55702,0.18282
7199,190.53294,0.18282
7200,200.38417,0.18282
7201,206.07606,0.18282
7202,188.3202,0.18282
7203,191.21921,0.18282
7204,207.02356,0.18282
7205,221.35071,0.18282
7206,344.6994,0.18282
7207,320.60661,0.18282
7208,360.11714,0.18282
7209,393.6221,0.18282
7210,388.01726,0.18282
7211,400.0,5.4621239
7212,400.0,21.608527
7213,375.04085,0.18282
7214,335.87497,0.18282
7215,275.11556,0.18282
7216,258.7159,0.18282
7217,251.59589,0.18282
7218,353.92978,0.18282
7219,255.80633,0.18282
7220,304.93324,0.18282
7221,289.57809,0.18282
7222,250.31539,0.18282
7223,201.56751,0.18282
7224,204.36658,0.18282
7225,200.30299,0.18282
7226,200.86584,0.18282
7227,201.51251,0.18282
7228,216.49454,0.18282
7229,237.50383,0.18282
7230,396.03927,0.18282
7231,365.90782,0.18282
7232,362.08626,0.18282
7233,343.00422,0.18282
7234,345.74874,0.18282
7235,360.20245,0.18282
7236,400.0,2.6776363
7237,349.12273,0.18282
7238,311.10875,0.18282
7239,223.257,0.18282
7240,237.83717,0.18282
7241,258.61137,0.18282
7242,309.52987,0.18282
7243,254.86344,0.18282
7244,255.40618,0.18282
7245,268.93165,0.18282
7246,218.51643,0.18282
7247,185.31745,0.18282
7248,174.06764,0.18282
7249,169.71105,0.18282
7250,171.77731,0.18282
7251,171.17798,0.18282
7252,194.5062,0.18282
7253,206.78224,0.18282
7254,342.61886,0.18282
7255,321.79501,0.18282
7256,326.89406,0.18282
7257,335.15856,0.18282
7258,307.28215,0.18282
7259,339.12793,0.18282
7260,385.52399,0.18282
7261,327.59054,0.18282
7262,300.14661,0.18282
7263,214.53907,0.18282
7264,240.18036,0.18282
7265,235.07721,0.18282
7266,300.34515,0.18282
7267,244.55046,0.18282
7268,272.07408,0.18282
7269,271.66609,0.18282
7270,216.66106,0.18282
7271,190.47567,0.18282
7272,178.57653,0.18282
7273,168.18028,0.18282
7274,164.48891,0.18282
7275,165.22167,0.18282
7276,180.33003,0.18282
7277,202.39982,0.18282
7278,327.15418,0.18282
7279,325.63397,0.18282
7280,315.65907,0.18282
7281,318.65456,0.18282
7282,299.3299,0.18282
7283,353.10901,0.18282
7284,389.0649,0.18282
7285,327.28687,0.18282
7286,294.82387,0.18282
7287,213.43545,0.18282
7288,218.63169,0.18282
7289,229.89194,0.18282
7290,305.52136,0.18282
7291,245.03596,0.18282
7292,264.10436,0.18282
7293,259.14273,0.18282
7294,222.13523,0.18282
7295,182.74187,0.18282
7296,176.48119,0.18282
7297,175.46614,0.18282
7298,174.01136,0.18282
7299,173.56942,0.18282
7300,190.16418,0.18282
7301,203.27719,0.18282
7302,342.95643,0.18282
7303,346.52456,0.18282
7304,345.14587,0.18282
7305,321.73471,0.18282
7306,329.30758,0.18282
7307,369.46584,0.18282
7308,400.0,0.18380091
7309,366.21408,0.18282
7310,318.12,0.18282
7311,235.55326,0.18282
7312,234.96376,0.18282
7313,232.82502,0.18282
7314,312.11479,0.18282
7315,242.32312,0.18282
7316,255.44407,0.18282
7317,257.96964,0.18282
7318,220.19342,0.18282
7319,172.59213,0.18282
7320,170.47123,0.18282
7321,167.86099,0.18282
7322,165.978,0.18282
7323,165.57608,0.18282
7324,183.42611,0.18282
7325,194.77849,0.18282
7326,297.82793,0.18282
7327,301.24311,0.18282
7328,249.42883,0.18282
7329,235.29075,0.18282
7330,232.67831,0.18282
7331,271.93975,0.18282
7332,291.27846,0.18282
7333,250.01771,0.18282
7334,226.49868,0.18282
7335,226.97918,0.18282
7336,249.4731,0.18282
7337,223.63111,0.18282
7338,287.29608,0.18282
7339,216.00895,0.18282
7340,236.24138,0.18282
7341,232.30959,0.18282
7342,200.54682,0.18282
7343,181.28053,0.18282
7344,180.55087,0.18282
7345,173.15136,0.18282
7346,174.49074,0.18282
7347,173.22534,0.18282
7348,172.42961,0.18282
7349,180.52672,0.18282
7350,271.39679,0.18282
7351,267.77069,0.18282
7352,227.91138,0.18282
7353,222.23293,0.18282
7354,255.75622,0.18282
7355,286.15501,0.18282
7356,320.17388,0.18282
7357,250.35918,0.18282
7358,236.6975,0.18282
7359,215.31725,0.18282
7360,206.72206,0.18282
7361,220.44575,0.18282
7362,280.69357,0.18282
7363,222.02823,0.18282
7364,226.86914,0.18282
7365,220.59413,0.18282
7366,190.83845,0.18282
7367,188.19597,0.18282
7368,184.35574,0.18282
7369,178.55978,0.18282
7370,176.74796,0.18282
7371,176.47219,0.18282
7372,192.03357,0.18282
7373,197.45254,0.18282
7374,307.30971,0.18282
7375,298.70132,0.18282
7376,342.37684,0.18282
7377,365.14636,0.18282
7378,357.75643,0.18282
7379,389.24513,0.18282
7380,400.0,28.433432
7381,363.45801,0.18282
7382,327.37728,0.18282
7383,270.57812,0.18282
7384,256.48299,0.18282
7385,262.11423,0.18282
7386,327.71767,0.18282
7387,268.03692,0.18282
7388,293.68305,0.18282
7389,276.57808,0.18282
7390,238.86282,0.18282
7391,183.42256,0.18282
7392,177.69092,0.18282
7393,169.29902,0.18282
7394,169.77516,0.18282
7395,171.24607,0.18282
7396,185.03869,0.18282
7397,208.77266,0.18282
7398,369.28592,0.18282
7399,357.11211,0.18282
7400,336.45567,0.18282
7401,338.8178,0.18282
7402,330.91178,0.18282
7403,369.59699,0.18282
7404,400.0,5.8107154
7405,346.68365,0.18282
7406,322.91565,0.18282
7407,230.14277,0.18282
7408,240.60153,0.18282
7409,245.33295,0.18282
7410,332.56195,0.18282
7411,266.72123,0.18282
7412,278.06379,0.18282
7413,304.37349,0.18282
7414,254.34413,0.18282
7415,201.10315,0.18282
7416,186.52885,0.18282
7417,186.02906,0.18282
7418,183.53182,0.18282
7419,185.00349,0.18282
7420,203.05707,0.18282
7421,212.6486,0.18282
7422,352.87422,0.18282
7423,338.11142,0.18282
7424,327.49022,0.18282
7425,322.45307,0.18282
7426,315.8428,0.18282
7427,354.37277,0.18282
7428,387.49452,0.18282
7429,332.85121,0.18282
7430,301.69919,0.18282
7431,215.1198,0.18282
7432,236.80004,0.18282
7433,249.22853,0.18282
7434,301.3132,0.18282
7435,263.56862,0.18282
7436,281.73648,0.18282
7437,260.43317,0.18282
7438,225.28904,0.18282
7439,186.23717,0.18282
7440,177.41794,0.18282
7441,175.7834,0.18282
7442,174.4325,0.18282
7443,176.26965,0.18282
7444,189.15036,0.18282
7445,206.11722,0.18282
7446,356.15716,0.18282
7447,335.60573,0.18282
7448,317.40819,0.18282
7449,311.07352,0.18282
7450,305.98899,0.18282
7451,344.27357,0.18282
7452,390.26164,0.18282
7453,349.78401,0.18282
7454,313.93475,0.18282
7455,212.6619,0.18282
7456,231.87888,0.18282
7457,246.22338,0.18282
7458,322.94997,0.18282
7459,259.76895,0.18282
7460,292.81786,0.18282
7461,288.54276,0.18282
7462,233.80571,0.18282
7463,194.52983,0.18282
7464,194.93141,0.18282
7465,192.16365,0.18282
7466,190.0115,0.18282
7467,190.18556,0.18282
7468,209.93933,0.18282
7469,228.10122,0.18282
7470,384.15752,0.18282
7471,363.00611,0.18282
7472,364.40723,0.18282
7473,351.35315,0.18282
7474,344.42726,0.18282
7475,379.72481,0.18282
7476,400.0,27.718304
7477,362.32808,0.18282
7478,340.07973,0.18282
7479,245.43216,0.18282
7480,264.54934,0.18282
7481,278.2384,0.18282
7482,331.86536,0.18282
7483,279.05134,0.18282
7484,317.28072,0.18282
7485,302.42049,0.18282
7486,259.42686,0.18282
7487,216.37564,0.18282
7488,206.0257,0.18282
7489,206.83752,0.18282
7490,199.94541,0.18282
7491,200.47453,0.18282
7492,213.07353,0.18282
7493,225.59346,0.18282
7494,373.18932,0.18282
7495,330.42576,0.18282
7496,249.01684,0.18282
7497,238.69082,0.18282
7498,234.84664,0.18282
7499,273.06612,0.18282
7500,306.98434,0.18282
7501,232.79624,0.18282
7502,230.98145,0.18282
7503,225.74979,0.18282
7504,230.44207,0.18282
7505,232.05873,0.18282
7506,301.65894,0.18282
7507,230.28897,0.18282
7508,242.4611,0.18282
7509,238.60155,0.18282
7510,204.7727,0.18282
7511,184.23779,0.18282
7512,182.86324,0.18282
7513,171.89765,0.18282
7514,173.02612,0.18282
7515,172.78813,0.18282
7516,174.19301,0.18282
7517,180.09066,0.18282
7518,272.27089,0.18282
7519,256.4612,0.18282
7520,224.15823,0.18282
7521,234.33483,0.18282
7522,251.23505,0.18282
7523,277.89814,0.18282
7524,316.05651,0.18282
7525,252.91791,0.18282
7526,228.47563,0.18282
7527,225.16012,0.18282
7528,210.15046,0.18282
7529,219.31433,0.18282
7530,281.89086,0.18282
7531,217.30895,0.18282
7532,245.34841,0.18282
7533,233.6268,0.18282
7534,208.25034,0.18282
7535,194.78292,0.18282
7536,187.62101,0.18282
7537,180.19051,0.18282
7538,181.00831,0.18282
7539,179.48604,0.18282
7540,197.91442,0.18282
7541,204.47626,0.18282
7542,312.10214,0.18282
7543,296.2138,0.18282
7544,349.66295,0.18282
7545,369.34939,0.18282
7546,363.99485,0.18282
7547,400.0,28.112189
7548,400.0,53.854849
7549,383.11223,0.18282
7550,363.0857,0.18282
7551,270.39566,0.18282
7552,267.85629,0.18282
7553,278.16566,0.18282
7554,353.38185,0.18282
7555,284.09033,0.18282
7556,289.18954,0.18282
7557,270.67224,0.18282
7558,230.39586,0.18282
7559,188.67924,0.18282
7560,185.70586,0.18282
7561,178.04472,0.18282
7562,176.24596,0.18282
7563,175.81773,0.18282
7564,193.85147,0.18282
7565,219.73275,0.18282
7566,362.80573,0.18282
7567,367.50637,0.18282
7568,339.16679,0.18282
7569,339.00461,0.18282
7570,323.03908,0.18282
7571,365.52097,0.18282
7572,400.0,1.8760343
7573,347.77471,0.18282
7574,333.95359,0.18282
7575,239.84637,0.18282
7576,255.05434,0.18282
7577,271.81684,0.18282
7578,321.88259,0.18282
7579,303.47791,0.18282
7580,283.30364,0.18282
7581,298.96964,0.18282
7582,250.18538,0.18282
7583,205.54022,0.18282
7584,198.59178,0.18282
7585,196.29935,0.18282
7586,196.61123,0.18282
7587,196.42462,0.18282
7588,212.42959,0.18282
7589,237.90371,0.18282
7590,366.34109,0.18282
7591,332.24456,0.18282
7592,335.23747,0.18282
7593,343.27993,0.18282
7594,333.92544,0.18282
7595,365.51082,0.18282
7596,400.0,0.83483103
7597,342.47228,0.18282
7598,317.08526,0.18282
7599,234.36579,0.18282
7600,238.49455,0.18282
7601,258.04611,0.18282
7602,324.99622,0.18282
7603,279.25027,0.18282
7604,281.24106,0.18282
7605,293.02437,0.18282
7606,245.1442,0.18282
7607,205.81417,0.18282
7608,190.06479,0.18282
7609,189.32978,0.18282
7610,188.30117,0.18282
7611,187.94396,0.18282
7612,201.23257,0.18282
7613,219.65244,0.18282
7614,357.17027,0.18282
7615,359.48553,0.18282
7616,330.39917,0.18282
7617,326.62652,0.18282
7618,325.75587,0.18282
7619,365.29379,0.18282
7620,400.0,1.8968255
7621,347.54483,0.18282
7622,319.60955,0.18282
7623,237.00164,0.18282
7624,240.09333,0.18282
7625,278.93611,0.18282
7626,323.11328,0.18282
7627,257.1428,0.18282
7628,306.46446,0.18282
7629,293.60643,0.18282
7630,243.36795,0.18282
7631,200.88521,0.18282
7632,188.64425,0.18282
7633,188.26851,0.18282
7634,189.0526,0.18282
7635,188.50389,0.18282
7636,207.94825,0.18282
7637,223.96104,0.18282
7638,388.17375,0.18282
7639,351.37161,0.18282
7640,361.28893,0.18282
7641,345.68806,0.18282
7642,340.18969,0.18282
7643,373.00683,0.18282
7644,400.0,12.413211
7645,362.34883,0.18282
7646,352.25052,0.18282
7647,257.71904,0.18282
7648,258.81375,0.18282
7649,265.76832,0.18282
7650,342.45708,0.18282
7651,277.60216,0.18282
7652,317.93833,0.18282
7653,287.45475,0.18282
7654,264.45084,0.18282
7655,209.26837,0.18282
7656,196.58059,0.18282
7657,191.75917,0.18282
7658,186.45119,0.18282
7659,187.6452,0.18282
7660,205.59668,0.18282
7661,226.38542,0.18282
7662,364.25646,0.18282
7663,321.74696,0.18282
7664,266.18705,0.18282
7665,246.90253,0.18282
7666,226.93568,0.18282
7667,265.90903,0.18282
7668,305.13637,0.18282
7669,256.03101,0.18282
7670,238.99597,0.18282
7671,250.36493,0.18282
7672,249.48888,0.18282
7673,248.77458,0.18282
7674,304.20018,0.18282
7675,231.61729,0.18282
7676,254.33711,0.18282
7677,268.19355,0.18282
7678,221.75861,0.18282
7679,208.72741,0.18282
7680,196.10565,0.18282
7681,195.07004,0.18282
7682,192.37902,0.18282
7683,188.79621,0.18282
7684,189.33181,0.18282
7685,194.22953,0.18282
7686,282.43501,0.18282
7687,268.65446,0.18282
7688,242.71007,0.18282
7689,258.51969,0.18282
7690,252.10736,0.18282
7691,308.64872,0.18282
7692,355.12389,0.18282
7693,272.07185,0.18282
7694,237.15972,0.18282
7695,246.92668,0.18282
7696,240.30705,0.18282
7697,246.89047,0.18282
7698,305.68826,0.18282
7699,235.35456,0.18282
7700,246.59097,0.18282
7701,245.5565,0.18282
7702,207.56082,0.18282
7703,208.67095,0.18282
7704,201.43675,0.18282
7705,196.54077,0.18282
7706,200.11761,0.18282
7707,203.45688,0.18282
7708,218.48647,0.18282
7709,223.16804,0.18282
7710,333.98427,0.18282
7711,320.1114,0.18282
7712,369.93493,0.18282
7713,394.99636,0.18282
7714,396.87777,0.18282
7715,400.0,33.894415
7716,400.0,58.499036
7717,400.0,31.576766
7718,388.08612,0.18282
7719,300.45722,0.18282
7720,309.28592,0.18282
7721,309.52642,0.18282
7722,354.74552,0.18282
7723,280.01933,0.18282
7724,325.89671,0.18282
7725,295.96032,0.18282
7726,260.78821,0.18282
7727,220.72033,0.18282
7728,215.31285,0.18282
7729,211.14478,0.18282
7730,211.6647,0.18282
7731,211.42405,0.18282
7732,228.03824,0.18282
7733,253.49086,0.18282
7734,400.0,10.946801
7735,384.6601,0.18282
7736,384.62287,0.18282
7737,371.48745,0.18282
7738,369.73897,0.18282
7739,400.0,13.821043
7740,400.0,55.03513
7741,385.60286,0.18282
7742,357.92016,0.18282
7743,266.83339,0.18282
7744,274.96169,0.18282
7745,291.03156,0.18282
7746,356.30479,0.18282
7747,308.7851,0.18282
7748,320.60694,0.18282
7749,325.61969,0.18282
7750,271.60513,0.18282
7751,226.81748,0.18282
7752,216.30614,0.18282
7753,216.55072,0.18282
7754,215.73946,0.18282
7755,215.53384,0.18282
7756,231.91062,0.18282
7757,254.06707,0.18282
7758,391.39887,0.18282
7759,362.89186,0.18282
7760,378.54483,0.18282
7761,369.16042,0.18282
7762,350.56975,0.18282
7763,384.31426,0.18282
7764,400.0,27.109714
7765,375.32086,0.18282
7766,347.23642,0.18282
7767,249.86864,0.18282
7768,263.01467,0.18282
7769,288.90644,0.18282
7770,352.64289,0.18282
7771,309.83519,0.18282
7772,317.25739,0.18282
7773,346.00482,0.18282
7774,319.12265,0.18282
7775,294.33162,0.18282
7776,295.04544,0.18282
7777,292.92944,0.18282
7778,289.37576,0.18282
7779,288.58929,0.18282
7780,301.28167,0.18282
7781,326.15819,0.18282
7782,400.0,81.52575
7783,400.0,50.095048
7784,400.0,36.507123
7785,400.0,30.692283
7786,400.0,19.724929
7787,400.0,56.852366
7788,400.0,95.946878
7789,400.0,39.468122
7790,400.0,18.948007
7791,333.16166,0.18282
7792,338.51544,0.18282
7793,365.71861,0.18282
7794,400.0,67.577995
7795,375.72473,0.18282
7796,374.9807,0.18282
7797,327.61755,0.18282
7798,300.00469,0.18282
7799,223.10459,0.18282
7800,219.77049,0.18282
7801,236.15688,0.18282
7802,239.24454,0.18282
7803,238.13427,0.18282
7804,257.75582,0.18282
7805,275.08269,0.18282
7806,400.0,39.111999
7807,400.0,29.511291
7808,400.0,25.129472
7809,400.0,21.007942
7810,400.0,6.7003056
7811,400.0,45.158528
7812,400.0,77.855872
7813,400.0,28.890543
7814,392.04588,0.18282
7815,309.59291,0.18282
7816,315.31904,0.18282
7817,315.82153,0.18282
7818,385.11939,0.18282
7819,327.3473,0.18282
7820,344.2515,0.18282
7821,339.10127,0.18282
7822,299.20126,0.18282
7823,252.02984,0.18282
7824,241.56253,0.18282
7825,238.46228,0.18282
7826,239.09593,0.18282
7827,243.44298,0.18282
7828,259.20498,0.18282
7829,276.52743,0.18282
7830,400.0,32.458078
7831,396.8766,0.18282
7832,323.78015,0.18282
7833,300.41404,0.18282
7834,321.53744,0.18282
7835,335.12457,0.18282
7836,374.34035,0.18282
7837,323.78174,0.18282
7838,290.58938,0.18282
7839,302.1278,0.18282
7840,290.71674,0.18282
7841,311.12199,0.18282
7842,374.92141,0.18282
7843,311.49239,0.18282
7844,307.87906,0.18282
7845,304.04004,0.18282
7846,269.34513,0.18282
7847,248.38835,0.18282
7848,244.73074,0.18282
7849,245.51057,0.18282
7850,237.43211,0.18282
7851,236.25947,0.18282
7852,236.17696,0.18282
7853,244.16119,0.18282
7854,333.43418,0.18282
7855,327.48451,0.18282
7856,294.21457,0.18282
7857,312.29249,0.18282
7858,334.06246,0.18282
7859,339.15506,0.18282
7860,376.59984,0.18282
7861,328.86196,0.18282
7862,287.7638,0.18282
7863,297.70095,0.18282
7864,295.94581,0.18282
7865,296.95459,0.18282
7866,339.79783,0.18282
7867,265.69221,0.18282
7868,272.92535,0.18282
7869,273.2518,0.18282
7870,255.30007,0.18282
7871,236.10511,0.18282
7872,230.05054,0.18282
7873,219.21177,0.18282
7874,219.66377,0.18282
7875,219.97873,0.18282
7876,237.93796,0.18282
7877,241.69483,0.18282
7878,353.64155,0.18282
7879,344.18323,0.18282
7880,399.03955,0.18282
7881,400.0,17.734249
7882,400.0,41.310805
7883,400.0,68.835329
7884,400.0,81.481835
7885,400.0,53.37004
7886,400.0,55.279483
7887,342.5154,0.18282
7888,320.48356,0.18282
7889,319.69601,0.18282
7890,400.0,6.8729275
7891,322.68362,0.18282
7892,352.29921,0.18282
7893,352.64275,0.18282
7894,304.0059,0.18282
7895,251.83958,0.18282
7896,240.61362,0.18282
7897,236.39918,0.18282
7898,234.47742,0.18282
7899,236.3394,0.18282
7900,252.71533,0.18282
7901,275.23528,0.18282
7902,400.0,52.092924
7903,400.0,10.830951
7904,400.0,6.8640696
7905,394.50234,0.18282
7906,399.50736,0.18282
7907,400.0,29.249452
7908,400.0,86.565655
7909,400.0,24.0174
7910,392.69118,0.18282
7911,303.11691,0.18282
7912,308.32289,0.18282
7913,331.65011,0.18282
7914,400.0,17.258359
7915,348.38267,0.18282
7916,348.08797,0.18282
7917,358.00686,0.18282
7918,310.49953,0.18282
7919,271.08572,0.18282
7920,259.00792,0.18282
7921,254.30803,0.18282
7922,256.01885,0.18282
7923,257.86214,0.18282
7924,272.45624,0.18282
7925,299.80819,0.18282
7926,400.0,61.577748
7927,400.0,6.1587578
7928,400.0,17.997768
7929,400.0,12.959323
7930,392.05332,0.18282
7931,400.0,28.021055
7932,400.0,60.932403
7933,400.0,13.625304
7934,393.05025,0.18282
7935,309.31685,0.18282
7936,312.8826,0.18282
7937,331.61951,0.18282
7938,400.0,18.171714
7939,339.09248,0.18282
7940,358.07756,0.18282
7941,369.73616,0.18282
7942,329.02181,0.18282
7943,277.3796,0.18282
7944,264.16981,0.18282
7945,265.01252,0.18282
7946,269.51468,0.18282
7947,269.4766,0.18282
7948,281.45653,0.18282
7949,305.81342,0.18282
7950,400.0,65.155912
7951,400.0,44.799543
7952,400.0,38.914165
7953,400.0,22.835697
7954,400.0,10.164484
7955,400.0,38.901725
7956,400.0,73.016953
7957,400.0,11.395646
7958,396.46328,0.18282
7959,313.86405,0.18282
7960,313.73931,0.18282
7961,347.03522,0.18282
7962,400.0,14.982793
7963,352.36899,0.18282
7964,384.96235,0.18282
7965,374.47187,0.18282
7966,338.08782,0.18282
7967,279.62289,0.18282
7968,255.62118,0.18282
7969,245.0774,0.18282
7970,242.7068,0.18282
7971,239.89631,0.18282
7972,254.42689,0.18282
7973,272.67654,0.18282
7974,400.0,41.751737
7975,400.0,25.846598
7976,400.0,21.436271
7977,400.0,0.81337973
7978,382.51141,0.18282
7979,400.0,36.041021
7980,400.0,72.641284
7981,400.0,20.857984
7982,387.02834,0.18282
7983,300.50448,0.18282
7984,300.33545,0.18282
7985,307.04228,0.18282
7986,393.97481,0.18282
7987,354.69448,0.18282
7988,336.23594,0.18282
7989,353.72495,0.18282
7990,291.74785,0.18282
7991,250.59977,0.18282
7992,240.92108,0.18282
7993,238.35423,0.18282
7994,235.79484,0.18282
7995,234.17857,0.18282
7996,251.3122,0.18282
7997,268.81889,0.18282
7998,400.0,10.474357
7999,396.73895,0.18282
8000,310.58061,0.18282
8001,294.221,0.18282
8002,291.17364,0.18282
8003,326.93727,0.18282
8004,355.40319,0.18282
8005,317.79284,0.18282
8006,280.69155,0.18282
8007,284.2827,0.18282
8008,299.31273,0.18282
8009,305.88474,0.18282
8010,361.9699,0.18282
8011,306.12486,0.18282
8012,303.68669,0.18282
8013,308.52838,0.18282
8014,271.59234,0.18282
8015,251.87934,0.18282
8016,253.50419,0.18282
8017,241.36473,0.18282
8018,240.01261,0.18282
8019,240.88971,0.18282
8020,246.49634,0.18282
8021,253.50827,0.18282
8022,346.28793,0.18282
8023,344.396,0.18282
8024,295.23744,0.18282
8025,344.85732,0.18282
8026,335.69169,0.18282
8027,367.46954,0.18282
8028,400.0,3.8120362
8029,356.16751,0.18282
8030,304.57904,0.18282
8031,302.89279,0.18282
8032,307.68107,0.18282
8033,306.28707,0.18282
8034,356.07169,0.18282
8035,283.83764,0.18282
8036,295.04586,0.18282
8037,289.12982,0.18282
8038,252.29004,0.18282
8039,249.01487,0.18282
8040,232.46884,0.18282
8041,230.71314,0.18282
8042,229.58774,0.18282
8043,225.02036,0.18282
8044,238.29772,0.18282
8045,240.81482,0.18282
8046,353.37504,0.18282
8047,347.39142,0.18282
8048,400.0,10.395322
8049,400.0,23.841661
8050,400.0,15.006626
8051,400.0,69.935961
8052,400.0,106.30253
8053,400.0,42.842922
8054,400.0,16.787971
8055,317.23041,0.18282
8056,313.17725,0.18282
8057,311.9935,0.18282
8058,390.5904,0.18282
8059,312.86867,0.18282
8060,344.09726,0.18282
8061,323.44892,0.18282
8062,277.69856,0.18282
8063,241.48702,0.18282
8064,226.05756,0.18282
8065,222.32275,0.18282
8066,222.31254,0.18282
8067,223.51592,0.18282
8068,237.19366,0.18282
8069,264.26086,0.18282
8070,400.0,46.69546
8071,400.0,9.7734531
8072,400.0,7.9101256
8073,382.22056,0.18282
8074,383.23036,0.18282
8075,400.0,33.894368
8076,400.0,62.648541
8077,400.0,3.4718814
8078,374.78275,0.18282
8079,293.87436,0.18282
8080,293.64277,0.18282
8081,299.55029,0.18282
8082,376.69987,0.18282
8083,296.54814,0.18282
8084,331.14529,0.18282
8085,343.45895,0.18282
8086,279.04411,0.18282
8087,228.19953,0.18282
8088,226.11859,0.18282
8089,223.66723,0.18282
8090,221.88556,0.18282
8091,220.58444,0.18282
8092,231.68176,0.18282
8093,253.26187,0.18282
8094,400.0,28.132703
8095,390.92795,0.18282
8096,376.76023,0.18282
8097,366.94358,0.18282
8098,356.75816,0.18282
8099,396.65486,0.18282
8100,400.0,43.967036
8101,380.42472,0.18282
8102,368.79608,0.18282
8103,288.45119,0.18282
8104,285.99798,0.18282
8105,287.0533,0.18282
8106,376.96518,0.18282
8107,318.67258,0.18282
8108,335.45319,0.18282
8109,327.77921,0.18282
8110,287.09539,0.18282
8111,235.62009,0.18282
8112,228.22262,0.18282
8113,230.74817,0.18282
8114,233.68233,0.18282
8115,235.07572,0.18282
8116,252.76402,0.18282
8117,278.84542,0.18282
8118,400.0,32.897913
8119,400.0,7.0822171
8120,393.45688,0.18282
8121,391.90786,0.18282
8122,387.54767,0.18282
8123,400.0,22.876385
8124,400.0,64.013402
8125,400.0,6.9279403
8126,376.92023,0.18282
8127,298.46206,0.18282
8128,314.42714,0.18282
8129,351.01736,0.18282
8130,393.91714,0.18282
8131,340.09438,0.18282
8132,362.49512,0.18282
8133,359.59159,0.18282
8134,319.99906,0.18282
8135,284.29343,0.18282
8136,272.32027,0.18282
8137,271.80719,0.18282
8138,266.51717,0.18282
8139,263.03137,0.18282
8140,281.7873,0.18282
8141,292.54089,0.18282
8142,400.0,62.915595
8143,400.0,42.436435
8144,400.0,47.500226
8145,400.0,24.543067
8146,400.0,13.169027
8147,400.0,64.050818
8148,400.0,104.67888
8149,400.0,33.415808
8150,400.0,29.479187
8151,333.43981,0.18282
8152,341.51503,0.18282
8153,355.68327,0.18282
8154,400.0,15.292756
8155,352.97026,0.18282
8156,359.07426,0.18282
8157,356.38937,0.18282
8158,326.83797,0.18282
8159,272.24112,0.18282
8160,262.35525,0.18282
8161,256.30302,0.18282
8162,256.82247,0.18282
8163,257.61166,0.18282
8164,277.27822,0.18282
8165,295.45348,0.18282
8166,400.0,36.08456
8167,400.0,29.582369
8168,337.86139,0.18282
8169,319.18905,0.18282
8170,310.26362,0.18282
8171,348.59563,0.18282
8172,383.81004,0.18282
8173,324.59566,0.18282
8174,318.78637,0.18282
8175,317.79012,0.18282
8176,317.29591,0.18282
8177,309.20452,0.18282
8178,382.46305,0.18282
8179,315.96144,0.18282
8180,315.93476,0.18282
8181,332.20964,0.18282
8182,297.07097,0.18282
8183,275.17702,0.18282
8184,266.24382,0.18282
8185,259.12818,0.18282
8186,250.05392,0.18282
8187,245.55404,0.18282
8188,241.07107,0.18282
8189,243.16345,0.18282
8190,336.29704,0.18282
8191,320.84791,0.18282
8192,279.82902,0.18282
8193,301.6133,0.18282
8194,324.30883,0.18282
8195,354.72715,0.18282
8196,390.00898,0.18282
8197,339.24132,0.18282
8198,290.77247,0.18282
8199,304.7971,0.18282
8200,283.34713,0.18282
8201,286.61976,0.18282
8202,350.21121,0.18282
8203,282.27048,0.18282
8204,289.50583,0.18282
8205,280.43789,0.18282
8206,260.96604,0.18282
8207,252.37221,0.18282
8208,238.52861,0.18282
8209,235.03468,0.18282
8210,228.87981,0.18282
8211,227.35846,0.18282
8212,243.785,0.18282
8213,246.2996,0.18282
8214,356.41663,0.18282
8215,343.75865,0.18282
8216,397.80647,0.18282
8217,400.0,25.113765
8218,400.0,28.962725
8219,400.0,92.981578
8220,400.0,97.359366
8221,400.0,45.218843
8222,399.29934,0.18282
8223,326.38214,0.18282
8224,324.97859,0.18282
8225,322.54909,0.18282
8226,379.95846,0.18282
8227,326.11401,0.18282
8228,338.17323,0.18282
8229,330.99735,0.18282
8230,283.76606,0.18282
8231,245.14742,0.18282
8232,241.43037,0.18282
8233,228.04573,0.18282
8234,229.87687,0.18282
8235,231.84092,0.18282
8236,244.39935,0.18282
8237,260.74454,0.18282
8238,400.0,51.760292
8239,400.0,5.4859342
8240,400.0,2.4623311
8241,400.0,4.0468434
8242,398.69415,0.18282
8243,400.0,41.001467
8244,400.0,73.622633
8245,400.0,28.391956
8246,397.55822,0.18282
8247,298.45276,0.18282
8248,298.31421,0.18282
8249,312.514,0.18282
8250,367.5357,0.18282
8251,304.02872,0.18282
8252,320.86762,0.18282
8253,327.74906,0.18282
8254,282.2777,0.18282
8255,224.74705,0.18282
8256,216.20773,0.18282
8257,214.6153,0.18282
8258,213.9786,0.18282
8259,217.66263,0.18282
8260,234.00808,0.18282
8261,250.38418,0.18282
8262,400.0,19.804924
8263,359.6696,0.18282
8264,364.79031,0.18282
8265,362.91557,0.18282
8266,357.02871,0.18282
8267,399.00967,0.18282
8268,400.0,34.610866
8269,386.3152,0.18282
8270,362.34565,0.18282
8271,281.70023,0.18282
8272,269.74791,0.18282
8273,280.75191,0.18282
8274,357.93469,0.18282
8275,285.64132,0.18282
8276,312.97963,0.18282
8277,325.31872,0.18282
8278,272.04196,0.18282
8279,229.5847,0.18282
8280,231.73079,0.18282
8281,222.64854,0.18282
8282,222.39353,0.18282
8283,223.81468,0.18282
8284,239.09915,0.18282
8285,263.38629,0.18282
8286,400.0,13.646819
8287,385.99142,0.18282
8288,385.87031,0.18282
8289,380.86882,0.18282
8290,378.19915,0.18282
8291,400.0,15.399297
8292,400.0,63.013703
8293,400.0,0.8341886
8294,380.85414,0.18282
8295,294.52602,0.18282
8296,292.638,0.18282
8297,316.29366,0.18282
8298,377.42087,0.18282
8299,314.98045,0.18282
8300,341.24251,0.18282
8301,349.43615,0.18282
8302,300.86601,0.18282
8303,244.177,0.18282
8304,242.04371,0.18282
8305,234.74767,0.18282
8306,233.02739,0.18282
8307,237.54221,0.18282
8308,258.29394,0.18282
8309,278.47524,0.18282
8310,400.0,57.503411
8311,400.0,1.7656395
8312,400.0,19.295844
8313,400.0,13.201686
8314,400.0,7.7451286
8315,400.0,35.812922
8316,400.0,82.92844
8317,400.0,44.319561
8318,400.0,13.237215
8319,336.36731,0.18282
8320,331.97281,0.18282
8321,320.24402,0.18282
8322,400.0,8.0442822
8323,361.59846,0.18282
8324,364.38462,0.18282
8325,349.23385,0.18282
8326,310.47669,0.18282
8327,268.59354,0.18282
8328,249.08744,0.18282
8329,248.68904,0.18282
8330,247.4031,0.18282
8331,243.3196,0.18282
8332,259.39822,0.18282
8333,282.49073,0.18282
8334,400.0,23.179745
8335,385.67695,0.18282
8336,313.35389,0.18282
8337,301.5364,0.18282
8338,302.3459,0.18282
8339,327.54262,0.18282
8340,381.24998,0.18282
8341,320.87844,0.18282
8342,299.86288,0.18282
8343,318.37122,0.18282
8344,323.81611,0.18282
8345,323.65946,0.18282
8346,379.4759,0.18282
8347,313.40388,0.18282
8348,321.11918,0.18282
8349,324.03859,0.18282
8350,290.55788,0.18282
8351,261.71205,0.18282
8352,257.16845,0.18282
8353,249.72795,0.18282
8354,246.95697,0.18282
8355,249.45401,0.18282
8356,247.64814,0.18282
8357,249.74504,0.18282
8358,347.72568,0.18282
8359,329.07348,0.18282
8360,300.93063,0.18282
8361,319.63135,0.18282
8362,317.35434,0.18282
8363,383.12268,0.18282
8364,400.0,27.902354
8365,333.32746,0.18282
8366,309.32969,0.18282
8367,303.90228,0.18282
8368,326.6782,0.18282
8369,316.30069,0.18282
8370,361.9806,0.18282
8371,310.42475,0.18282
8372,320.51134,0.18282
8373,293.60922,0.18282
8374,267.4352,0.18282
8375,259.43455,0.18282
8376,250.71674,0.18282
8377,248.0708,0.18282
8378,243.89831,0.18282
8379,247.95028,0.18282
8380,260.59752,0.18282
8381,266.0692,0.18282
8382,377.98071,0.18282
8383,371.29848,0.18282
8384,400.0,35.86234
8385,400.0,44.706861
8386,400.0,51.232586
8387,400.0,82.80279
8388,400.0,129.36017
8389,400.0,45.918621
8390,400.0,10.433614
8391,346.52642,0.18282
8392,326.00117,0.18282
8393,339.57679,0.18282
8394,400.0,11.027867
8395,351.95344,0.18282
8396,353.60371,0.18282
8397,337.03744,0.18282
8398,310.41303,0.18282
8399,259.33689,0.18282
8400,248.57139,0.18282
8401,243.765,0.18282
8402,246.89647,0.18282
8403,248.35003,0.18282
8404,261.49128,0.18282
8405,290.81311,0.18282
8406,400.0,76.079515
8407,400.0,41.842364
8408,400.0,30.847935
8409,400.0,17.368322
8410,400.0,17.194294
8411,400.0,41.98302
8412,400.0,85.182793
8413,400.0,21.559646
8414,400.0,6.2349499
8415,328.49104,0.18282
8416,315.88855,0.18282
8417,342.62383,0.18282
8418,381.53095,0.18282
8419,348.07766,0.18282
8420,360.66485,0.18282
8421,345.62694,0.18282
8422,318.47253,0.18282
8423,256.50605,0.18282
8424,244.23893,0.18282
8425,231.30333,0.18282
8426,227.03465,0.18282
8427,226.96413,0.18282
8428,243.54303,0.18282
8429,272.36914,0.18282
8430,400.0,24.3153
8431,370.80564,0.18282
8432,374.28908,0.18282
8433,369.95153,0.18282
8434,361.2433,0.18282
8435,400.0,7.47312
8436,400.0,36.785021
8437,379.87179,0.18282
8438,356.60999,0.18282
8439,275.45968,0.18282
8440,290.68904,0.18282
8441,304.3258,0.18282
8442,357.83599,0.18282
8443,289.07917,0.18282
8444,336.82018,0.18282
8445,328.28191,0.18282
8446,298.49075,0.18282
8447,265.01015,0.18282
8448,244.78787,0.18282
8449,251.57869,0.18282
8450,250.95611,0.18282
8451,249.02823,0.18282
8452,259.5081,0.18282
8453,280.23391,0.18282
8454,400.0,26.226581
8455,399.2851,0.18282
8456,395.42416,0.18282
8457,383.7343,0.18282
8458,376.25438,0.18282
8459,400.0,16.146828
8460,400.0,53.840304
8461,397.30792,0.18282
8462,371.46487,0.18282
8463,291.2525,0.18282
8464,297.40862,0.18282
8465,304.92257,0.18282
8466,364.11831,0.18282
8467,315.25839,0.18282
8468,339.59287,0.18282
8469,325.46997,0.18282
8470,288.81802,0.18282
8471,240.8198,0.18282
8472,232.84683,0.18282
8473,222.89309,0.18282
8474,224.51006,0.18282
8475,227.76918,0.18282
8476,247.82422,0.18282
8477,266.57055,0.18282
8478,400.0,15.344348
8479,400.0,26.026264
8480,400.0,23.748516
8481,400.0,4.7995947
8482,400.0,12.551289
8483,400.0,38.485949
8484,400.0,81.812125
8485,400.0,29.379414
8486,400.0,13.926722
8487,314.04695,0.18282
8488,316.77644,0.18282
8489,320.51316,0.18282
8490,400.0,5.7645434
8491,353.17578,0.18282
8492,365.36462,0.18282
8493,367.79815,0.18282
8494,322.59113,0.18282
8495,271.66884,0.18282
8496,261.94255,0.18282
8497,257.68144,0.18282
8498,253.83996,0.18282
8499,256.48986,0.18282
8500,270.75586,0.18282
8501,296.63957,0.18282
8502,400.0,5.8458538
8503,400.0,11.503495
8504,339.04863,0.18282
8505,342.0015,0.18282
8506,329.40262,0.18282
8507,360.25201,0.18282
8508,395.60564,0.18282
8509,349.15595,0.18282
8510,323.37966,0.18282
8511,330.56865,0.18282
8512,327.30453,0.18282
8513,312.38347,0.18282
8514,400.0,5.3579433
8515,317.1735,0.18282
8516,329.8416,0.18282
8517,347.51162,0.18282
8518,305.05085,0.18282
8519,279.60491,0.18282
8520,276.41779,0.18282
8521,271.95115,0.18282
8522,275.98598,0.18282
8523,273.34518,0.18282
8524,274.99289,0.18282
8525,282.49155,0.18282
8526,372.50032,0.18282
8527,349.87661,0.18282
8528,329.82059,0.18282
8529,327.03814,0.18282
8530,385.20932,0.18282
8531,365.72259,0.18282
8532,400.0,6.0124832
8533,364.573,0.18282
8534,337.12432,0.18282
8535,331.72965,0.18282
8536,333.4574,0.18282
8537,322.36931,0.18282
8538,376.90207,0.18282
8539,304.00287,0.18282
8540,322.75056,0.18282
8541,327.20545,0.18282
8542,299.20786,0.18282
8543,285.26297,0.18282
8544,295.91258,0.18282
8545,272.11906,0.18282
8546,269.40583,0.18282
8547,265.20009,0.18282
8548,281.97918,0.18282
8549,284.91487,0.18282
8550,398.63344,0.18282
8551,384.45605,0.18282
8552,400.0,33.010323
8553,400.0,48.430977
8554,400.0,79.635872
8555,400.0,129.63951
8556,400.0,115.73518
8557,400.0,61.309487
8558,400.0,34.567767
8559,355.95361,0.18282
8560,350.85569,0.18282
8561,358.59013,0.18282
8562,400.0,2.7736755
8563,340.04558,0.18282
8564,375.67209,0.18282
8565,349.3183,0.18282
8566,321.46338,0.18282
8567,290.61185,0.18282
8568,273.24715,0.18282
8569,273.72136,0.18282
8570,275.65095,0.18282
8571,275.87048,0.18282
8572,294.68646,0.18282
8573,299.90358,0.18282
8574,400.0,10.218186
8575,391.99317,0.18282
8576,400.0,30.871523
8577,400.0,70.637016
8578,400.0,114.88976
8579,400.0,136.90647
8580,400.0,192.84523
8581,400.0,93.356357
8582,400.0,52.387002
8583,361.32168,0.18282
8584,346.91577,0.18282
8585,351.0726,0.18282
8586,400.0,5.3774327
8587,334.54814,0.18282
8588,358.834,0.18282
8589,356.23301,0.18282
8590,319.95726,0.18282
8591,283.49211,0.18282
8592,277.0798,0.18282
8593,271.88013,0.18282
8594,265.98695,0.18282
8595,262.40954,0.18282
8596,273.04375,0.18282
8597,275.87555,0.18282
8598,373.64238,0.18282
8599,355.40234,0.18282
8600,400.0,1.015877
8601,400.0,6.010324
8602,400.0,16.060622
8603,400.0,51.428041
8604,400.0,80.967787
8605,400.0,46.278686
8606,391.42978,0.18282
8607,331.73557,0.18282
8608,306.65063,0.18282
8609,311.47673,0.18282
8610,373.52779,0.18282
8611,289.59577,0.18282
8612,323.41137,0.18282
8613,330.27183,0.18282
8614,289.56862,0.18282
8615,254.21679,0.18282
8616,239.21903,0.18282
8617,234.20195,0.18282
8618,233.06511,0.18282
8619,231.34183,0.18282
8620,249.59763,0.18282
8621,252.10071,0.18282
8622,355.63585,0.18282
8623,338.96732,0.18282
8624,390.25716,0.18282
8625,391.91915,0.18282
8626,400.0,14.381256
8627,400.0,68.53632
8628,400.0,95.108245
8629,400.0,58.509934
8630,400.0,11.7853
8631,316.13387,0.18282
8632,321.69492,0.18282
8633,337.85675,0.18282
8634,384.39668,0.18282
8635,319.20966,0.18282
8636,335.49903,0.18282
8637,323.30749,0.18282
8638,297.69198,0.18282
8639,247.68456,0.18282
8640,244.49676,0.18282
8641,243.79058,0.18282
8642,247.61035,0.18282
8643,245.79447,0.18282
8644,264.96923,0.18282
8645,272.34782,0.18282
8646,384.85692,0.18282
8647,392.85048,0.18282
8648,400.0,21.434061
8649,400.0,30.914873
8650,400.0,24.51824
8651,400.0,63.481079
8652,400.0,132.44469
8653,400.0,53.953642
8654,400.0,8.3963167
8655,327.79743,0.18282
8656,325.06787,0.18282
8657,322.75637,0.18282
8658,400.0,5.7709933
8659,320.22817,0.18282
8660,350.97482,0.18282
8661,343.70448,0.18282
8662,305.49466,0.18282
8663,280.56094,0.18282
8664,255.11347,0.18282
8665,247.7633,0.18282
8666,248.51686,0.18282
8667,249.3984,0.18282
8668,265.32339,0.18282
8669,279.53803,0.18282
8670,363.10831,0.18282
8671,354.81023,0.18282
8672,306.70052,0.18282
8673,314.05799,0.18282
8674,305.93268,0.18282
8675,368.16608,0.18282
8676,386.44067,0.18282
8677,330.54892,0.18282
8678,290.62259,0.18282
8679,296.52856,0.18282
8680,297.69179,0.18282
8681,308.12208,0.18282
8682,369.06369,0.18282
8683,305.28664,0.18282
8684,316.63014,0.18282
8685,305.93925,0.18282
8686,279.6107,0.18282
8687,259.19483,0.18282
8688,264.6831,0.18282
8689,259.06373,0.18282
8690,255.71931,0.18282
8691,255.40926,0.18282
8692,253.6906,0.18282
8693,267.29388,0.18282
8694,340.52182,0.18282
8695,326.54483,0.18282
8696,287.32373,0.18282
8697,298.64025,0.18282
8698,316.71235,0.18282
8699,355.09521,0.18282
8700,359.60865,0.18282
8701,324.73536,0.18282
8702,291.95294,0.18282
8703,279.41428,0.18282
8704,294.03833,0.18282
8705,275.00021,0.18282
8706,341.3319,0.18282
8707,287.85817,0.18282
8708,290.96292,0.18282
8709,288.95604,0.18282
8710,263.71391,0.18282
8711,260.48331,0.18282
8712,248.71897,0.18282
8713,246.22605,0.18282
8714,245.3839,0.18282
8715,244.40134,0.18282
8716,258.62846,0.18282
8717,267.14538,0.18282
8718,365.44018,0.18282
8719,348.75943,0.18282
8720,394.91323,0.18282
8721,400.0,19.565015
8722,400.0,13.081459
8723,400.0,65.343116
8724,400.0,104.06163
8725,400.0,57.014171
8726,400.0,1.4488858
8727,318.74889,0.18282
8728,308.88639,0.18282
8729,312.37633,0.18282
8730,391.15174,0.18282
8731,310.9745,0.18282
8732,312.69054,0.18282
8733,292.71344,0.18282
8734,267.65007,0.18282
8735,240.66673,0.18282
8736,181.47626,0.18282
8737,183.17805,0.18282
8738,184.10834,0.18282
8739,183.66698,0.18282
8740,198.7464,0.18282
8741,199.68608,0.18282
8742,353.31238,0.18282
8743,330.96535,0.18282
8744,315.62629,0.18282
8745,319.20672,0.18282
8746,323.1446,0.18282
8747,359.0908,0.18282
8748,400.0,48.011894
8749,390.02075,0.18282
8750,311.97003,0.18282
8751,226.22641,0.18282
8752,224.9901,0.18282
8753,225.9586,0.18282
8754,285.57086,0.18282
8755,218.12618,0.18282
8756,293.72723,0.18282
8757,295.3768,0.18282
8758,296.39433,0.18282
8759,296.51796,0.18282
8760,,
